,Year,Mo,Dy,Hr,Mn,Sec,Tsu,Vol,Location Name,Latitude,Longitude,Focal Depth (km),Mag,MMI Int,Deaths,Death Description,Missing,Missing Description,Injuries,Injuries Description,Damage ($Mil),Damage Description,Houses Destroyed,Houses Destroyed Description,Houses Damaged,Houses Damaged Description,Total Deaths,Total Death Description,Total Missing,Total Missing Description,Total Injuries,Total Injuries Description,Total Damage ($Mil),Total Damage Description,Total Houses Destroyed,Total Houses Destroyed Description,Total Houses Damaged,Total Houses Damaged Description
,,,,,,,,,,,,,,,,,,,,,,,,,,,,,,,,,,,,,,
,-2000,,,,,,,,TURKMENISTAN:  W,38,58.2,18,7.1,10,1,1,,,,,,1,,1,,,1,1,,,,,,1,,1,,
,-426,6,,,,,10,,GREECE:  EUBOEA,38.9,22.7,,7.1,10,2500,4,,,,,,3,,3,,,2500,4,,,,,,3,,3,,
,-373,,,,,,11,,GREECE,38.25,22.25,,7.3,11,,3,,,,,,3,,3,,,,3,,,,,,3,,3,,
,-227,,,,,,3092,,GREECE:  DODECANESE ISLANDS,36.3,28.3,100,7.2,10,,1,,,,,,1,,1,,,,1,,,,,,1,,1,,
,-216,,,,,,5382,,SPAIN:  CADIZ,36.2,-7.17,,,,,1,,,,,,2,,1,,,,1,,,,,,2,,1,,
,-47,4,17,,,,,,CHINA:  GANSU PROVINCE:  LONGXI,34.9,104.7,,,9,,3,,,,,,2,,3,,,,3,,,,,,2,,3,,
,-26,,,,,,,,CHINA:  SICHUAN:  YIBIN,28.8,104.6,,5.5,7,13,1,,,,,,2,,,,,13,1,,,,,,2,,,,
,37,4,9,,,,,,TURKEY:  ANTAKYA (ANTIOCH),36.1,36.1,,,,,3,,,,,,4,,,,,,3,,,,,,4,,,,
,46,10,23,,,,,,CHINA:  HENAN PROVINCE:  NANYANG,33,112.5,,6.5,8,,2,,,,,,2,,2,,,,2,,,,,,2,,2,,
,89,,,,,,,,SOUTH KOREA:  KWANGJU,35.9,126.5,,6.3,8,,3,,,,,,2,,2,,,,3,,,,,,2,,2,,
,100,,,,,,,,SOUTH KOREA:  KYONGJU,35.8,129.2,,6.3,8,,3,,,,,,2,,3,,,,3,,,,,,2,,3,,
,115,12,13,,,,4396,,TURKEY:  ANTAKYA (ANTIOCH),36.1,36.1,,7.5,11,260000,4,,,,,,4,,,,,260000,4,,,,,,4,,,,
,120,,,,,,3096,,"TURKEY: NICOMEDIA, NICAEA",40.77,29.92,,7.2,9,,3,,,,,,2,,3,,,,3,,,,,,2,,3,,
,128,2,23,,,,,,CHINA:  GANSU PROVINCE:  GANGU,34.7,105.4,,6.5,8,,2,,,,,,2,,2,,,,2,,,,,,2,,2,,
,138,3,1,,,,,,CHINA:  GANSU PROVINCE,35.8,103.5,,6.8,9,,3,,,,,,3,,3,,,,3,,,,,,3,,3,,
,143,10,,,,,,,CHINA:  GANSU PROVINCE,34.7,105.3,,7,9,,1,,,,,,1,,,,,,1,,,,,,1,,,,
,177,,,,,,,,"TURKEY: IZMIR, AEGEAN ISLANDS",38.6,26.65,,,7,,3,,,,,,2,,,,,,3,,,,,,2,,,,
,262,,,,,,31,,TURKEY:  S COASTS; LIBYA,36.6,30,,,,,3,,,,,,2,,3,,,,3,,,,,,2,,3,,
,304,,,,,,,,SOUTH KOREA:  KYONGJU,35.5,129.1,,6.3,8,,3,,,,,,2,,2,,,,3,,,,,,2,,2,,
,341,,,,,,34,,TURKEY: ANTAKYA (ANTIOCH); CYPRUS (SALAMIS),36.2,36.1,,,,40000,4,,,,,,4,,,,,40000,4,,,,,,4,,,,
,358,8,24,,,,2314,,"TURKEY:  IZNIK, IZMIT [NICOMEDIA]",40.77,29.9,,,7,,3,,,,,,3,,,,,,3,,,,,,3,,3,,
,365,7,21,,,,38,,GREECE:  CRETE:  KNOSSOS,35,23,,8,11,,3,,,,,,4,,3,,3,5000,4,,,,,,4,,3,,
,447,1,26,,,,41,,TURKEY:  ISTANBUL (CONSTANTINOPLE),40.9,28.5,,7.3,9,,3,,,,,,3,,3,,,,3,,,,,,3,,3,,
,458,9,,,,,,,TURKEY:  ANTAKYA (ANTIOCH),36.2,36.1,,,9,80000,4,,,,,,3,,,,,80000,4,,,,,,3,,,,
,460,4,7,,,,,,TURKEY: CYZICUS (ERDEK),40.4,27.8,,,,,3,,,,,,3,,,,,,3,,,,,,3,,,,
,460,7,22,,,,,,THAILAND:  YONOK-NAGABANDHU,20.3,100,,,12,,3,,,,,,3,,,,,,3,,,,,,3,,,,
,478,9,25,,,,2317,,TURKEY:  MARMARA SEA,40.8,29.2,,7.2,9,,3,,,,,,2,,2,,,,3,,,,,,2,,2,,
,484,,,,,,,,TURKEY: GELIBOLU (CALLIPOLI); TENEDOS,40.3,26.5,,,,,3,,,,,,3,,,,,,3,,,,,,3,,,,
,510,,,,,,,,SOUTH KOREA:  KYONGJU,35.5,129.1,,6.3,8,,3,,,,,,2,,2,,,,3,,,,,,2,,2,,
,512,5,21,,,,,,CHINA:  SHAANXI PROVINCE:  YINGXIAN,39.4,113.3,,7.5,10,5130,4,,,2720,4,,4,,,,,5130,4,,,2720,4,,4,,,,
,525,5,29,,,,,,"TURKEY:  ANTAKYA (ANTIOCH), SAMANDAG",36.25,36.1,,7,9,250000,4,,,,,,4,,,,,250000,4,,,,,,4,,,,
,528,11,29,,,,,,TURKEY:  ANTAKYA (ANTIOCH),36.25,36.1,,7.1,10,4870,4,,,,,,4,,,,,4870,4,,,,,,4,,,,
,551,7,7,,,,5586,,"GREECE:  SCHISMA, BOETIA",38.4,22.3,,7.1,9,5000,4,,,,,,4,,4,,,5000,4,,,,,,4,,4,,
,551,7,9,,,,47,,LEBANON:  BAYRUT (BEIRUT); EGYPT; IRAQ;SAUDI ARABIA,33.9,35.5,,7.3,10,,4,,,,,,4,,,,,,4,,,,,,4,,,,
,554,8,15,,,,48,,GREECE: KOS,36.8,27.3,,7,,,3,,,,,,2,,2,,2,,3,,,,,,2,,2,,2
,587,9,30,,,,,,TURKEY:  ANTAKYA (ANTIOCH),36.25,36.1,,,9,60000,4,,,,,,4,,,,,60000,4,,,,,,4,,,,
,600,12,13,,,,,,CHINA:  SHAANXI PROVINCE,34.3,108.9,,,7,101,3,,,,,,2,,3,,,101,3,,,,,,2,,3,,
,649,9,12,,,,,,CHINA:  SHAANXI PROVINCE:  LINFEN,36.1,111.5,,5.5,7,50,1,,,,,,2,,2,,,50,1,,,,,,2,,2,,
,684,11,29,,,,53,,JAPAN,32.5,134,,8.4,,,3,,,,,,3,,,,,,3,,,,,,3,,,,
,734,3,19,,,,,,CHINA:  GANSU PROVINCE:  TIANSHUI,34.6,105.6,,7,9,101,3,,,,,,2,,3,,,101,3,,,,,,2,,3,,
,740,10,26,,,,56,,TURKEY:  ISTANBUL (CONSTANTINOPLE),40.7,29.3,,7.3,9,,3,,,,,,3,,3,,,,3,,,,,,3,,3,,
,746,1,18,,,,59,,"ISRAEL:  TEVERYA (TIBERIAS), ARIHA (JERICHO)",32,35.5,,7,11,,3,,,,,,3,,,,,,3,,,,,,3,,,,
,777,,,,,,,,"CHINA:  HEBEI PROVINCE:  SHULU, NINGJIN",37.8,115.2,,,8,200,3,,,,,,2,,3,,,200,3,,,,,,2,,3,,
,780,,,,,,,,SOUTH KOREA:  KYONGJU,35.5,129.1,,6.3,8,100,3,,,,,,2,,2,,,100,3,,,,,,2,,2,,
,793,4,30,,,,,,ITALY:  VERONA,45.5,11,,6,9,,3,,,,,,3,,,,,,3,,,,,,3,,,,
,811,,,,,,,,UNITED KINGDOM:  SCOTLAND:  ST ANDREWS,56.3,-2.8,,,,1400,4,,,,,,3,,3,,3,1400,4,,,,,,3,,3,,
,814,4,2,,,,,,CHINA:  SICHUAN PROVINCE:  XICHANG,27.9,102.2,,7,,101,3,,,,,,1,,,,,101,3,,,,,,1,,,,
,818,5,15,,,,,,AFGHANISTAN; INDIA:  HINDU-KUSH; KAZAHKSTAN:  BALKHA,36.8,66.2,50,7.5,8,,3,,,,,,3,,,,,,3,,,,,,3,,,,
,818,8,,,,,66,,JAPAN:  TOKKAIDO,35.2,139.3,,7.9,,,3,,,,,,2,,,,,,3,,,,,,2,,,,
,844,9,18,,,,,,SYRIA:  DIMASHQ (DAMASCUS); TURKEY:  ANTAKYA,33.5,36.3,,,8,50000,4,,,,,,4,,,,,50000,4,,,,,,4,,,,
,847,,,,,,,,IRAQ:  AL-MAWSIL,36.21,42.08,,,10,70000,4,,,,,,3,,,,,70000,4,,,,,,3,,,,
,850,7,15,,,,,,IRAN:  REY (RAY),35.3,51.2,,,,45000,4,,,,,,3,,,,,45000,4,,,,,,,,,,
,854,,,,,,,,ARMENIA:  TOVIN,40,45,,,,2000,4,,,,,,3,,,,,2000,4,,,,,,3,,,,
,855,5,22,,,,,,IRAN:  REY (RAY),35.3,51.2,,,,,3,,,,,,3,,3,,,,3,,,,,,3,,3,,
,856,12,3,,,,,,TUNISIA:  TUNIS,36.8,10.2,,,10,45000,4,,,,,,4,,,,,45000,4,,,,,,4,,,,
,856,12,22,,,,,,"IRAN:  DAMGHAN, QUMIS",36.2,54.3,,7.9,10,200000,4,,,,,,4,,4,,,200000,4,,,,,,4,,4,,
,863,7,10,,,,72,,"JAPAN: NAOETSU, NIIGATA PREFECTURE",37.1,138,,7,,,3,,,,,,3,,3,,,,3,,,,,,3,,3,,
,869,1,9,,,,,,TURKEY,41,29,,,10,,1,,,,,,2,,,,,,1,,,,,,2,,,,
,869,7,13,,,,74,,JAPAN:  SANRIKU,38.5,143.8,,8.6,,,3,,,,,,4,,3,,,,4,,,,,,4,,3,,
,871,11,18,,,,,,IRAN:  SAIMAREH,33.2,47.2,,6.8,7,20000,4,,,,,,4,,4,,,20000,4,,,,,,4,,4,,
,876,7,14,,,,,,CHINA:  NINGXIA: QINGTONGXIA,37.8,105.9,,6.5,8,,3,,,,,,2,,2,,,,3,,,,,,2,,2,,
,878,11,1,,,,,,JAPAN: KANAGAWA,35.5,139.3,,7.4,,,3,,,,,,3,,3,,,,3,,,,,,3,,3,,
,885,11,27,,,,,,EGYPT:  AL-QAHIRAH (CAIRO),30,31.1,,,10,1000,3,,,,,,3,,3,,3,1000,3,,,,,,3,,3,,
,887,8,26,,,,77,,JAPAN:  NANKAIDO,33,135.3,,8.6,,,2,,,,,,3,,3,,,,3,,,,,,3,,3,,
,893,12,24,,,,,,ARMENIA:  DVIN; IRAN:  ARDABIL,40,44.6,10,,10,150000,4,,,,,,4,,4,,,150000,4,,,,,,4,,4,,
,958,2,23,,,,,,IRAN:  REY (RAY); AFGHANISTAN: TALQAN,35.3,51.2,,,,,3,,,,,,3,,,,,,3,,,,,,3,,,,
,978,6,17,,,,,,IRAN:  TAHERI (SIRAF),27.7,52.3,,5.3,7,2000,4,,,,,,3,,3,,,2000,4,,,,,,3,,3,,
,989,10,25,,,,6013,,TURKEY:  ISTANBUL (CONSTANTINOPLE),40.8,28.7,,7.2,8,,3,,,,,,3,,3,,,,3,,,,,,3,,3,,
,999,8,23,,,,,,CHINA:  HUNAN PROVINCE,29,112,,,,,2,,,,,,2,,,,,,2,,,,,,2,,,,
,1000,4,30,,,,,,CHINA:  SHAANXI PROVINCE,35,110,,,,62,2,,,,,,1,,,,,62,2,,,,,,1,,,,
,1008,4,11,,,,3562,,IRAN-IRAQ:  DAINAWAR,27.665,52.348,,6.5,,16000,4,,,,,,4,,,,,16000,4,,,,,,4,,,,
,1010,3,9,,,,,,TURKEY,41,29.5,,,10,,2,,,,,,2,,,,,,2,,,,,,2,,,,
,1033,12,5,,,,84,,"ISRAEL:  RAMALA, GAZA, NABLUS; EGYPT",33,35,,,10,70000,4,,,,,,3,,3,,,70000,4,,,,,,3,,3,,
,1037,12,,,,,,,CHINA:  JIANGSU PROVINCE:  TAICHOU,32,119,,,,22391,4,,,,,,4,,,,,22391,4,,,,,,4,,,,
,1039,2,2,,,,87,,TURKEY:  ISTANBUL (CONSTANTINOPLE),38.4,27.3,,6.8,,,3,,,,,,2,,2,,2,,3,,,,,,2,,2,,
,1042,11,4,13,30,,,,IRAN:  TABRIZ,38.1,46.3,15,7.6,9,50000,4,,,,,,4,,,,,50000,4,,,,,,4,,,,
,1057,,,,,,,,CHINA:  BEIJING,39.7,116.3,,6.8,9,25000,4,,,,,,4,,,,,25000,4,,,,,,4,,,,
,1067,11,,,,,,,CHINA:  GUANGDONG PROVINCE,23.6,116.5,,6.8,9,,3,,,,,,4,,,,,,3,,,,,,4,,,,
,1068,5,29,,,,90,,"ISRAEL:  RAMLA,PALESTINE,JERUSALEM,TABUK,KUFA,HALLA",29.5,34.95,,,9,,3,,,,,,4,,4,,,,3,,,,,,4,,4,,
,1068,8,14,,,,,,"CHINA:  HEBEI PROVINCE:  CANGZHOU, HEJIAN",38.5,116.1,,6,8,,3,,,,,,3,,3,,,,3,,,,,,3,,3,,
,1072,,,,,,,,"YEMEN:  SANA, ZABID; SAUDI ARABIA:  MECCA",14.2,43.3,,,8,50,1,,,,,,2,,2,,2,50,1,,,,,,2,,2,,
,1102,1,15,,,,,,"CHINA:  SHANXI PROVINCE:  CHIN,HSI TAI IN TAI,YUAN",37.5,112.6,,,,,3,,,,,,3,,,,,,3,,,,,,3,,,,
,1118,,,,,,,,UNITED KINGDOM:  IRELAND:  SLIABH-ELPA,,,,,,,3,,,,,,4,,,,,,3,,,,,,4,,,,
,1137,9,19,,,,,,"IRAQ-SYRIA:  MESOPOTAMIA, MOSUL",36.3,43.1,,,9,,3,,,,,,4,,,,,,3,,,,,,4,,,,
,1139,,,,,,,,AZERBAIJAN:  GYZNDZHA,40.3,46.3,,,11,230000,4,,,,,,4,,4,,,230000,4,,,,,,4,,4,,
,1143,4,,,,,,,CHINA:  NINGXIA,38.5,106.3,,6,8,10000,4,,,,,,3,,3,,,10000,4,,,,,,3,,3,,
,1143,11,26,,,,,,TURKEY:  BURSA,40.2,29.1,,,,,2,,,,,,2,,,,,,2,,,,,,2,,,,
,1156,10,26,,,,,,"SYRIA:  HALAB (ALEPPO), MALATICH",36.2,37.2,,,,2000,4,,,,,,3,,3,,,2000,4,,,,,,3,,3,,
,1157,2,13,,,,,,SYRIA:  HALAB (ALEPPO),35.1,36.3,,,,8000,4,,,,,,4,,,,,80000,4,,,,,,4,,,,
,1158,,,,,,,,"SYRIA:  MALATYA,DIMASHQ; LEBANON; TURKEY:  ANTAKYA",38.4,38.35,,,,20000,4,,,,,,4,,4,,,20000,4,,,,,,4,,4,,
,1169,2,4,,,,2852,1,ITALY:  SICILY:  SIRACUSA (SYRACUSE); CALABRIA,37.3,15.03,,,11,16000,4,,,,,,3,,3,,,16000,4,,,,,,3,,3,,
,1169,,,,,,,,"SYRIA:  HALAB (ALEPPO),DIMASHQ (DAMASCUS)",36.2,37.2,,,10,80000,4,,,,,,3,,,,,80000,4,,,,,,3,,,,
,1183,,,,,,,,SYRIA:  DIMASHQ; TURKEY: ANTAKYA; LEBANON: TRIPOLI,34.5,36.5,,,,20000,4,,,,,,3,,,,,20000,4,,,,,,3,,,,
,1202,5,20,2,40,,100,,SYRIA:  SOUTHWESTERN,33.5,36,,7.6,11,30000,4,,,,,,4,,4,,,30000,4,,,,,,4,,4,,
,1209,12,4,,,,,,CHINA:  SHAANXI PROVINCE:  FUSHAN,36,111.8,,6.3,9,3000,4,,,,,,3,,3,,,3000,4,,,,,,3,,3,,
,1212,5,1,,,,,,EGYPT: GULF OF AQABA,28.556,33.976,,,9,,3,,,,,,3,,3,,,,3,,,,,,3,,3,,
,1219,6,2,,,,,,CHINA:  NINGXIA,36,106.2,,6.5,9,10000,4,,,,,,4,,,,,10000,4,,,,,,4,,,,
,1222,5,11,6,15,,101,,CYPRUS,34.75,32.4,,,9,,3,,,,,,3,,,,,,3,,,,,,3,,,,
,1222,12,25,11,,,,,ITALY:  BRESCIA,45.55,10.22,,,10,12000,4,,,,,,4,,4,,,12000,4,,,,,,4,,4,,
,1255,6,7,,,,,,NEPAL:  KATHMANDU,27.7,85.3,,,,,3,,,,,,3,,3,,,,3,,,,,,3,,3,,
,1268,,,,,,,,TURKEY:  ERZINCAN,39.75,39.5,,,9,15000,4,,,,,,3,,3,,,15000,4,,,,,,3,,3,,
,1269,,,,,,,,"TURKEY:  CICILIA, CEYHAN (SEYHAN)",,,,,,8000,4,,,,,,3,,,3,,8000,4,,,,,,3,,3,,
,1279,4,30,,,,,,"ITALY: FORLI, SPOLETO, ROMAGNA, MARCHE, BOLOGNA",44.2,12,,6.2,11,,3,,,,,,3,,,,,,3,,,,,,3,,,,
,1289,8,,,,,,,CHINA:  BEIJING,40,116.5,,,,10000,4,,,,,,4,,,,,10000,4,,,,,,4,,,,
,1290,9,27,,,,,,CHINA:  NEI MONGOL:  NINGCHENG,41.5,119.3,,6.8,9,100000,4,,,,,,3,,,,,100000,4,,,,,,3,,,,
,1291,8,25,,,,,,CHINA:  SHAANXI PROVINCE,36.1,111.5,,6.5,8,150,3,,,,,,3,,,,,150,3,,,,,,,,,,
,1293,5,27,,,,110,,JAPAN:  KAMAKURA,35.2,139.4,,7.1,,23024,4,,,,,,3,,,,,23024,4,,,,,,3,,,,
,1296,6,1,,,,,,TURKEY:  ISTANBUL (CONSTANTINOPLE),41,29,,,,,1,,,,,,3,,,,2,,1,,,,,,3,,,,2
,1303,8,8,,,,111,,GREECE:  CRETE,35,27,,8,9,4000,4,,,,,,3,,3,,3,4000,4,,,,,,3,,3,,3
,1303,9,17,,,,,,CHINA:  SHANXI PROVINCE,36.3,111.7,,8,11,,4,,,,,,4,100000,4,100000,4,,4,,,,,,4,100000,4,,
,1305,5,3,,,,,,"CHINA:  SHANXI PROVINCE:  HUAIREN, DATONG",39.8,113.1,,6.5,9,2000,4,,,,,,3,5800,4,,,2000,4,,,,,,3,5800,4,,
,1306,9,12,,,,,,CHINA:  NINGXIA:  KAICHENG,35.9,106.1,,6.5,9,5000,4,,,,,,3,,3,,,5000,4,,,,,,3,,3,,
,1310,7,,,,,,,CHINA:  HUBEI PROVINCE:  KIN MEN,31.2,112.2,,,,3466,4,,,,,,3,21829,4,21829,4,3466,4,,,,,,3,21829,4,,
,1310,,,,,,,,"IRAQ:  SHAHRIZUR, SULAIMANIYA, BAGHDAD",35.6,46,,5.5,7,,3,,,,,,3,,3,,,,3,,,,,,3,,3,,
,1314,10,5,,,,,,CHINA:  HEBEI:  SHEXIAN,36.5,113.8,,6,8,340,3,,,,,,2,,2,,,340,3,,,,,,2,,2,,
,1319,,,,,,,,"IRAN:  ST THADDEUS; ARMENIA:  ARARAT, SINI, ANI",39.1,44.5,,,7,75,2,,,,,,3,,3,,,75,2,,,,,,3,,3,,
,1340,7,23,,,,,,CHINA:  GANSU PROVINCE:  TAO YUEN CHAN,29,111.3,,,,360,3,,,,,,1,,,,,360,3,,,,,,1,,,,
,1344,1,3,,,,,,"SYRIA:  MEMBIJ, ALEPPO, DIMASHQ  (DAMASCUS)",36.527,37.956,,,9,5700,4,,,,,,4,,4,,,5700,4,,,,,,4,,4,,
,1347,5,,,,,,,"CHINA:  SHANDONG PROVINCE:  LINTOU, CHINGCHOU",36.9,118.2,,,,,3,,,,,,3,,,,,,3,,,,,,3,,,,
,1349,9,9,,,,,,"ITALY:  L'AQUILA, ABRUZZI, SANNIO",42.3,13.5,,,10,2000,4,,,,,,3,,3,,,2000,4,,,,,,3,,3,,
,1354,3,1,,,,,,TURKEY: GELIBOLU (CALLIPOLI),40.8,27,,,,,3,,,,,,3,,,,4,,3,,,,,,3,,,,4
,1354,10,28,,,,,,"SYRIA:  HAMAH (HAMA),HIMS (HUMS),BALABAKK",35.1,36.4,,,7,24,1,,,,,,2,,,,,24,1,,,,,,2,,,,
,1365,1,2,,,,3116,,ALGERIA:  ALGIERS,36.8,3,,,,,3,,,,,,3,,3,,3,,3,,,,,,3,,3,,
,1368,7,8,,,,,,CHINA:  SHANXI PROVINCE: XUGOU,37.6,112.5,,6,7,,2,,,,,,3,,,,,,1,,,,,,3,,,,
,1384,8,6,,,,,,GREECE:  LESBOS,39.3,26.3,,,7,500,3,,,,,,2,,,,,500,3,,,,,,2,,,,
,1387,9,5,,,,,,YEMEN:  ADEN (ADAN),12.4,45.1,,,,,3,,,,,,3,,,,,,3,,,,,,3,,,,
,1389,3,20,,,,126,,GREECE:  AEGEAN SEA,38.5,26.5,,6.7,10,2,1,,,,,,2,,,,,2,1,,,,,,2,,,,
,1390,5,,,,,,,UZBEKISTAN:  BUKHARA,39.8,64.4,20,6.1,8,,1,,,,,,2,,,,,,1,,,,,,2,,,,
,1402,6,,,,,3117,,GREECE:  CORINTH (CORINTHIA),38.11,22.41,,7,9,,1,,,,,,3,,,,,,1,,,,,,3,,,,
,1408,12,29,,,,3565,,TURKEY:  ANTIOCH; SYRIA: ALEPPO; LEBANON: TRIPOLIS,36.2,36.1,,7.4,10,,3,,,,,,3,,,,,,3,,,,,,3,,,,
,1419,3,15,,,,2318,,MARMARA SEA,40.9,28.9,,,,,2,,,,,,3,,3,,,,2,,,,,,3,,3,,
,1428,2,2,,,,,,FRANCE:  PRATS DE MOLLO; SPAIN: OLOT,42.35,2.17,,,9,800,3,,,,,,2,,,,,800,3,,,,,,2,,,,
,1433,11,7,,,,133,,"TOKAIDO, JAPAN",34.9,139.5,,7.1,,,3,,,,,,3,,,,,,3,,,,,,3,,,,
,1440,10,26,,,,,,CHINA:  GANSU PROVINCE:  YONGDENG,36.2,103.3,,6.3,8,200,3,,,,,,2,,2,,,200,3,,,,,,2,,2,,
,1445,12,12,,,,,,CHINA:  FUJIAN PROVINCE:  ZHANGZHOU,24.5,117.6,,6.3,8,,3,,,,,,3,,3,,,,3,,,,,,3,,3,,
,1455,1,24,,,,,,SOUTH KOREA:  KWANGJU,35.9,126.5,,6.3,8,,3,,,,,,2,,2,,,,3,,,,,,2,,2,,
,1456,12,5,4,30,,3118,,"ITALY:  AVELLINO,NAPOLI,ABRUZZI, BRINDISI,BENEVENTO",40.4,14.5,,,11,30000,4,,,,,,4,,,,,30000,4,,,,,,4,,4,,
,1458,11,12,,,,,,ISRAEL:  PALESTINE:  JORDAN:  AL-KARAK (KARAK),31.2,34.2,,,8,100,2,,,,,,2,,3,,,100,2,,,,,,2,,3,,
,1478,8,17,,,,,,CHINA:  SICHUAN PROVINCE:  YANYUAN,27.5,101.6,,5.5,7,,3,,,,,,2,,2,,,,3,,,,,,2,,2,,
,1481,3,18,,,,,,EGYPT: CAIRO,,,,,7,,4,,,,,,3,,,,,,4,,,,,,3,,,,
,1481,7,15,,,,,,CHINA:  YUNNAN PROVINCE:,26.5,99.9,,6,8,,3,,,,,,3,,3,,,,3,,,,,,3,,3,,
,1481,12,18,,,,,,GREECE:  RHODES,36,28,,,,,3,,,,,,3,,,,,,3,,,,,,3,,,,
,1484,1,29,,,,,,CHINA:  BEIJING,40.5,116.5,,6.8,9,,2,,,,,,2,,2,,,,2,,,,,,2,,2,,
,1487,8,10,,,,,,"CHINA:  SHAANXI PROVINCE:  LINTONG, XIANYANG",34.4,108.9,,6.3,8,1900,4,,,,,,3,,3,,,1900,4,,,,,,3,,3,,
,1491,10,,,,,,,GREECE:  KOS,36.9,27,,,,5000,4,,,,,,3,,,,,5000,4,,,,,,3,,,,
,1493,1,10,,,,,,IRAN:  NOWZAD-MASK,33,59.8,,7,,,3,,,,,,3,,4,,,,3,,,,,,3,,4,,
,1493,8,18,,,,,,GREECE:  DODECANESE ISLANDS,36.8,27,,,9,,3,,,,3,,2,,3,,,,3,,,,3,,2,,3,,
,1494,3,24,,,,,,CHINA:  YUNNAN PROVINCE:  QUJING,25.5,103.8,,5.5,7,3,1,,,,,,2,200,2,,,3,1,,,,,,2,200,3,,
,1495,9,12,,,,142,,JAPAN:  KAMAKURA,35.1,139.5,,7.1,,,3,,,,,,1,,1,,,200,3,,,,,,1,,1,,
,1499,,,,,,,,CHINA:  YUNNAN PROVINCE:  YI LIANG,25,103,,,,10000,4,,,,,,4,,,,,10000,4,,,,,,4,,,,
,1501,1,19,,,,,,CHINA:  SHAANXI PROVINCE:  CHAOYI,34.8,110.1,,7,9,400,3,,,,,,4,5400,4,,,400,3,,,,,,4,5400,4,,
,1501,9,24,,,,,,INDIA:  KASHMIR:  SRINAGAR,34.1,74.8,,,7,,3,,,,,,2,,3,,,,3,,,,,,2,,3,,
,1502,10,17,,,,,,CHINA:  HENAN PROVINCE:  PUCHENG,35.7,115.3,,6.5,8,50,1,,,,,,2,,,,,50,1,,,,,,,,,,
,1505,6,6,,,,,,NEPAL-INDIA,29.5,83,,8.2,,,3,,,,,,3,,3,,,,3,,,,,,3,,3,,
,1505,7,6,,,,,,AFGHANISTAN:  KABUL,34.5,69.2,,,12,,3,,,,,,3,,3,,,,3,,,,,,3,,3,,
,1509,9,10,,,,152,,TURKEY:  ISTANBUL,40.8,28.1,,7.7,10,5000,4,,,10000,4,,4,1700,4,,,5000,4,,,10000,4,,4,1700,4,,
,1511,3,26,14,30,,157,,"BALKANS NW:  SLOVENIA:  IDRIJA,SKOFJA LOKA",46.2,13.433,7,6.5,10,15,1,,,,,,3,,3,,,15,1,,,,,,3,,3,,
,1511,8,8,,,,,,ITALY:  CIVIDALE DEL FRUILI,46.1,13.4,,,10,3000,4,,,,,,3,,3,,,3000,4,,,,,,3,,3,,
,1515,6,17,,,,,,CHINA:  YUNNAN PROVINCE:  HEQING,26.6,100.2,,7,9,100,2,,,,,,3,,3,,,100,2,,,,,,3,,3,,
,1515,10,23,,,,,,CHINA:  YUNNAN PROVINCE:  DALI,25.7,100.2,,,8,200,3,,,,,,3,,3,,,200,3,,,,,,3,,3,,
,1517,7,12,,,,,,CHINA:  YUNNAN PROVINCE,24.1,102.6,,5.5,7,,2,,,,,,1,,1,,,,2,,,,,,1,,1,,
,1518,11,9,,,,,,SPAIN:  VERA,37.2,-1.5,,,11,165,3,,,,,,4,,,,,165,3,,,,,,4,,,,
,1520,5,17,,,,,,BALKANS NW:  CROATIA: DUBROVNIK:  RAGUSA,42.6,18.1,,,9,,2,,,,2,,3,,,,,,2,,,,2,,3,,,,
,1521,8,16,2,7,37,,,GREECE:  ZAKINTHOS (ZANTE),37.7,20.8,,6.3,8,3,1,,,,,,2,,1,,,3,1,,,,,,2,,1,,
,1522,9,22,,,,4265,,SPAIN:  ALMERIA; MOROCCO: FEZ,36.97,-2.66,,,11,1000,4,,,,,,3,,,,,1000,4,,,,,,3,,,,
,1522,10,22,,,,5811,,AZORES:  SAO MIGUEL ISLAND,37.7,-25.4,,,10,5000,4,,,,,,3,,3,,4,5000,4,,,,,,3,,3,,4
,1531,1,26,,,,165,,PORTUGAL:  LISBON,38.7,-9.1,,7.7,10,30000,4,,,,,,3,1500,4,,,30000,4,,,,,,3,1500,4,,
,1531,9,30,,,,,,SPAIN: BAZA,37.533,-2.733,,,9,400,3,,,,,,3,,3,,,400,3,,,,,,3,,3,,
,1535,5,,,,,,,CHINA:  FUJIAN:  CHANGTING,25.8,116.4,,5,,,3,,,,,,1,,,,,,3,,,,,,1,,,,
,1536,3,19,,,,,,CHINA:  SICHUAN:  N OF XICHANG,28.1,102.1,,7.3,10,3,3,,,,,,3,,3,,,,3,,,,,,3,,3,,
,1542,6,12,,,,,,TURKEY:  ISTANBUL (CONSTANTINOPLE),,,,,,4500,4,,,,,,3,1700,4,,,4500,4,,,,,,3,1700,4,,
,1542,6,13,1,,,,,ITALY:  SCARPERIA,44.07,11.3,,,10,113,1,,,,,,3,,,1740,4,113,1,,,,,,3,,,1740,1
,1543,,,,,,170,,"VENEZUELA:  CUMANA, ISLA CUBAGUA",10.5,-64.2,,,,,1,,,,,,3,,,,,,1,,,,,,3,,,,
,1546,1,14,,,,173,,"ISRAEL:  NABULUS,SALT; JORDAN:  AL-KARAK",32,35.5,,7,11,,3,,,,,,3,,3,,,,4,,,,,,3,,3,,
,1551,1,28,,,,,,PORTUGAL:  LISBON,38.7,-9.1,,,9,2000,4,,,,,,3,200,3,200,3,2000,4,,,,,,3,200,3,,
,1555,9,,,,,,,INDIA:  KASHMIR:  SRINAGAR,33.5,75.5,,7.6,12,,3,,,,,,3,,3,,,,3,,,,,,3,,3,,
,1556,1,23,,,,,,CHINA:  SHAANXI PROVINCE,34.5,109.7,,8,11,830000,4,,,,,,4,,,,,830000,4,,,,,,4,,,,
,1556,5,10,,,,,,TURKEY:  ROSANNA; NEAR ISTANBUL,41,29,,,,,3,,,,,,2,,,,,,3,,,,,,2,,,,
,1560,4,,,,,,,CHINA:  YUNNAN PROVINCE:  YILIANG,24.9,103.2,,5.5,7,,4,,,,,,3,,3,,,,4,,,,,,3,,3,,
,1560,,,,,,,,CHINA:  YUNNAN PROVINCE,24.2,102.7,,5.5,7,100,3,,,,,,2,,2,,,100,3,,,,,,2,,2,,
,1561,7,25,,,,,,CHINA:  NINGXIA:  E OF ZHONGWEI,37.5,106.2,,7.3,10,1001,4,,,,,,4,,,,,1001,4,,,,,,4,,,,
,1561,8,4,,,,,,"CHINA:  SHAANXI,GANSU,AND SHANXI PROVINCES",38,112,,,,,4,,,,,,3,,,,,,4,,,,,,3,,,,
,1564,7,20,,,,3122,,"FRANCE:  CORSICA,LA BOLLENE-VESUBIE,VENANSON",44.017,7.283,,5.8,9,650,3,,,,,,4,,,,,650,3,,,,,,4,,,,
,1568,5,15,,,,,,CHINA:  SHAANXI PROVINCE:  XIAN,34.4,109,,6.8,9,200,3,,,,,,2,,,,,200,3,,,,,,2,,,,
,1568,12,27,,,,,,"MEXICO:  COCULA,JALISCO",20.3,-103.3,,7.2,9,60,2,,,,,,3,,,,,60,2,,,,,,3,,,,
,1571,9,9,,,,,,CHINA:  YUNNAN PROVINCE:  TONGHAI,24.1,102.7,,6,8,,2,,,,,,3,1000,4,,,,2,,,,,,3,1000,4,,
,1573,1,10,,,,,,CHINA:  GANSU PROVINCE:  MINXIAN,34.4,104,,6.8,9,,3,,,,,,3,,3,,,,3,,,,,,3,,3,,
,1575,9,8,,,,,,ECUADOR,-0.2,-78.6,,7.8,,,3,,,,,,2,,,,,,3,,,,,,2,,,,
,1575,12,16,18,30,,185,,CHILE:  VALDIVIA,-39.8,-73.2,,8.5,10,21,1,,,,,,3,,,,,1321,4,,,,,,3,,2,,
,1577,,,,,,,,TURKEY: BALIKESIR,39.75,27.9,,,,40,1,,,,,,2,,,,,40,1,,,,,,2,,,,
,1579,12,21,,,,,,CHINA:  YUNNAN PROVINCE:  BAOSHAN,25.1,99.9,,5,6,10,1,,,,,,1,,,,,10,1,,,,,,1,,,,
,1581,,,,,,,,PERU:  YANAOCA,-14.1,-71.5,15,6.4,10,,3,,,,,,2,,,,,,3,,,,,,2,,,,
,1582,1,22,16,30,,3681,,"PERU:  SOCABAYA,AREQUIPA",-16.6,-71.6,30,8.2,10,35,1,,,,3,,3,300,3,,,35,1,,,,3,,3,300,3,,
,1584,3,11,10,,,5680,,SWITZERLAND:  GENEVA-YVOIRE,46.33,6.97,,5.9,7,100,2,,,,,,3,,2,,2,100,2,,,,,,3,,2,,2
,1584,3,13,,,,,,SWITZERLAND,46.2,7,,,5,,3,,,,,,3,,,,,,3,,,,,,3,,,,
,1584,3,14,8,,,,,SWITZERLAND,46.3,7,,5.4,5,,3,,,,,,3,,,,,,3,,,,,,3,,,,
,1585,6,28,,,,5745,,GREECE:  MOUNT ATHOS,40.2,24.5,,7,,,1,,,,,,1,,,,,,1,,,,,,1,,,,
,1586,1,18,,,,191,,JAPAN:  ISE BAY,35,136.8,,8.2,,8000,4,,,,,,3,10000,4,,,8000,4,,,,,,3,10000,4,,
,1586,4,2,,,,,,CHINA:  YUNNAN PROVINCE:  WEISHAN,25.3,100.3,,5.5,7,20,1,,,,,,1,,1,,,20,1,,,,,,1,,1,,
,1586,7,10,0,30,,194,,PERU:  LIMA,-12.3,-77.7,60,8.5,10,22,1,,,,,,3,,3,,,22,1,,,,,,3,,3,,
,1586,,,,,,,,GUATEMALA:  ANTIGUA,14.553,-90.735,,,,,2,,,,,,2,,2,,2,,2,,,,,,2,,2,,2
,1587,8,30,,,,,,ECUADOR:  QUITO,-0.22,-78.5,,,9,,2,,,,3,,2,,,,,,2,,,,3,,2,,,,
,1587,11,,,,,,,PORTUGAL:  LOULE,37.1,-8,,,10,170,3,,,,,,1,,1,,1,170,3,,,,,,1,,1,,
,1590,7,7,,,,,,CHINA:  GANSU PROVINCE,35.4,103.9,,5.5,7,,3,,,,,,3,,,,,,3,,,,,,3,,,,
,1590,,,,,,198,,"PERU:  CUSCO, CAMANA",-17.2,-72.9,40,7.7,7,,1,,,,,,1,,1,,,,1,,,,,,2,,2,,
,1591,7,26,,,,199,,AZORES:  SAO MIGUEL (SAN MIGUEL),37.783,-25.5,,,9,,3,,,,,,1,,1,,,,3,,,,,,1,,1,,
,1594,4,21,,,,,,EL SALVADOR:  SAN SALVADOR,13.7,-89.2,,,10,13,1,,,,,,3,,,,,13,1,,,,,,3,,,,
,1594,12,18,,,,,,PERU:  ICA,-14,-76,,,9,40,1,,,,,,2,,,,,40,1,,,,,,2,,,,
,1598,5,,,,,5844,,"TURKEY: AMASYA, CORUM",40.4,35.4,,,,60000,4,,,,,,4,,4,,,60000,4,,,,,,4,,4,,
,1600,9,29,,,,,,CHINA:  GUANGDONG PROVINCE,23.5,117.2,,7,9,,3,,,,2,,3,,3,,,,3,,,,2,,3,,3,,
,1601,9,18,,,,5565,,SWITZERLAND,46.8,8.5,,6.2,8,9,1,,,,,,2,,2,,2,9,1,,,,,,2,,2,,2
,1604,11,24,18,30,,212,,PERU:  AREQUIPA; CHILE: ARICA,-17.88,-70.94,30,8.5,11,100,2,,,,,,3,,3,,,174,3,,,,,,3,,3,,
,1605,7,13,,,,5798,,CHINA:  GUANGDONG PROVINCE,19.9,110.5,,7.5,10,2000,4,,,,,,4,,4,,4,2000,4,,,,,,4,,4,,4
,1606,11,30,,,,,,CHINA:  YUNNAN PROVINCE:  JIANSHUI,23.6,102.8,,6.5,9,2000,4,,,,,,4,,4,,,2000,4,,,,,,4,,4,,
,1607,,,,,,,,GUATEMALA:  ANTIGUA,,,,,7,29,1,,,,,,2,,2,,,29,1,,,,,,2,,2,,
,1608,4,20,,,,3563,,"IRAN:  GILAN, W MAZANDARAN",36.4,50.5,,7.6,,3000,4,,,,,,3,,3,,,3000,4,,,,,,3,,3,,
,1609,7,12,,,,,,CHINA:  GANSU:  JIUQUAN,39.2,99,,7.3,10,840,3,,,,,,3,,3,,,840,3,,,,,,3,,3,,
,1610,2,3,19,30,,,,"VENEZUELA:  LA GRITA,BAILADORES,MERIDA",8.3,-71.8,,7.9,10,60,2,,,,,,3,,2,,,60,2,,,,,,3,,2,,
,1611,9,9,,,,,,CHINA:  GUANGDONG PROVINCE,21.5,111.3,,5.5,7,2,1,,,,,,1,,2,,,2,1,,,,,,1,,2,,
,1613,8,25,,,,3126,,ITALY:  NASO,38.117,14.783,,5.6,10,103,3,,,,,,2,200,3,,,103,3,,,,,,2,200,3,,
,1614,5,24,,,,5812,,AZORES:  TERCEIRA,38.4,-24.1,,6.3,10,200,3,,,,,,3,,3,,3,200,3,,,,,,3,,3,,3
,1614,10,23,,,,,,CHINA:  SHAANXI PROVINCE,37.2,112.5,,6.5,8,,1,,,,,,3,,3,,,,1,,,,,,3,,3,,
,1614,11,26,,,,228,,JAPAN:  NIIGATA PREFECTURE,37.5,138,,7.7,,,3,,,,,,2,,,,,,3,,,,,,2,,,,
,1616,10,7,,,,,,MEXICO: ACAPULCO,,,,,7,,1,,,,,,2,,,,,,1,,,,,,2,,,,
,1618,5,26,,,,,,INDIA:  BOMBAY,18.9,72.9,,,9,2000,4,,,,,,3,,,,,2000,4,,,,,,3,,,,
,1619,2,14,16,30,,,,"PERU:  TRUJILLO, PIURA, SANTA",-7.941,-79.038,40,8.6,9,350,3,,,,,,3,,,,,350,3,,,,,,3,,,,
,1620,12,2,18,,,,,SPAIN:  ALICANTE,38.67,-0.48,,,9,30,1,,,,1,,2,380,3,,,30,1,,,,3,,2,380,3,,
,1621,3,,,,,,,CHINA:  HEBEI PROVINCE,39.5,116.7,,5.5,7,,1,,,,,,1,,1,,,,1,,,,,,1,,1,,
,1622,10,25,,,,,,"CHINA:  NINGXIA:  PINGLIANG, LONGDE",36.5,106.3,,7,10,12000,4,,,,,,4,11800,4,,,12000,4,,,,,,4,11800,4,,
,1626,6,28,,,,,,CHINA:  SHANXI PROVINCE,39.4,114.2,,7,9,5200,4,,,,,,4,,4,,,5200,4,,,,,,4,,4,,
,1627,2,15,,,,,,CHINA:  NINGXIA,37.5,105.5,,6,8,,2,,,,,,1,,1,,,,2,,,,,,1,,1,,
,1628,10,6,,,,,,CHINA:  HEBEI PROVINCE,40.6,114.2,,6.3,8,63,2,,,,,,3,,3,,,63,2,,,,,,3,,3,,
,1629,3,9,9,,,3789,,GREECE:  ISLANDS OF CYTHERA AND CRETE,36,25,70,7,8,,3,,,,,,3,,3,,,,3,,,,,,3,,3,,
,1630,1,16,,,,,,CHINA:  SICHUAN PROVINCE,32.6,104.1,,6.3,8,,2,,,,,,1,,,,,,2,,,,,,1,,,,
,1630,7,4,,,,,,"GREECE:  LEVKAS, CEPHALONIA, ITHAKI",38.7,20.6,,,10,,3,,,,,,3,,3,,,,3,,,,,,3,,3,,
,1630,11,27,16,30,,,,PERU:  LIMA,-12.2,-77.5,30,8.1,7,,1,,,,,,2,,,,,,1,,,,,,2,,,,
,1631,7,21,,,,,,CHINA:  GANSU PROVINCE:  LINTAO,35.3,104.3,,6,5,,1,,,,,,1,,,,,,1,,,,,,1,,,,
,1631,8,14,,,,,,CHINA:  HUNAN PROVINCE,29.3,111.7,,6.5,8,,4,,,,,,4,,4,,,,4,,,,,,4,,4,,
,1633,3,1,,,,245,,JAPAN:  ODAWARA,35.2,139.2,,7.1,,150,3,,,,,,2,,,,,150,3,,,,,,2,,,,
,1633,11,5,,,,248,,GREECE:  ZAKINTHOS (ZANTE),37.5,21,,6.9,10,,3,,,,,,3,,3,,,,3,,,,,,3,,3,,
,1634,1,,,,,,,CHINA:  GANSU PROVINCE:  XIHE,34.1,105.3,,6,8,30,1,,,,,,3,,3,,,30,1,,,,,,3,,3,,
,1636,9,30,18,30,,3130,,GREECE:  CEPHALONIA,38.1,20.3,,7.2,10,520,3,,,,,,3,,3,,,520,3,,,,,,3,,3,,
,1636,10,1,,,,,,GREECE:  ZAKINTHOS (ZANTE),38.1,20.3,,,,,3,,,,,,3,,3,,,,3,,,,,,3,,3,,
,1638,3,27,15,5,,3131,,"ITALY:  COSENZA,MARTIRANO, NICASTRO, CALABRIA",39.033,16.283,,7,11,9581,4,,,,,,4,,4,,,9581,4,,,,,,4,,4,,
,1638,6,9,,,,,,ITALY:  COTRONE,39.25,16.75,,,9,52,2,,,,,,2,,2,,,52,2,,,,,,2,,2,,
,1640,2,,,,,,,ECUADOR,-1.7,-78.6,,,,5000,4,,,,,,3,,,,,5000,4,,,,,,,,,,
,1640,6,19,,,,,,ITALY:  BADOLATO,38.57,16.53,,,9,300,3,,,,,,2,,,,,300,3,,,,,,2,,,,
,1641,11,26,,,,,,CHINA:  GUANGDONG PROVINCE,23.5,116.5,,5.8,7,,1,,,,,,1,,1,,,,1,,,,,,1,,1,,
,1642,6,30,,,,,,CHINA:  SHANXI PROVINCE,35.1,111.1,,6,8,,2,,,,,,1,,1,,,,2,,,,,,,,1,,
,1644,1,16,10,0,,,,"COLOMBIA:  PAMPLOMA,HERRAN; VENEZUELA: MERIDA",7.38,-72.65,,6.9,10,,3,,,,3,,3,,4,,4,,3,,,,3,,3,,4,,4
,1644,3,16,10,,,,,VENEZUELA:  SAN CRISTOBAL; COLOMBIA:  PAMPLONA,7.6,-73,,,8,,3,,,,,,3,,,,,,3,,,,,,3,,,,
,1644,6,26,18,,,,,SPAIN:  ALICANTE,38.82,-0.3,,,9,19,1,,,,,,2,,,,3,19,1,,,,,,2,,,,3
,1644,10,18,,,,259,,JAPAN:  NW. HONSHU ISLAND,39.4,140.1,,6.9,,,2,,,,,,2,28,1,,,117,3,,,,,,2,28,1,,
,1645,2,19,,,,,,ECUADOR,-1.7,-78.6,,7.5,,,3,,,,,,2,,,,,,3,,,,,,2,,,,
,1645,11,30,12,,,260,,PHILIPPINES:  LUZON:  S BATANGAS TO N CAGAYAN,14.4,121,,8,10,600,3,,,2500,4,,4,,4,,,600,3,,,2500,4,,4,,4,,
,1647,5,14,2,30,,,,CHILE:  SANTIAGO,-33.4,-70.6,,8.5,11,1000,3,,,,,,4,300,3,,,1000,3,,,,,,4,300,3,,
,1652,6,8,,,,,,RUSSIA:  CAUCASUS,42.1,47.7,10,5.8,9,,1,,,,,,2,,,,,,1,,,,,,2,,,,
,1652,7,13,,,,,,CHINA:  YUNNAN PROVINCE:  MIDU,25.4,100.5,,6.8,9,3000,4,,,,,,4,,4,,,3000,4,,,,,,4,,4,,
,1654,7,21,,,,,,CHINA:  GANSU PROVINCE:  TIANSHUI,34.3,105.5,,8,11,10400,4,,,,,,4,,4,,,10400,4,,,,,,4,,4,,
,1654,10,20,,,,,,SPAIN:  MENORCA (MINORCA),40.1,3.6,,,9,,3,,,,,,1,,,,,,3,,,,,,1,,,,
,1654,,,,,,,,PERU:  LIMA; CHILE,-12.1,-76.6,,,,11000,4,,,,,,3,,,,,11000,4,,,,,,3,,,,
,1657,3,15,23,30,,281,,"CHILE:  CONCEPCION, CHILLAN",-36.83,-73.03,,8,11,,1,,,,,,3,,3,,,40,1,,,,,,3,,3,,
,1657,4,21,,,,,,CHINA:  SICHUAN PROVINCE,31.5,103.6,,6,8,,3,,,,,,3,,3,,,,3,,,,,,3,,3,,
,1658,2,3,,,,,,CHINA:  HEBEI PROVINCE,39.4,115.7,,6,8,,3,,,,,,2,,2,,,,3,,,,,,2,,2,,
,1659,9,30,,,,,3662,EL SALVADOR:  SAN SALVADOR,13.7,-89.2,,,,,3,,,,,,4,,,,,,3,,,,,,4,,,,
,1659,11,5,,,,,,"ITALY:  PANAIJA, SORIANO, POLIA",38.7,16.3,,,,2035,4,,,,,,4,,4,,,2035,4,,,,,,4,,4,,
,1660,3,,,,,,,GREECE:  GALAXIDI,38.4,22.4,,,10,2,1,,,,,,1,,1,,,2,1,,,,,,1,,1,,
,1661,1,8,,,,288,,TAIWAN:  TAINAN,23,120.2,,6,8,,3,,,,,,1,31,1,,1,,3,,,,,,1,31,1,,1
,1662,10,30,,,,291,,JAPAN:  HIUGANADA,31.7,132,,7.9,,,1,,,,,,2,,,,,200,3,,,,,,2,2500,4,,
,1664,5,12,9,15,,5809,,"PERU:  ICA, PISCO",-14.1,-75.8,15,7.3,10,400,3,,,,,,3,,3,,,400,3,,,,,,3,,3,,
,1664,,,,,,,,IRAN:  TABRIZ,38.1,46.3,,,,1500,4,,,,,,3,,3,,,1500,4,,,,,,3,,3,,
,1667,4,6,7,10,,297,,BALKANS NW:  CROATIA: DUBROVNIK:  RAGUSA,42.6,18.1,,7.2,11,5000,4,,,,,,4,,4,,,5000,4,,,,,,4,,4,,
,1667,11,,,,,,,AZERBAIJAN:  SHEMAKHA (SAMAXI),40.6,48.6,12,6.9,10,80000,4,,,,,,4,,4,,,80000,4,,,,,,4,,4,,
,1668,1,14,,,,6050,,AZERBAIJAN:  SHEMAKHA (SEMACHA),40.6,48.6,5,6,9,7000,4,,,,,,3,,,,,7000,4,,,,,,3,,,,
,1668,7,25,,,,300,,CHINA:  SHANDONG PROVINCE,35.3,118.6,,8.5,12,42578,4,,,,,,4,,4,,,42578,4,,,,,,4,,4,,
,1672,4,14,15,45,,3136,,ITALY:  RIMINI,43.933,12.583,,5.6,10,1500,4,,,,,,3,,3,,,1500,4,,,,,,3,,3,,
,1673,5,7,,,,,,"GREECE: ZAKINTHOS (ZANTE), IRAKLION (CANDIA)",36,22,,6,7,,3,,,,,,2,,3,,,,3,,,,,,2,,3,,
,1673,5,9,,,,,,DOMINICAN REPUBLIC:  SANTO DOMINGO,18.3,-69.5,,,,5,1,,,,,,3,,,,,5,1,,,,,,3,,,,
,1673,7,30,,,,,,"IRAN:  MASHHAD, NEYSHABUR (NISHAPUR)",36.3,59.3,,6.6,8,5600,4,,,,,,3,,3,,,5600,4,,,,,,3,,3,,
,1674,2,17,11,30,,315,,"INDONESIA:  AMBON ISLAND, SERAM ISLAND",-3.75,127.75,40,6.8,,86,2,,,35,1,,3,,3,,,2330,4,,,41,1,,3,,3,,
,1674,8,28,,,,,,SPAIN:  LORCA,37.683,-1.7,,,8,40,1,,,,,,3,,,,3,40,1,,,,,,3,,,,3
,1677,9,,,,,,,CHINA:  GANSU PROVINCE,33.4,104.8,,5.5,7,,3,,,,,,1,,,,,,3,,,,,,1,,,,
,1677,12,7,11,30,,323,,"PHILIPPINES:  LUZON:  CENTRAL,S",14.5,120.5,,,,2,1,,,,3,,1,,,,1,2,1,,,,3,,1,,,,1
,1678,6,18,1,45,,325,,"PERU:  LIMA,SALINAS-HUAURA,LIMA,CALLAO,CHANCAY",-9,-79,40,8.4,9,,3,,,,,,3,,3,,,,3,,,,,,3,,3,,
,1678,,,,,,,,INDIA:  KASHMIR:  SRINAGAR,34.1,74.8,,,7,,2,,,,,,2,,2,,,,2,,,,,,2,,2,,
,1679,9,2,,,,,,CHINA:  HEBEI PROVINCE,40,117,,8,11,13162,4,,,,,,4,,4,,,13162,4,,,,,,4,,4,,
,1679,12,16,,,,,,CHINA:  JIANGSU PROVINCE,31.4,119.5,,5,7,,1,,,,,,1,,1,,,,1,,,,,,1,,1,,
,1680,9,9,,,,,,CHINA:  YUNNAN PROVINCE,25,101.5,,6.8,9,2700,4,,,,,,3,,3,,,2700,4,,,,,,3,,3,,
,1680,10,9,7,0,,4279,,SPAIN:  MALAGA,36.8,-4.6,,6.8,9,70,2,,,250,3,,3,2111,4,4320,4,70,2,,,250,3,,3,2111,4,4320,4
,1683,11,22,,,,,,CHINA:  SHANXI PROVINCE,38.7,112.7,,7,9,1001,4,,,,,,4,,4,,,1001,4,,,,,,4,,4,,
,1687,7,12,,,,335,,CHILE:  SANTIAGO,-32.8,-70.7,,7.5,8,,1,,,,,,1,,1,,,,1,,,,,,1,,1,,
,1687,10,20,10,30,,337,,PERU:  LIMA,-13.5,-76.5,30,8.5,10,5000,4,,,,,,3,,,,,5000,4,,,,,,3,,,,
,1688,1,,,,,,,ITALY:  PISTICCI,40.38,16.55,,,10,2000,4,,,,,,3,,,,,2000,4,,,,,,3,,,,
,1688,4,11,11,,,,,"ITALY:  COTIGNOLA, BAGNACAVALLO",44.4,12,,,10,,3,,,,,,3,,,,,,3,,,,,,3,,,,
,1688,6,5,13,15,,,,ITALY:  BENEVENTO,41.17,14.75,,,11,3311,4,,,,,,3,,3,,,3311,4,,,,,,3,,3,,
,1688,6,14,,,,,,CHINA:  YUNNAN PROVINCE,26.5,99.9,,6.3,8,190,3,,,,,,2,,3,,,190,3,,,,,,2,,3,,
,1688,7,10,11,45,,339,,TURKEY:  IZMIR,38.4,26.9,,7,10,16000,4,,,,,,3,,3,,3,16000,4,,,,,,3,,3,,
,1689,2,12,,,,,,GUATEMALA:  ANTIGUA,,,,,,,2,,,,,,2,,2,,,,2,,,,,,2,,2,,
,1690,4,16,,,,345,,ANTIGUA; SAINT KITTS AND NEVIS,17.5,-61.5,,8,9,,2,,,,,,3,,,,,,2,,,,,,3,,,,
,1690,7,11,,,,,,TURKEY: ISTANBUL (CONSTANTINOPLE),40.8,28.1,,,,20,1,,,,,,2,,2,,,20,1,,,,,,2,,2,,
,1690,12,4,,,,,,AUSTRIA:  CARINTHIE,46.6,13.8,,,10,20,1,,,,,,3,,3,,,20,1,,,,,,3,,3,,
,1690,12,23,0,20,,5848,,ITALY:  ANCONA,43.547,13.592,,5.6,8,10,1,,,,,,2,,,,,10,1,,,,,,2,,,,
,1692,6,7,,,,346,,JAMAICA:  PORT ROYAL,17.8,-76.7,10,,,1000,4,,,,,,3,,,,,3000,4,,,,,,3,,,,
,1692,9,13,11,,,,,"ARGENTINA:  SANTIAGO, ESTECO, RIO DE LAS PIEDRAS",-25.4,-64.8,,7,9,11,1,,,,,,2,,,,,11,1,,,,,,2,,,,
,1693,1,9,21,,,3813,4724,"ITALY:  SICILY, CALABRIA, CATANIA",37.333,15.167,,6,11,60000,4,,,,,,4,972,3,,,60000,3,,,,,,4,972,3,,
,1693,1,11,13,30,,,,"ITALY: SICILY, CALABRIA",37.133,15.017,,7.4,11,60000,4,,,,,,4,,,,,60000,4,,,,,,4,,,,
,1694,6,19,,,,,,JAPAN:  UGO,40,139.5,,,,394,3,,,,,,3,2760,4,,,394,3,,,,,,3,2760,4,,
,1695,5,18,,,,,,CHINA:  SHANXI PROVINCE:  LINFEN,36,111.5,,8,10,20000,4,,,,,,4,,4,,,20000,4,,,,,,4,,4,,
,1698,6,20,6,,,,,"ECUADOR:  TUNGURAHUA,COTOPAXI,CHIMBORAZO",-1.2,-78.7,,7.7,10,6500,4,,,,,,3,,3,,,6500,4,,,,,,3,,3,,
,1698,7,19,,,,,,"ECUADOR:  AMBATO,CARGUAYRAZO",-1.3,-78.7,,,,,4,,,,,,3,,,,,,4,,,,,,3,,,,
,1703,1,14,,,,,,"ITALY:  CENTRAL APENNINO, NORCIA, L'AQUILA, PERUGIA",42.78,13.1,,,11,40000,4,,,,,,4,,4,,,40000,4,,,,,,4,,4,,
,1703,2,2,1,11,5,3143,,ITALY:  L'AQUILA (AQUILA),42.467,13.2,,6.7,11,10000,4,,,,,,3,,3,,,10000,4,,,,,,3,,3,,
,1703,12,30,17,,,367,,JAPAN:  OFF SW BOSO PENINSULA,35,140,,8.2,,5233,4,,,,,,4,20162,4,,,5233,4,,,,,,4,20162,4,,
,1704,5,27,,,,,,JAPAN:  N OF NOSIRO,41,139.5,,,,58,2,,,,,,3,1314,4,,,58,2,,,,,,3,1314,4,,
,1704,9,18,,,,,,"CHINA:  HEBEI PROVINCE:  DONGGUANG, CANGXIAN",38,116.5,,5.5,7,,3,,,,,,2,,2,,,,3,,,,,,2,,2,,
,1704,9,28,,,,,,CHINA:  SHAANXI PROVINCE:  LONGXIAN,34.9,106.8,,6,8,,4,,,,,,3,,3,,,,4,,,,,,3,,3,,
,1707,10,28,5,,,377,1065,JAPAN:  NANKAIDO,33.2,134.8,,8.4,,5000,4,,,,,,4,59000,4,,,5000,4,,,,,,4,77000,4,,
,1707,,,,,,,,TURKEY:  KARS,40.4,43,,,,,3,,,,,,3,,,,,,3,,,,,,3,,,,
,1707,,,,,,,,EL SALVADOR:  SAN SALVADOR,13.7,-89.2,,,,,3,,,,,,4,,,,,,3,,,,,,4,,,,
,1709,10,14,,,,,,CHINA:  NINGXIA,37.4,105.3,,7.5,10,2032,4,,,,,,4,,4,,,2032,4,,,,,,4,,4,,
,1711,8,16,,,,,,"MEXICO:  MEXICO CITY, COLIMA, GUADALAJARA",19.2,-103.7,,,,,2,,,,,,3,,,,,,2,,,,,,3,,,,
,1711,12,20,,,,384,,"SEIONAIKAI, JAPAN",34.3,134,,6.7,,1000,3,,,,,,3,1713,4,,,1000,3,,,,,,3,1713,4,,
,1713,2,26,,,,,,CHINA:  YUNNAN PROVINCE:  S OF XUNDIAN,25.4,103.2,,6.8,9,2100,4,,,,,,4,,4,,,2100,4,,,,,,4,,4,,
,1713,9,4,,,,,,"CHINA:  SICHUAN PROVINCE:  DIEXI, MAOXIAN",32,103.7,,6.5,8,,3,,,,,,1,,1,,,,3,,,,,,1,,1,,
,1713,,,,,,,,INDIA:  ARUNACHAL; BHUTAN,27.5,93,,,,,3,,,,,,3,,3,,,,3,,,,,,3,,3,,
,1714,4,28,,,,,,JAPAN:  OOMATI,36.5,138,,,,56,2,,,,,,1,300,3,,,56,2,,,,,,1,300,3,,
,1715,3,8,,,,,,"TURKEY:  MAHMATAN, VAN",38.7,43.9,,6.6,,,3,,,,,,3,,3,,3,,3,,,,,,3,,3,,
,1715,8,23,0,,,385,,"PERU:  MOQUEGUA, AREQUIPA; CHILE:  ARICA",-17.3,-70.8,80,7.5,7,,1,,,,,,1,,1,,,,1,,,,,,1,,1,,
,1716,2,6,,,,,,PERU:  PUEBLO DE TORATA IN TACNA,-17.2,-71.2,40,8.8,9,,3,,,,,,1,,,,,,3,,,,,,,,,,
,1716,5,,,,,,,ALGERIA:  ALGIERS,36.8,3,,,,20000,4,,,,,,4,,,,,20000,4,,,,,,4,,,,
,1717,9,29,,,,6032,3551,GUATEMALA:  ANTIGUA,14.5,-90.75,,7.4,8,,2,,,,,,3,3000,4,,,,2,,,,,,3,3000,4,,
,1718,6,19,,,,,,CHINA:  GANSU PROVINCE,35,105.2,,7.5,10,73000,4,,,,,,4,,4,,,73000,4,,,,,,4,,4,,
,1719,3,5,,,,,,EL SALVADOR:  SAN SALVADOR,13.667,-89,,7.6,8,,3,,,,,,4,,,,,,3,,,,,,4,,,,
,1719,3,6,5,,,,,PORTUGAL: ALGARVE; SPAIN,37.13,-8.5,,,7,3,1,,,,,,2,,2,,,3,1,,,,,,2,,2,,
,1719,5,25,,,,,,TURKEY,40.8,29.4,,,10,6000,4,,,,,,4,,4,,4,6000,4,,,,,,4,,4,,4
,1720,7,12,,,,,,CHINA:  HEBEI PROVINCE,40.4,115.5,,6.8,9,,3,,,,,,2,,2,,,,2,,,,,,2,,2,,
,1720,10,31,,,,,,TAIWAN:  TAINAN,20.3,120.3,,5.5,7,,3,,,,,,1,,1,,,,3,,,,,,1,,1,,
,1721,1,5,,,,,,TAIWAN:  TAINAN,23,120.3,,6,8,,3,,,,,,3,,3,,,,3,,,,,,3,,3,,
,1721,4,26,3,,,,,IRAN:  TABRIZ,37.9,46.7,,7.7,,40000,4,,,,,,4,,4,,,40000,4,,,,,,4,,4,,
,1721,,,,,,3581,,TAIWAN:  TAINAN,23,120.2,,,,2000,4,,,,,,4,,4,,,2000,4,,,,,,4,,4,,
,1722,12,27,16,30,,393,,"PORTUGAL:  TAVIRA, ALGARVE",37.2,-7.6,,,10,,3,,,,,,2,27,1,,,,3,,,,,,2,27,1,,
,1723,2,18,2,,,394,,GREECE:  LEFKADA,38.5,20.5,,7,10,,1,,,,,,2,,3,,,,1,,,,,,2,,3,,
,1725,1,7,4,25,,,,"PERU: TRUJILLO, ANCASH, LIMA",-9,-79,60,7.7,9,1500,4,,,,,,3,,3,,,1500,4,,,,,,3,,3,,
,1725,1,8,,,,,,"CHINA:  YUNNAN PROVINCE:   SONGMING, YILIANG",25.1,103.1,,6,8,614,3,,,184,3,,3,,3,,,614,3,,,184,3,,3,,3,,
,1725,8,2,,,,,,CHINA:  SICHUAN PROVINCE:  KANGDING,30.1,101.9,,5.5,7,,4,,,,,,2,,,,,,4,,,,,,2,,,,
,1726,9,1,,,,3154,,"ITALY:  PALERMO, MARSALA, MAZZARA",38.1,13.35,,,9,250,3,,,,,,3,1614,4,,,250,3,,,,,,3,1614,4,,
,1729,7,8,2,,,,,GREECE:  ZAKYNTHOS,37.851,20.808,,6.3,8,1,1,,,,,,2,,1,,3,1,1,,,,,,2,,1,,3
,1730,7,8,8,45,,400,,CHILE:  VALPARAISO,-32.5,-71.5,,9.1,11,2,1,,,,,,3,,3,,,5,1,,,,,,3,,3,,
,1730,9,30,,,,,,CHINA:  BEIJING,40,116.2,,6.5,8,658,3,,,,,,4,26000,4,,,658,3,,,,,,4,26000,4,,
,1731,3,20,2,30,,3159,,ITALY:  FOGGIA,41.5,15.5,,6.3,10,3600,4,,,,,,3,,,,,3600,4,,,,,,3,,,,
,1731,11,15,,,,,,MEXICO,23,-102,,,,1,1,,,,,,2,,1,,,1,1,,,,,,2,,1,,
,1732,11,29,,,,,,"ITALY:  ARIANO, LUCANIE, AVELLINO",41.08,15.15,,,10,1940,4,,,,,,3,,3,,,1940,4,,,,,,3,,3,,
,1733,8,2,,,,,,CHINA:  YUNNAN PROVINCE:  DONGCHUAN,26.2,103.1,,7.5,10,,2,,,,,,2,,2,,,,2,,,,,,2,,2,,
,1735,2,2,18,,,,,COLOMBIA:  POPAYAN,2.6,-76.5,20,4.5,,,1,,,,,,3,,3,,,,1,,,,,,3,,3,,
,1736,1,30,,,,,,TAIWAN:  TAINAN,23.1,120.3,,6,8,260,3,,,100,2,,2,500,3,,,260,3,,,100,2,,2,500,3,,
,1736,12,5,6,,,,,ECUADOR,-0.841,-78.695,,,,,2,,,,,,2,,,,,,2,,,,,,2,,,,
,1737,3,6,,,,,,"TURKEY: NW, BIGA",40.2,27.2,,,,,3,,,,,,3,,,,,,3,,,,,,3,,,,
,1737,12,24,,,,415,,"CHILE: VALDIVIA, CHILOE",-43,-74,,8,11,,2,,,,,,2,,2,,,,2,,,,,,2,,2,,
,1738,5,19,,,,,,CHINA:  SICHUAN PROVINCE,33.2,104.2,,5.5,7,,2,,,,,,2,,2,,,,2,,,,,,2,,2,,
,1739,1,3,,,,,,CHINA:  NINGXIA,38.9,106.5,,8,10,50000,4,,,,,,4,,4,,,50000,4,,,,,,4,,4,,
,1739,3,24,,,,,,PERU:  SANTA CATALINA,-14.1,-73.2,,,7,,3,,,,,,3,,,,,,3,,,,,,3,,,,
,1742,2,25,,,,5975,,GREECE:  ZAKYNTHOS,37.71,21.022,,6.6,9,120,3,,,,,,3,,2,,,120,3,,,,,,3,,2,,
,1746,10,29,3,30,,424,,"PERU:  LIMA, CALLAO",-11.996,-77.198,30,8,11,1141,4,,,,,,4,2975,4,,,5941,4,,,,,,4,,4,,
,1747,,,,,,,,PERU:  CARABAYA PROVINCE:  AYAPATA,-13.9,-70.35,20,,9,,3,,,,,,3,,,,,,3,,,,,,3,,,,
,1748,3,6,,,,,,CHINA:  SICHUAN PROVINCE,30.1,101.9,,5.5,7,15,1,,,,,,1,14,1,,,15,1,,,34,1,,1,14,,,
,1748,3,23,6,15,,,,SPAIN:  VALENCE,39,-0.65,,,9,,3,,,,,,2,,3,,,,3,,,,,,2,,3,,
,1748,8,30,,,,,,CHINA:  SICHUAN PROVINCE,30.4,101.6,,6,7,5,1,,,,,,1,72,2,,,5,1,,,,,,1,72,2,,
,1748,11,21,,,,,,CHINA:  NINGXIA,36.4,106.1,,5.5,7,40,1,,,,,,2,130,3,,,40,1,,,,,,2,130,3,,
,1750,5,24,,,,,,"FRANCE:  TARBES, LOURDES",43.2,0.8,,,9,,2,,,,,,3,,,,,,2,,,,,,3,,,,
,1750,9,15,,,,,,CHINA:  YUNNAN PROVINCE,24.7,102.9,,6,8,37,1,,,,,,2,,2,,,37,1,,,,,,2,,2,,
,1750,12,17,,,,3165,,BALKANS NW:  CROATIA:  RIJEKA (FIUME),46,12.25,,,10,,3,,,,,,3,,3,,,,3,,,,,,3,,3,,
,1751,5,20,,,,439,,JAPAN:  HONSHU:  NW,37.2,138.1,,6.6,,2100,4,,,,,,4,9100,4,,,2100,4,,,,,,4,9100,4,,
,1751,5,25,,,,,,CHINA:  YUNNAN PROVINCE,26.5,99.9,,6.8,9,900,3,,,,,,4,15712,4,,,900,3,,,,,,4,15712,4,,
,1752,6,1,,,,,,GREECE:  ZAKINTHOS (ZANTE),37.8,21,,,10,,1,,,,,,2,,3,,,,1,,,,,,2,,3,,
,1752,7,29,,,,,,"TURKEY: EDIRNE, ISTANBUL",41.04,28.98,,,,,3,,,,,,3,,3,,3,,3,,,,,,3,,3,,3
,1754,5,15,21,,,,754,PHILIPPINES:  TAAL VOLCANO,14.002,120.993,,,10,12,1,,,,,,4,,4,,,12,1,,,,,,4,,4,,
,1754,8,18,,,,449,,INDONESIA:  AMBON ISLAND,-3.5,128.5,,6.5,,4,1,,,,,,2,,2,,2,4,1,,,,,,2,,2,,2
,1754,9,2,21,45,,5932,,TURKEY:  IZMIT,40.8,29.2,,6.8,9,2000,4,,,,,,4,,4,,4,2000,4,,,,,,4,,4,,4
,1754,10,,,,,,,EGYPT:  AL-QAHIRAH (CAIRO),30.8,31,,,,40000,4,,,,,,3,,,,,40000,4,,,,,,,,,,
,1755,1,27,,,,,,CHINA:  YUNNAN PROVINCE,24.7,102.2,,6.5,8,270,3,,,80,2,,3,4040,4,,,270,3,,,80,2,,3,4040,4,,
,1755,2,8,,,,,,CHINA:  YUNNAN PROVINCE,23.8,102.7,,6,8,70,2,,,20,1,,2,700,3,,,70,2,,,20,1,,2,700,3,,
,1755,4,26,,,,,,"ECUADOR:  PICHINCHA, QUITO",-0.2,-78.5,,7,9,,3,,,,,,3,,3,,,,3,,,,,,3,,3,,
,1755,11,1,9,30,,456,,PORTUGAL:  LISBON,37,-10,,8.5,11,50000,4,,,,,,4,,4,,4,50000,4,,,,,,4,,4,,4
,1755,11,19,,,,,,"MOROCCO:  MEKNES, FES",34.08,-5,,,10,3000,4,,,,,,3,,,,,3000,4,,,,,,3,,,,
,1755,12,21,9,,,4266,,PORTUGAL:  LISBON,37,-10,,,8,300,3,,,,,,2,,2,,,300,3,,,,,,2,,2,,
,1757,4,15,,,,,,"MOROCCO:  SALE, CAPE CANTIN",34,-6.8,,,,3000,4,,,,,,3,,,,,3000,4,,,,,,3,,,,
,1757,7,9,23,45,,462,4512,AZORES:  SAO JORGE,38.65,-28.08,,,11,1053,4,,,,,,3,,4,,,1053,4,,,,,,3,,4,,
,1758,1,,,,,,,"TUNISIA:  TUNIS, CONSTANTINE",36.8,10.2,,,10,3000,4,,,,,,3,,3,,3,3000,4,,,,,,3,,3,,
,1759,10,30,,,,466,,ISRAEL:  ZEFAT (SAFED),33,35.5,,6.6,9,2000,4,,,,,,3,,4,,4,2000,4,,,,,,3,,4,,4
,1759,11,25,,,,5941,,"LEBANON-SYRIA:  BAALBEC; SYRIA: DAMASCUS, ANTIOCH",33.3,35.7,,7.4,9,30000,4,,,,,,3,,4,,4,30000,4,,,,,,3,,4,,4
,1761,3,30,23,1,,468,,"PORTUGAL: LISBON, PORTO",34.5,-13,,8.5,9,25,1,,,,,,2,,3,,,25,1,,,,,,2,,3,,
,1761,5,23,,,,,,CHINA:  YUNNAN PROVINCE,24.4,102.5,,6,8,120,3,,,120,3,,3,1900,4,,,120,3,,,120,3,,3,1900,4,,
,1761,11,3,,,,,,CHINA:  YUNNAN PROVINCE,24.4,102.5,,6,7,50,1,,,30,1,,2,960,3,,,50,1,,,30,1,,2,960,3,,
,1762,4,2,,,,471,,"BANGLADESH:  CHITTAGONG, DACCA, ARRACAN",22,92,,,11,200,3,,,,,,3,,,,,,3,,,,,,3,,,,
,1763,12,30,,,,,,CHINA:  YUNNAN PROVINCE,24.3,102.8,,6.5,8,1000,3,,,,,,4,4500,4,,,1000,1,,,,,,4,4500,4,,
,1765,4,20,,,,,,EL SALVADOR; GUATEMALA: CHIQUIMULA,13.7,-89.2,,,,50,1,,,,3,,2,,,,,50,1,,,,3,,2,,,,
,1765,9,2,,,,,,"CHINA:  GANSU PROVINCE:  WUSHAN, GANGU",34.8,105,,6.5,9,2068,4,,,,,,4,74748,4,,,2068,4,,,,,,4,74748,4,,
,1766,3,8,,,,487,,JAPAN:  HIROSAKI,40.9,140.7,,6.9,,1700,4,,,,,,3,8200,4,8200,4,1700,4,,,,,,3,8200,4,,
,1766,5,22,5,30,,2320,,TURKEY,40.8,29,,6.5,10,4000,4,,,,,,4,,,,,4000,4,,,,,,4,,,,
,1766,6,12,5,0,,489,,CUBA:  SANTIAGO DE CUBA,19.9,-76.1,25,6.8,9,40,1,,,700,3,,3,,3,,,40,1,,,700,3,,3,,3,,
,1766,8,5,,,,,,TURKEY:  WESTERN,40.6,27.3,,,,,3,,,,,,3,,4,,4,,3,,,,,,3,,4,,4
,1767,7,11,4,,,,,GREECE:  KEFALONIA,38.268,20.464,,6.7,10,303,3,,,,,,3,2642,4,2946,4,303,3,,,,,,3,2642,4,2946,4
,1770,1,,,,,,,GREECE:  ST MAURA,38.717,20.65,,,,,3,,,,,,2,700,3,,,,3,,,,,,2,700,3,,
,1770,6,3,19,15,,501,,HAITI: PORT-AU-PRINCE,18.5,-73.4,10,7.5,10,200,3,,,,,,3,,,,,200,3,,,,,,3,,,,
,1773,6,3,,,,507,,GUATEMALA: ST. JAGO,14.6,-90.7,,,,600,3,,,,,,4,,4,,4,600,3,,,,,,4,,4,,
,1773,7,29,,,,,,GUATEMALA:  ANTIGUA,14.6,-90.7,,7.5,8,100,2,,,,,,2,,2,,2,100,2,,,,,,2,,2,,
,1776,12,,,,,,,"TAIWAN:  JIAYI, KAGI",23.5,120.6,,5.5,7,,3,,,,,,2,,2,,,,3,,,,,,2,,2,,
,1780,1,8,19,30,,,,IRAN:  TABRIZ,38,46.2,20,7.7,9,50000,4,,,,,,4,,4,,,50000,4,,,,,,4,,4,,
,1781,,,,,,,,IRAQ:  AL-MAWSIL (MOSUL),36.3,43.1,,,10,80,2,,,,,,2,,,,,80,2,,,,,,2,,,,
,1782,5,22,,,,533,,TAIWAN:  TAINAN,24.5,120.5,,,,40000,4,,,,,,3,,3,,,40000,4,,,,,,3,,3,,
,1783,2,5,12,0,,2769,,ITALY:  TYRRHENIAN CALABRIA,38.3,15.967,13,6.9,11,30000,4,,,,,,4,,4,,,30000,4,,,,,,4,,4,,
,1783,3,28,18,55,,3211,,ITALY:  TYRRHENIAN CALABRIA,38.783,16.467,,6.9,10,,3,,,,,,3,,3,,,,3,,,,,,3,,3,,
,1784,3,28,,,,539,,"MEXICO:  GUERRERO, ACAPULCO",16.9,-99.9,,,,,1,,,,,,3,,,,,,1,,,,,,3,,,,
,1784,5,13,12,35,,3685,,"PERU:  AREQUIPA,CAMANA,MOQUEGUA,TAMBO",-16.5,-72,,8,10,383,3,,,,,,3,,3,,,383,3,,,,,,3,,3,,
,1784,11,,,,,,,INDIA:  KASHMIR:  SRINAGAR,34.1,74.8,,,8,,3,,,,,,2,,2,,,,3,,,,,,2,,2,,
,1785,1,30,,,,,,"GREECE:  PATRAI (PATRAS), ZAKYNTHOS (ZANTE)",38.2,21.7,,,9,38,1,,,,,,2,,,,,38,1,,,,,,2,,,,
,1785,4,18,,,,,,CHINA:  GANSU PROVINCE:  HUIHUIPU,39.9,98,,6,8,36,1,,,,,,2,,2,,,36,1,,,,,,2,,2,,
,1785,7,12,12,45,,,,"COLOMBIA:  BOGOTA,ENGATIVA,CAXICA,SOACHA",4.6,-74,,,8,12,1,,,,,,2,,2,,,12,1,,,,,,2,,2,,
,1786,2,5,,,,,,GREECE:  CORFU (KERKIRA),39.7,19.8,,,,120,3,,,,,,3,,,,,120,3,,,,,,3,,,,
,1786,6,1,,,,,,CHINA:  SICHUAN PROVINCE:  S OF KANGDING,29.8,102.1,,7.5,9,435,3,,,,,,3,,3,,,435,3,,,,,,3,,3,,
,1789,6,7,,,,,,"CHINA:  YUNNAN PROVINCE:  TONGHAI, HUANING",24.2,102.8,,6.5,9,,3,,,,3,,3,,3,,,,3,,,,3,,3,,3,,
,1789,11,7,,,,,,CHINA:  SHAANXI PROVINCE:  TONGGUAN,34.6,110.3,,5,6,,2,,,,,,1,,1,,,,2,,,,,,1,,1,,
,1790,10,9,1,15,,3075,,"ALGERIA:  ORAN; SPAIN:  CARTAGENA, SANTA FE",35.7,-0.6,,,10,3000,4,,,,,,3,,3,,,3000,4,,,,,,3,,3,,
,1791,9,13,,,,558,,JAPAN:  OSAKA BAY,34.5,135.4,,6.5,,,2,,,,,,1,,,,,,2,,,,,,1,,,,
,1791,11,2,21,,,559,,"GREECE:  ZANTE, GASTUNI",35.8,21,,7,10,80,3,,,,3,,3,,3,,,80,2,,,,3,,3,,3,,
,1792,8,9,,,,3577,,"TAIWAN:  JIAYI, TAINAN",23.6,120.5,,6.8,9,252,3,,,432,3,,3,14889,4,,,252,3,,,432,3,,3,14889,4,,
,1792,9,7,,,,,,CHINA:  SICHUAN PROVINCE:  N OF QIANNING,31,101.5,,6,8,205,3,,,,,,2,,3,,,205,3,,,,,,2,,3,,
,1793,2,8,3,,,572,,JAPAN:   AOMORI,40.85,139.95,,6.9,,12,1,,,,,,2,164,3,,,12,1,,,,,,2,164,3,,
,1793,2,17,,,,573,,"JAPAN:  SANRIKU,RIKUZEN,RIKUCHU",38.5,144,,8.3,,25,1,,,,,,3,1060,4,,,745,3,,,,,,3,1160,4,,
,1793,5,15,,,,,,CHINA:  SICHUAN PROVINCE:  NEAR QIANNING,30.6,101.5,,6,8,200,3,,,30,1,,2,,3,,,200,3,,,30,1,,2,,3,,
,1796,3,30,10,45,,,,"CHILE:  COPIAPO, VALLENAR, HUASCO, COQUIMBO",-27.35,-70.35,,7.7,11,,1,,,,,,2,,3,,,,1,,,,,,2,,3,,
,1797,2,4,12,30,,,,"ECUADOR: RIOBAMBA, QUITO, CUZCO; PERU;  COLOMBIA",-1.64,-78.67,,8.3,11,40000,4,,,,,,4,,4,,,40000,4,,,,,,4,,4,,
,1797,12,14,,,,,,"VENEZUELA:  CUMANA, CARIACO",10.6,-64.1,,,9,16000,4,,,,,,3,,3,,,16000,4,,,,,,3,,3,,
,1798,2,2,,,,,,EL SALVADOR:  SAN SALVADOR,13.7,-89.2,,,,,3,,,,,,4,,,,,,3,,,,,,4,,,,
,1799,8,27,,,,,,CHINA:  YUNNAN PROVINCE,23.8,102.4,,6.5,9,2000,4,,,,,,4,15236,4,,,2000,4,,,,,,4,15236,4,,
,1801,10,5,,,,,,MEXICO:  OAXACA,16.2,-96.1,,7,,7,1,,,,2,,3,,,,,7,1,,,,2,,3,,,,
,1802,11,7,,,,3215,,"ALGERIA:  KOLEA, BLIDA, ALGIERS",36.5,2.9,,,,,3,,,,,,3,1100,4,1100,4,,3,,,,,,3,1100,4,,
,1802,12,9,5,,,588,,"JAPAN:  NW HONSHU:  SADO ISLAND, OGI",37.7,138.3,,6.6,,19,1,,,,,,3,1060,4,,,19,1,,,,,,3,1060,4,,
,1803,9,1,,,,,,"INDIA:  UTTARAKHAND, MATHURA (MUTTRA)",31,79,,7.5,,,3,,,,,,3,,3,,3,,3,,,,,,3,,3,,3
,1804,1,13,17,45,,4278,,SPAIN:  ALMERIA:  DALIAS,36.083,-3.583,,6.7,8,2,1,,,,,,1,,1,,1,2,1,,,,,,1,,1,,1
,1804,6,8,1,,,591,,GREECE:  PATRAI,38.2,21.8,,,10,,2,,,,,,3,,,,,,2,,,,,,3,,,,
,1804,7,10,13,,,593,,JAPAN:  KISAKATA,39.05,139.95,,7.3,,450,3,,,,,,4,10810,4,,,450,3,,,,,,4,10810,4,300,3
,1804,8,25,8,25,,,,"SPAIN: ALMERIA, DALIAS, ROQUETAS",36.77,-2.83,,6.4,10,173,3,,,200,3,,3,2500,4,4000,4,173,3,,,200,3,,3,2500,4,4000,4
,1805,6,16,8,15,0,,,"COLOMBIA:  HONDA,MARIQUITA",5.37,-74.87,15,6.1,8,200,3,,,,3,,3,,3,,3,200,3,,,,3,,3,,3,,3
,1806,3,25,,,,,,"MEXICO:  JALISCO,OAXACA,MICHOACAN",18.9,-103.8,,7.5,8,2000,4,,,,,,4,,3,,,2000,4,,,,,,4,,3,,
,1806,6,11,,,,,,CHINA:  TIBET (XIZANG PROVINCE):  SHANNAN (LHOKA),28.5,92,,7.7,,100,2,,,,,,2,,3,,,100,2,,,,,,2,,3,,
,1806,10,27,12,30,,,,SPAIN:  GRANADA,37.23,-3.73,,5.3,8,13,1,,,,,,2,,2,,,13,1,,,,,,2,,2,,
,1807,6,6,16,,,,,PORTUGAL:  LISBON,38.7,-9.2,,,7,11,1,,,,,,1,,1,,,11,1,,,,,,1,,1,,
,1808,4,2,16,43,,3219,,"ITALY:  VALLEY OF PELLICE, CHISONE",44.833,7.25,,5.7,9,2,1,,,,,,1,,,,,2,1,,,,,,1,,,,
,1810,2,16,,,,3642,,GREECE:  CRETE:  IRAKLION (CANDIA),35.5,25,100,,10,3000,4,,,,,,3,,3,,3,3000,4,,,,,,3,,3,,3
,1810,9,25,,,,603,,JAPAN:  OGA,39.9,139.9,,6.6,,59,2,,,,,,3,1804,4,,,59,2,,,,,,3,1804,4,,
,1811,3,18,,,,,,TAIWAN:  DANSHUI:  OFF WEST COAST,25.2,121.3,,7,,21,1,,,21,1,,2,,,,,21,1,,,21,1,,2,,,,
,1811,9,27,,,,,,CHINA:  SICHUAN PROVINCE:  E. OF GANZE,31.7,100.3,,6.5,8,480,3,,,,,,2,598,3,,,480,3,,,,,,2,598,3,,
,1811,12,16,8,15,,2442,,ARKANSAS: NORTHEAST (NEW MADRID EARTHQUAKES),35.6,-90.4,,7.5,11,,1,,,,,,3,,,,1,,1,,,,,,3,,,,1
,1812,3,26,20,7,,607,,VENEZUELA:  LA GUAIRA,10.6,-66.9,33,7.7,10,26000,4,,,,,,3,,,,,26000,4,,,,,,3,,,,
,1812,11,11,10,50,0,608,,JAMAICA:  KINGSTON,18,-76.8,,,,,2,,,,,,2,,,,3,,2,,,,,,2,,,,3
,1812,12,8,15,,,,,CALIFORNIA:   SAN JUAN CAPISTRANO,34.37,-117.65,,6.9,8,40,1,,,,,,2,,,,1,40,1,,,,,,2,,,,1
,1812,12,21,19,,,609,,CALIFORNIA:   PURISIMA,34.2,-119.9,,7.5,8,1,1,,,,1,,2,,,100,1,1,1,,,,1,,2,,1,100,1
,1813,3,30,9,30,0,,,PERU:  ICA,-14.1,-75.4,,,7,32,1,,,,,,2,,1,,,32,1,,,,,,2,,1,,
,1814,2,4,,,,,,CHINA:  HENAN PROVINCE,35.8,114.4,,5.3,7,4,1,,,,3,,1,,2,,,4,1,,,,3,,1,,2,,
,1814,11,24,,,,,,CHINA:  YUNNAN PROVINCE:  SIPING,23.7,102.5,,6,8,900,3,,,,,,3,900,3,,,900,3,,,,,,3,900,3,,
,1815,10,13,,,,,,TAIWAN:,25.2,121.2,,6.5,8,111,3,,,,,,3,,3,,,111,3,,,,,,3,,3,,
,1815,10,23,,,,,,CHINA:  SHANXI PROVINCE,34.8,111.2,,6.8,9,13000,4,,,,,,4,20000,4,,,13000,4,,,,,,4,20000,4,,
,1816,7,22,15,30,,,,GUATEMALA:  SOLOMA,15.5,-91.5,33,7.5,9,23,1,,,,,,3,,3,,3,23,1,,,,,,3,,3,,
,1816,12,8,,,,,,CHINA:  SICHUAN PROVINCE,31.4,100.7,,6.5,8,2854,4,,,,,,3,1104,4,,,2854,4,,,,,,3,1104,4,,
,1817,3,18,10,45,,,,SPAIN: LA RIOJA,42.3,-2.25,,5.7,8,1,1,,,,,,3,,3,,,1,1,,,,,,3,,3,,
,1818,2,20,18,10,,,,"ITALY:  ACIREALE, CATANIA, CALABRIA",37.6,15,,,10,72,2,,,,,,3,,3,,,72,2,,,,,,3,,3,,
,1818,5,31,,,,5894,,"MEXICO:  MORELOS-GUERRERO,MEXICO CITY,GUADALAJARA",19.1,-103.94,,8.2,10,2000,4,,,,,,3,,3,,,2000,4,,,,,,3,,3,,
,1818,9,8,9,37,,,,ITALY:  MADONIE,37.8,14,,,10,100,2,,,,,,3,,3,,,100,2,,,,,,3,,3,,
,1819,2,24,,,,,,CHINA: QINGHAI PROVINCE,36.1,102.3,,5.8,7,126,3,,,58,2,,2,108,3,108,3,126,3,,,58,2,,2,108,3,,
,1819,3,,,,,,,ALGERIA:  MASCARA,35.07,0.02,,,10,,3,,,,,,3,,3,,,,3,,,,,,3,,3,,
,1819,4,4,20,0,,,,CHILE:  COPIAPO,-27.4,-70.3,,8,,,3,,,,,,3,,3,,,,3,,,,,,3,,3,,
,1819,4,12,3,0,,626,,CHILE:  COPIAPO,-27,-71.5,,8.5,10,,1,,,,,,3,,3,,,,1,,,,,,3,,3,,
,1819,6,16,23,30,,629,,"INDIA:  RANN OF KUTCH,AHMADABAD,POONAH,BHOOJ",23,71,,7.7,11,1543,4,,,,,,4,1547,4,,,1543,4,,,,,,4,1547,4,,
,1820,8,3,,,,,,CHINA:  HENAN PROVINCE,34.1,113.8,,6,8,430,3,,,590,3,,4,26040,4,,,430,3,,,590,3,,4,26040,4,,
,1820,10,9,,,,,,IRAN:  SHIRAZ,29.6,52.5,,,,,3,,,,,,3,,,,,,3,,,,,,3,,,,
,1820,10,19,,,,,,"HONDURAS: OMOA, SAN PEDRO SULA",15.7,-88,,,8,,3,,,,,,2,,3,,,,3,,,,,,2,,3,,
,1820,12,29,3,30,,3271,,GREECE:  ZAKINTHOS (ZANTE),37.75,21.25,,6.9,10,386,3,,,,,,3,379,3,,3,388,3,,,,,,3,379,3,,3
,1821,1,6,17,15,0,637,,GREECE:  ZAKINTHOS (ZANTE),37.8,21.2,,,10,,2,,,,,,2,,,,,,2,,,,,,2,,,,
,1821,7,10,13,,,,,"PERU:  CAMANA, OCONA, CARAVELI",-16.107,-72.967,,,8,162,3,,,,,,3,,,,,162,3,,,,,,3,,,,
,1822,6,18,,,,,,CHINA:  GANSU PROVINCE,33,104.6,,5.5,7,23,1,,,20,1,,1,70,2,,,12,1,,,20,1,,1,70,2,,
,1822,8,13,,,,3274,,"TURKEY:  ANTAKYA; SYRIA:  HALAB,DIMASHQ (DAMASCUS);",36,36,,,11,20000,4,,,,,,4,,,,,20000,4,,,,,,4,,,,
,1822,9,5,,,,,,"TURKEY; SYRIA:  DIMASHQ (DAMASCUS), HALAB; CYPRUS",36,36,,,11,,4,,,,,,4,,,,,,4,,,,,,4,,,,
,1822,11,20,2,30,,641,,"CHILE:  VALPARAISO, QUILLOTA, CONCON,  ACONCAGUA",-33,-72,,8.5,11,72,3,,,200,3,,4,,3,,3,72,3,,,200,3,,4,,3,,3
,1824,6,2,,,,,,"IRAN:  KAZIRUN, SHAHPUR",29.7,51.6,,,,,4,,,,,,4,,4,,,,4,,,,,,4,,4,,
,1824,6,25,,,,,,"IRAN:  SHIRAZ, GUYUM",29.8,52.4,,6.4,8,,3,,,,,,3,,2,,3,,3,,,,,,3,,2,,3
,1824,10,26,,,,647,,"PHILIPPINES:  MANILA,SAN FRANCISCO",14.25,121.25,,,,,3,,,,,,2,,3,,,,3,,,,,,2,,3,,
,1825,1,19,11,45,,653,,GREECE:  IONIAN ISLANDS:  LEUKAS,38.75,20.75,,6.8,11,60,2,,,,,,3,,3,,,60,2,,,,,,3,,3,,
,1825,3,2,7,,,,,"ALGERIA:  BLIDA, ALGIERS",36.4,2.8,,,10,7000,4,,,,,,4,,4,,4,7000,4,,,,,,4,,4,,4
,1825,,,,,,,,IRAN:  HARHAZ,36.1,52.6,,6.7,8,,3,,,,,,3,,3,,,,3,,,,,,3,,3,,
,1827,3,23,,,,,,CHINA:  SHANXI PROVINCE,34.9,111.1,,5.3,7,84,2,,,,2,,1,55,2,,,84,2,,,,2,,1,55,2,,
,1827,11,16,22,45,,664,,"COLOMBIA:  BOGOTA, NEIVA, POPAYAN, PASTO, HUILA",1.8,-76.4,,7,11,250,3,,,,,,3,,,,,250,3,,,,,,3,,,,
,1828,2,2,13,15,,,,ITALY:  ISCHIA ISLAND,40.7,13.9,,,10,28,1,,,,,,1,,1,,,28,1,,,,,,1,,1,,
,1828,3,30,12,35,,666,,"PERU:  LIMA, CALLAO",-12.13,-77.809,50,8.3,7,30,1,,,,3,,2,,,,2,30,1,,,,3,,2,,,,2
,1828,6,26,,,,,,INDIA:  KASHMIR,34.2,74.5,,,8,1000,3,,,,,,3,1200,4,,,1000,4,,,,,,3,1200,4,,
,1828,12,18,,,,669,,JAPAN:  SANDYO IN ETIGO,37.5,139.5,,,,1443,4,,,,,,4,11750,4,,,1443,4,,,,,,4,11750,4,,
,1828,12,29,,,,670,,INDONESIA:  SULAWESI,-7,119,,,9,,3,,,,,,3,,,,,,3,,,,,,3,,,,
,1829,3,21,18,30,,,,"SPAIN:  TORREVIEJA, MURCIA",38.2,-0.9,,,10,2000,4,,,,,,3,3000,4,,,2000,4,,,,,,3,3000,4,,
,1829,5,5,,,,,,GREECE:  XANTHI-DRAMA,41.1,24.5,,7.3,9,,2,,,,,,2,,3,,,,2,,,,,,2,,3,,
,1829,9,26,19,12,,673,,CHILE:  VALPARAISO,-33.05,-71.63,,7,11,,1,,,,,,1,,,,,,1,,,,,,1,,,,
,1829,11,18,,,,,,CHINA:  ANHUI PROVINCE,33.2,117.9,,5.5,7,,3,,,,,,3,,3,,,,3,,,,,,3,,3,,
,1829,11,19,,,,,,CHINA:  SHANDONG PROVINCE,36.6,118.5,,6,8,200,3,,,,,,2,,2,,,200,3,,,,,,2,,2,,
,1830,1,18,9,15,,675,,PHILIPPINES:  MANILA,14.55,120.9,,,9,,3,,,,,,2,,3,,,,3,,,,,,2,,3,,
,1830,6,12,,,,,,CHINA:  HEBEI PROVINCE,36.4,114.2,,7.5,10,7477,4,,,,4,,4,200000,4,,,7477,4,,,,4,,4,200000,4,,
,1831,8,11,,,,,,"BARBADOS, SAINT VINCENT, DOMINICA, ANTIGUA",13.1,-59.617,,,,3000,4,,,,,,3,,,,,3000,4,,,,,,3,,,,
,1831,9,28,,,,,,CHINA:  ANHUI PROVINCE,32.8,116.8,,6.3,8,33,1,,,,,,1,,1,,,33,1,,,,,,1,,1,,
,1831,10,9,2,15,,,,"CHILE: ARICA;  PERU: TACNA, AREQUIPA",-18.5,-71,,7.8,7,,2,,,,,,1,,,,,,2,,,,,,1,,,,
,1833,8,26,,,,,,NEPAL: KATHMANDU; INDIA: BIHAR; CHINA: TIBET,28.3,85.5,,7.7,9,500,3,,,,3,,3,,4,,4,500,3,,,,3,,3,,4,,4
,1833,9,6,,,,3578,,CHINA:  YUNNAN PROVINCE,25.2,103,,8,11,6700,4,,,,,,4,87620,4,,,6700,4,,,,,,4,87620,4,,
,1833,9,18,10,45,,5657,,PERU-CHILE:  PERU:  TACNA; CHILE:  ARICA,-18.251,-71.01,,7.7,8,700,3,,,25,1,,3,1001,4,,,700,3,,,25,1,,3,1001,4,,
,1833,12,7,,,,682,,JAPAN:  HONSHU:  NW,38.9,139.15,,7.4,,35,1,,,,,,3,540,3,1790,4,85,2,,,,,,3,1140,4,1790,4
,1834,1,20,12,,,,,"COLOMBIA:  PUTUMAYO,PASTO, POPAYAN, SANTA MARTA",1.1,-76.93,15,6.7,9,,3,,,,2,,3,,3,,3,,3,,,,2,,3,,3,,3
,1834,4,11,,,,,,CHINA:  YUNNAN PROVINCE,24.9,103,,5,6,,1,,,,,,1,,,,,,1,,,,,,1,,,,
,1834,5,23,,,,,,"JORDAN:  AL-KARAK; ISRAEL:  JERUSALEM, NABULUS",31.3,35.6,,6.3,9,,3,,,,,,2,,,,3,,3,,,,,,2,,,,3
,1834,8,12,15,30,0,,,VENEZUELA:  MERIDA,8.8,-70.9,,,7,,2,,,,,,2,,,,,,2,,,,,,2,,,,
,1835,2,20,16,22,,689,,CHILE:  CONCEPCION,-36.83,-73.03,,8.2,11,50,1,30,1,500,3,,4,,3,,,53,2,30,1,500,3,,4,,3,,3
,1837,1,1,1,,,702,,ISRAEL: ZEFAT (SAFED); LEBANON:  BEIRUT (BEYROUT),33,35.5,,6.4,10,6000,4,,,,,,4,,4,,,6000,4,,,,,,4,,4,,
,1837,9,10,18,,,,,"VENEZUELA:  SANTA TERESA DEL TUY,SANTA LUCIA",10.3,-66.6,,,7,,1,,,,2,,2,,,,,,1,,,,2,,2,,,,
,1837,9,10,,,,,,CHINA:  GANSU PROVINCE,34.6,103.7,,6,8,37,1,,,,,,2,941,3,,,37,1,,,,,,2,941,3,,
,1838,1,23,18,36,,5841,,"ROMANIA:  CARPATHIAN FOLD,VRANCEA",45.7,26.6,150,6.9,8,42,1,,,,,,2,,,,3,42,1,,,,,,2,,,,3
,1839,1,11,9,55,0,5864,,"MARTINIQUE:  FORT-DE-FRANCE, ST PIERRE; CASTRIES",14.9,-60.6,33,7.8,9,390,3,,,,,,2,,,,,390,3,,,,,,2,,,,
,1839,2,7,,,,,,CHINA:  YUNNAN PROVINCE,26.1,99.9,,6,8,100,2,,,,,,2,600,3,,,100,2,,,,,,2,600,3,,
,1839,2,23,,,,,,CHINA:  YUNNAN PROVINCE,26.1,99.9,,6,8,129,3,,,18,1,,2,1667,4,,,129,3,,,18,1,,2,1667,4,,
,1839,3,22,,,,,,EL SALVADOR:  SAN SALVADOR,13.7,-89.2,,,,,3,,,,,,4,,4,,,,3,,,,,,4,,4,,
,1839,3,23,,,,,,"MYANMAR (BURMA):  AVA, AMARAPURA",21.9,96,,,11,400,3,,,,,,3,,3,,,400,3,,,,,,3,,3,,
,1839,6,27,,,,,,TAIWAN: JIAYI,23.4,120.4,,6.5,8,117,3,,,534,3,,3,6600,4,,,117,3,,,534,3,,3,6600,4,,
,1840,3,22,,,,719,,"PHILIPPINES:  SORSOGON,MASBATE IS,CASIGURAN,ALBAY",12.9,123.9,,6.5,9,17,1,,,200,3,,3,,3,,,52,2,,,200,3,,3,,3,,
,1840,7,2,16,,,,,"TURKEY:  MT ARARAT, AGURI, ARALIKH; IRAN:  MAKU",39.7,44.4,,6.7,9,1049,3,,,,,,4,,4,,,1049,4,,,,,,4,,4,,
,1840,,,,,,,,FIJI: KADAVU,-19,178,,,8,40,1,,,,,,1,,,,,40,1,,,,,,1,,,,
,1842,4,18,8,30,,5875,,GREECE:  MAINA (LACONIA),36.5,22.3,100,,9,,1,,,,1,,3,,3,,3,,1,,,,1,,3,,3,,3
,1842,5,7,21,,,726,,HAITI:  CAP-HAITIEN,19.75,-72.2,,8,9,5000,4,,,,,,4,,4,,,5300,4,,,,,,4,,4,,
,1842,6,11,,,,,,CHINA: XINJIANG PROVINCE,43.6,93,,7,9,,2,,,,3,,3,5460,4,,,,2,,,,3,,3,5460,4,,
,1842,12,8,,,,,,ETHIOPIA:  ANKOBER,9.6,39.8,,,9,,3,,,,,,3,,,,,,3,,,,,,3,,,,
,1843,1,5,,,,728,,SW. SUMATRA,1.5,98,70,7.3,11,,3,,,,,,3,,3,,,,3,,,,,,3,,3,,
,1843,2,8,14,50,0,730,,GUADELOUPE:  POINTE-A-PITRE,16.5,-62.2,33,8.3,9,5000,4,,,,,,4,,,,,5000,4,,,,,,4,,,,
,1844,5,12,,,,,,"IRAN:  KASHAN, QAMSAR, KAMU, KUSHIAN, CHUKA",33.6,51.4,,6.4,,1500,4,,,,,,3,,3,,,1500,4,,,,,,3,,3,,
,1844,5,12,,,,,,"TURKEY:  OSMANCIK, ANKARA",40.98,34.8,,,9,200,3,,,,,,3,,3,,,200,3,,,,,,3,,3,,
,1844,5,13,,,,,,"IRAN:  MIYANEH, GARMRUD, ESFAHAN",37.4,48,,6.9,,,4,,,,,,4,,4,,,,4,,,,,,4,,4,,
,1845,2,8,7,30,,741,489,"INDONESIA:  N SULAWESI:  MENADO, TIKALA, TOMOHON",1.48,124.85,,7,9,118,3,,,,,,2,,3,,,118,3,,,,,,2,,3,,
,1845,2,,,,,,,TAIWAN:  ZHANGHUA,24.1,120.5,,6,8,380,3,,,,3,,3,4000,4,,,380,3,,,,3,,3,4000,4,,
,1845,6,19,,,,743,,INDIA:  RANN OF KUTCH,23.583,68.367,,6.3,8,,1,,,,,,1,,1,,,,1,,,,,,2,,2,,
,1846,8,14,12,35,,3313,,"ITALY:  ORCIANO, LUCIANA",43.4,10.6,5,6.1,10,56,2,,,,,,3,,,,,56,2,,,,,,3,,,,
,1847,5,8,,,,,,"JAPAN:  ZENKOJI, NAGANO",37,138,,7.4,,12000,4,,,,,,4,34000,4,,,12000,4,,,,,,4,34000,4,,
,1847,8,7,,,,,,"EGYPT:  AL-FAYYUM, CAIRO",29.5,30.5,,,11,185,3,,,,4,,4,4072,4,4072,4,126,3,,,,4,,4,4072,4,,4
,1847,10,2,,,,,,"MEXICO:  JALISCO,OAXACA,MICHOACAN",20.36,-102.84,,,9,58,2,,,,,,3,,,,,58,2,,,,,,3,,,,
,1847,10,8,,,,,,CHILE:  COQUIMBO,-31.61,-71.18,,7.3,8,,1,,,,,,1,,1,,,,1,,,,,,1,,1,,
,1848,12,3,,,,,,TAIWAN: ZHANGHUA,24.1,120.5,,6.8,9,1001,4,,,,4,,4,20300,1,,,1001,4,,,,,,4,20300,4,,
,1849,2,26,9,30,,,,VENEZUELA:  TACHIRA (LOBATERA),7.3,-72.3,13,6,9,40,1,,,,3,,2,,,,,40,1,,,,3,,2,,,,
,1849,11,17,10,10,,772,,CHILE:  COQUIMBO,-29.95,-71.37,,7.5,8,,1,,,,,,1,,,,1,,1,,,,,,1,,,,1
,1850,4,19,,,,,,TURKEY:  HUDAVENDIGAR,40.2,29,,,,,2,,,,,,1,,,,,,2,,,,,,1,,,,
,1850,9,12,,,,,,CHINA:  SICHUAN:  XICHANG,27.8,102.3,,7.5,10,20650,4,,,,,,4,,,,,20650,4,,,,,,4,,,,
,1850,,,,,,,,CHINA:  GANSU PROVINCE:  WUSBAN,34.7,104.9,,5,6,,2,,,,,,1,,1,,,,2,,,,,,1,,1,,
,1851,4,2,10,48,,777,,CHILE:  VALPARAISO,-33.32,-71.42,,7.1,8,,1,,,,,,3,,3,,,,1,,,,,,3,,3,,
,1851,8,14,1,23,,,,"ITALY:  MELFI, RAPOLLA, BARILE, RIONERO, MT VULTURE",41,15.7,,,11,671,3,,,,,,3,,3,,,671,3,,,,,,3,,3,,
,1851,10,12,6,,,784,,"ALBANIA:  VLORE (VALONA),BERAT; TURKEY",40.5,19.7,,6.6,11,2000,4,,,,,,4,,4,,,2000,4,,,,,,4,,4,,
,1851,10,17,,,,,,ALBANIA:  BERAT,40.5,19.7,,,10,400,3,,,,,,3,,3,,,400,3,,,,,,3,,3,,
,1852,1,24,,,,,,"PAKISTAN:  UPPER SINDH, FORT KAHAN, MURREE HILLS",27.7,68.8,,,,350,3,,,,,,3,,3,,3,350,3,,,,,,3,,3,,
,1852,4,16,22,16,0,,,AZORES:  SAO MIGUEL (SAN MIGUEL),37.5,-25.3,,,8,9,1,,,,1,,1,,1,,,9,1,,,,1,,1,,1,,
,1852,5,26,,,,,,CHINA: NINGXIA,37.5,105.2,,6,8,300,3,,,400,3,,3,20000,4,,,300,3,,,400,3,,3,20000,4,,
,1852,9,16,10,45,,790,,"PHILIPPINES:  LUZON:  BATAAN, RIZAL, PAMPANGA,MANILA",14,120.5,,7.5,9,3,1,,,1,1,,3,,3,,,3,1,,,1,1,,3,,3,,
,1852,12,4,,,,803,,S. MEXICO,17,-100,,,,1,1,,,,4,,3,,3,,,1,1,,,,4,,3,,3,,
,1853,4,22,,,,,,IRAN:  SHIRAZ,29.6,52.5,,,9,13000,4,,,,,,4,,4,,,13000,4,,,,,,4,,4,,
,1853,7,15,,,,807,,VENEZUELA:  CUMANA,10.5,-64.2,14,6.7,9,1000,3,,,,3,,3,,3,,,1000,3,,,,3,,3,,3,,
,1853,8,18,8,30,,808,,"GREECE:  THEBES, BOEOTIA",38.25,23.5,,,9,17,1,,,,,,2,,,,,17,1,,,,,,,,,,
,1854,4,14,,,,,,EL SALVADOR:  SAN SALVADOR,13.8,-89.2,,,,1000,3,,,,,,4,,,,,1000,3,,,,,,4,,,,
,1854,5,5,,,,,,"MEXICO:  VERACRUZ,OAXACA",16.35,-97.7,,7.7,9,4,1,,,,,,3,,,,3,4,1,,,,,,3,,,,3
,1854,7,9,,,,,,"JAPAN:  IGA, ISE, YAMATO",35,136,,,,1352,4,,,,,,3,5000,4,,,1352,4,,,,,,3,5000,4,,
,1854,7,30,2,30,,,,"ALBANIA:  DELVINE, SULI, GZIG",39.5,20.5,,,10,,3,,,,,,3,,3,,,,3,,,,,,3,,3,,
,1854,12,23,0,46,,835,,JAPAN:  ENSHUNADA SEA,34,137.9,,8.3,,300,3,,,,,,3,600,3,,,1000,3,,,,,,4,8900,4,,
,1854,12,24,8,0,0,837,,JAPAN:  NANKAIDO,33.1,135,,8.4,,,3,,,,,,3,10000,4,,,3000,4,,,,,,4,20000,4,15000,4
,1854,12,24,,,,,,CHINA: SICHUAN PROVINCE,29.1,107.1,,5.5,7,,3,,,,,,2,,2,,,,3,,,,,,2,,2,,
,1855,2,28,1,,,,,"TURKEY:  TAYABAS, BURSA",40.2,29.1,,6.7,10,2200,4,,,,,,3,,4,,,2200,4,,,,,,3,,4,,
,1855,4,11,17,40,,,,TURKEY:  BURSA,40.2,29.1,,,10,400,3,,,,,,3,,3,,,400,3,,,,,,3,,3,,
,1855,7,14,,,,,,INDONESIA:  MALUKU:  TERNATE ISLAND,0.8,127.3,,,9,34,1,,,,,,2,1,1,,2,34,1,,,,,,2,1,1,,2
,1855,11,11,,,,851,,JAPAN:  TOKYO,35.65,139.8,,7,,6757,4,,,,,,4,50000,4,,,6757,4,,,,,,4,50000,4,,
,1855,12,11,,,,,,CHINA:  LIAONING PROVINCE,39.1,121.6,,5.5,7,7,1,,,,,,2,560,3,,,7,1,,,,,,2,560,3,,
,1856,1,12,10,20,,,,"PORTUGAL:  TAVIRA, ALGARVE",37.1,-8,,,10,2,1,,,,,,2,100,2,,,2,1,,,,,,2,100,2,,
,1856,6,10,,,,,,CHINA:  HUBEI PROVINCE,29.7,108.8,,5.5,7,300,3,,,,,,2,,,,,300,3,,,,,,,,,,
,1856,8,4,,,,2377,,HONDURAS:  COAST,16,-88,,7.5,10,,3,,,,,,3,,3,,,,3,,,,,,3,,3,,
,1856,8,22,11,40,,3380,,ALGERIA:  NORTHERN,37.1,5.7,,,9,8,1,,,,1,,2,,2,,,8,1,,,,1,,2,,2,,
,1856,10,12,0,45,,866,,GREECE:  CRETE; EGYPT,35.5,26,100,,11,600,3,,,,,,3,8000,4,8000,4,600,3,,,,,,3,8000,4,,
,1856,11,13,,,,867,,GREECE:  CHIOS (E SPORADES),38.25,26.25,,6.6,9,,2,,,,,,2,,3,,,,2,,,,,,2,,3,,
,1857,1,9,10,13,0,,,CALIFORNIA: SAN LUIS OBISPO,35.717,-120.317,,7.9,7,2,1,,,,,,3,,,,,2,1,,,,,,3,,,,
,1857,5,13,,,,870,,"INDONESIA:  TIMOR ISLAND::  DILHI, GERA",-8,115.5,50,7,,36,1,,,,,,2,,2,,,36,1,,,,,,2,,2,,
,1858,4,9,,,,,,JAPAN:  HIDA:  N,36,137.5,,,,203,3,,,,,,2,709,3,,,203,3,,,,,,2,709,3,,
,1858,9,20,,,,,,"ALBANIA:  DELVINON, BERATI; GREECE: CORFU",40,20,,,10,12,1,,,,,,3,1556,4,,,12,1,,,,,,3,1556,4,,
,1858,11,11,6,15,,,,PORTUGAL:  SETUBAL,38.2,-9,,,10,6,1,,,,,,3,605,3,605,3,6,1,,,,,,3,605,3,,
,1859,3,22,13,30,0,,,ECUADOR:  PICHINCHA,-0.3,-78.5,,,,,1,,,,,,3,,,,,,1,,,,,,3,,,,
,1859,6,11,13,,,,,AZERBAIJAN:  SHEMAKHA (SEMACHA),40.7,48.5,10,5.9,9,100,3,,,286,3,,2,,,,,100,3,,,286,3,,2,,,,
,1859,10,5,12,0,,888,,CHILE,-27.35,-70.35,,7.6,10,10,1,,,,,0.93,1,339,3,,,10,1,,,,,,2,339,3,,
,1861,2,16,,,,904,,"INDONESIA:  LAGUNDI, SIMUK, TELLO I",-1,97.5,70,8.5,9,,3,,,,,,2,,,,,1105,4,,,,,,2,,,,
,1861,3,9,,,,907,,INDONESIA:  SW. SUMATRA,0.009,98,20,7,,,3,,,,,,2,96,2,,,950,3,,,,,,3,96,2,,
,1861,3,20,,,,908,,"ARGENTINA:  MENDOZA, SAN LUIZ",-32.8,-68.8,,,9,14000,4,,,,,,4,,4,,4,14000,4,,,,,,4,,4,,
,1861,7,19,,,,,,CHINA:  LIAONING PROVINCE,39.1,121.7,,6,8,2,1,,,8,1,,2,780,3,,,2,1,,,8,1,,2,780,3,,
,1862,6,6,,,,,,TAIWAN:  TAINAN,23.4,120,,6.5,8,2000,4,,,,,,3,,3,,,2000,4,,,,,,3,,3,,
,1862,7,10,8,15,0,3560,,"GHANA:  ACCRA,CHRISTIANSBORG,ASHANTI,AKWAPIM",7,0.4,,6.5,9,3,1,,,,,,3,,3,,,3,1,,,,,,3,,3,,
,1862,12,23,,,,,,CHINA:  SHANXI PROVINCE,35.5,111.5,,5.5,7,,2,,,,,,2,,3,,,,2,,,,,,2,,3,,
,1863,4,22,20,30,,3445,,"GREECE:  RHODES, KOS",36.5,28,,7.8,11,300,3,,,,3,,3,2050,4,,,300,3,,,,3,,3,2050,4,,
,1863,4,,,,,,,CHINA:  YUNNAN PROVINCE,26,100.1,,5.5,7,,3,,,,,,3,,3,,,,3,,,,,,3,,3,,
,1863,6,3,11,20,,928,,"PHILIPPINES:  MANILA, RIZAL, BULACAN",14.5,121,,6.5,10,400,3,,,2000,4,,4,1172,4,,,400,3,,,2000,4,,4,1172,4,,
,1863,11,6,,,,,,"TURKEY:  GALLIPOLI, GEMLIK",40.5,29.1,,6.7,9,2,1,,,,,,1,,,,1,2,1,,,,,,1,,,,1
,1864,1,3,,,,,,"IRAN:  ARDABIL; AZERBAIJAN:  LENKORAN, NIAR",38.25,48.28,,,9,500,3,,,,,,3,,3,,,500,3,,,,,,3,,3,,
,1864,1,17,,,,,,"IRAN:  KIRMAN, CHATRUD",30.6,57,,,8,,3,,,,,,3,,,,,,3,,,,,,3,,,,
,1864,10,3,,,,,,"MEXICO:  PUEBLA,VERACRUZ,ACULTZINGO,ACATZINGO",17.5,-100.1,,7,,20,1,,,,,,3,,,,,20,1,,,,,,3,,,,
,1864,12,2,,,,,,"IRAQ:  ZURBATIYAH, BADRAH, TURSAQ, BAGHDAD",33.38,45.98,,6.4,8,100,2,,,,,,2,100,2,,,100,2,,,,,,2,100,2,,
,1865,7,23,21,30,0,,,GREECE:  MOLYVOS (LESBOS),39.4,26.2,,,10,,1,,,,,,2,,3,,,,1,,,,,,2,,3,,
,1866,3,2,15,30,,952,,"ALBANIA:  SMOKTHINE, VELCA, VLORE",40.3,19.3,,,10,60,2,,,,,,1,12,1,,,60,2,,,,,,1,12,1,,
,1866,5,12,,,,,,TURKEY:  GOYNUK,40.38,30.8,,7.2,9,675,3,,,,,,3,2400,4,,,675,3,,,,,,3,2400,4,,
,1867,1,2,6,13,,,,ALGERIA:  EL AFFROUN,36.4,2.7,,,10,70,2,,,100,2,,2,,3,,,70,2,,,100,2,,2,,3,,
,1867,2,4,4,19,,3446,,GREECE:  CEPHALONIA,38.233,20.424,,7.2,10,223,3,,,,,,3,3200,,2600,,223,3,,,,,,3,3200,4,2600,4
,1867,3,7,14,,,2321,,GREECE: MITILINI;  TURKEY: IZMIR,39.2,26.4,,7,,563,3,,,,3,,3,5915,4,5500,4,563,3,,3,,,,3,5915,4,5500,4
,1867,6,10,,,,5749,,"INDONESIA:  JAVA:  JOGYAKARTA, SURAKARTA",-7.8,110.4,,,9,5,1,,,,,,3,372,3,,,5,1,,,,,,3,372,3,,
,1867,9,20,3,15,,965,,GREECE:  PENINSULA OF MAINA (LACONIA),36.4,22.2,,7.1,10,,2,,,,,,2,,2,,,,2,,,,,,2,,2,,
,1867,12,18,,,,967,,TAIWAN:  CHILUNG (KEELUNG),25.34,121.91,,7,,,3,,,,3,,2,,2,,,580,3,,,,3,,2,,3,,3
,1868,4,3,2,24,,971,3423,HAWAII:  SE OF,19,-155.5,,7.9,10,31,1,,,,,,1,46,1,,,77,2,,,,,,2,,3,,
,1868,8,13,21,30,,983,,CHILE:  ARICA,-18.6,-71,25,8.5,11,25000,4,,,,,,4,,,,,25000,4,,,,,300,4,,,,
,1868,8,15,19,30,,,,"ECUADOR:  EL ANGEL, CONCEPCION",0.81,-77.72,,8,8,,1,,,,,,3,,3,,,,1,,,,,,3,,3,,
,1868,8,16,6,30,,,,"ECUADOR:  GUAYAQUIL,IBARRA; COLOMBIA:  SAN PABLO",0.31,-78.18,20,7.7,10,70000,4,,,,,,4,,4,,,70000,4,,,,,,4,,4,,
,1868,10,21,15,53,0,993,,"CALIFORNIA:  HAYWARD,SAN FRANCISCO",37.7,-122.1,,6.8,9,30,1,,,,,0.35,1,,2,,,30,1,,,,,0.35,1,,3,,
,1869,1,10,,,,,,"INDIA:  ASSAM:  CACHAR,SILCHAR",24.5,92.5,,,,2,1,,,,,,3,,4,,3,2,1,,,,,,3,,4,,3
,1869,2,17,4,,,,,"VENEZUELA:  SAN CRISTOBAL,TACHIRA (LOBATERA)",7.5,-72.1,,,7,,1,,,,,,2,,,,,,1,,,,,,2,,,,
,1869,7,7,,,,,,NEPAL:  KATHMANDU,27.7,85.3,,6.5,,,3,,,,,,4,,4,,4,,3,,,,,,4,,4,,
,1869,11,16,11,45,,,,ALGERIA:  BISKRA,34.9,5.9,,,10,40,1,,,,,,2,,3,,,40,1,,,,,,2,,3,,
,1869,12,1,19,55,,,,"TURKEY:  GULF OF KERAMOS, MENTESE",37,28,,7.5,10,3,1,,,,,,3,,3,,,3,1,,,,,,3,,3,,
,1869,12,28,3,,,1012,,GREECE:  LEUKAS (IONIAN ISLANDS),38.8,20.8,,,11,15,1,,,,,,3,,,,,15,1,,,,,,3,,,,
,1870,4,11,,,,,,CHINA:  SICHUAN PROVINCE:  BATANG,30,99,,7.3,10,2300,4,,,,,,4,,4,,,2300,4,,,,,,4,,4,,
,1870,5,11,,,,2330,,"MEXICO:  OAXACA,ZANAGUIA,SAN FRANCISCO OZOLOTEPEC",15.4,-96.3,,7.9,,24,1,,,20,1,,3,,3,,,24,1,,,20,1,,3,,3,,
,1870,6,26,15,,,,,VENEZUELA:  EL TOCUYO,9.5,-69.5,,,7,3,1,,,,,,2,30,1,,,3,1,,,,,,2,30,1,,
,1870,8,1,0,45,,3420,,GREECE:  ITEA DELPHI (PHOKIS),38.5,22.5,,7,10,100,2,,,,,,2,,3,,,100,2,,,,,,2,,3,,
,1870,10,20,16,30,,5665,,"CANADA:  QUEBEC: QUEBEC CITY, CHARLEVOIX",47.4,-70.5,,,,2,1,,,,,,1,16,1,,1,2,1,,,,,,1,16,1,,1
,1871,8,21,,,,,,VIRGIN ISLANDS:  ST. THOMAS,18.35,-64.9,,,,,2,,,,,,2,100,2,100,2,,2,,,,,,2,100,2,,
,1871,10,5,9,,,1029,,CHILE,-20.2,-70.2,,7.3,10,,1,,,,,,3,101,3,,,,1,,,,,,3,101,3,,
,1871,10,9,,,,,,ARGENTINA:  SALTA,-23.1,-64.3,,,8,,3,,,,,,2,,,,,,3,,,,,,2,,,,
,1872,1,28,7,,,,,AZERBAIJAN:  SHEMAKHA (SEMACHA),40.6,48.7,7,5.7,10,118,3,,,44,1,,3,,,,,118,3,,,44,1,,3,,,,
,1872,3,14,8,20,,1038,,JAPAN:  HONSHU:  SW,34.9,132,,7.4,,804,3,,,200,3,,4,5796,4,,,804,3,,,200,3,,4,5796,4,,
,1872,3,26,10,30,,1039,,CALIFORNIA:  OWENS VALLEY,36.7,-118.1,,7.8,10,27,1,,,56,2,0.25,1,52,2,,,27,1,,,56,2,0.25,1,52,2,,
,1872,4,3,5,45,,5821,,"TURKEY:  ANTAKYA (ANTIOCH), SUEDIJE",36.2,36.2,,7.3,10,1800,4,,,,,,3,,4,,4,1800,4,,,,,,3,,4,,4
,1873,3,4,,,,,,"EL SALVADOR:  SANTA TOMAS, SAN VICENTE",13.64,-89.13,,,,800,3,,,,,,4,,3,,,800,3,,,,,,4,,3,,
,1873,7,7,6,26,,1052,,"CHILE:  LIGUA, QUILLOLTA",-32.3,-71.16,,,,,1,,,,,,3,,3,,,,1,,,,,,3,,3,,
,1873,,,,,,1049,,PAPUA NEW GUINEA:  MACLAY COAST,-5.5,146,,8,9,,2,,,,,,2,,2,,,,2,,,,,,2,,2,,
,1874,9,3,3,2,0,,,"GUATEMALA:  ANTIGUA,CHIMALTENANGO,AMATITLAN",14.5,-90.7,,7.1,8,300,3,,,,,,3,,,,,300,3,,,,,,3,,,,
,1875,2,11,,,,,,MEXICO:  SAN CRISTOBAL DE LA BARRANCA,20.7,-103.4,,7.5,,25,1,,,25,1,,2,,3,,,25,1,,,25,1,,2,,3,,
,1875,5,3,,,,,,"TURKEY:  CAPALI, DINAR, CIVRIL, YAKA",38.1,30.2,,7.3,10,1300,4,,,,,,4,1000,4,,,1300,4,,,,,,4,1000,4,,
,1875,5,18,16,25,,,,"COLOMBIA:  CUCUTA,SAN CAYETANO,VILLA DEL ROSARIO",7.9,-72.5,20,7.5,10,1001,4,,,,,,3,,3,,,1001,4,,,,,,3,,3,,
,1875,10,25,,,,,,INDONESIA:  W JAVA:  KUNINGAN,-6.9,108.3,,,8,7,1,,,,,,3,,,1001,4,7,1,,,,,,3,,,1001,4
,1877,5,10,0,59,,1075,,CHILE:  OFF NORTH COAST,-21.5,-70.5,40,8.3,11,103,2,,,,,1.6,2,,3,,,2385,4,,,,,,3,,3,,
,1878,1,23,12,5,,1090,,CHILE:  TARAPACA,-19.92,-70.335,40,7.9,8,,1,,,,,,3,,3,,,,1,,,,,,3,,3,,
,1878,4,12,0,41,0,,,"VENEZUELA:  CUA, CHARALLAVE, SAN DIEGO",10.3,-66.8,13,5.9,9,400,3,,,,,,3,,,,,400,3,,,,,,3,,,,
,1878,4,19,7,,,2322,,"TURKEY:  IZMIT, ESME, LABINIA",40.7,29.7,,6.6,9,40,1,,,500,3,,2,,3,,,40,1,,,500,3,,2,,3,,
,1878,8,7,,,,,,CHINA:  YUNNAN PROVINCE,27.7,100.8,,5.5,7,70,2,,,,,,3,,3,,,70,2,,,,,,3,,3,,
,1878,10,2,,,,,,EL SALVADOR:  JUCUAPA,13.5,-88.4,,,,,3,,,,,,3,,3,,,,3,,,,,,3,,3,,
,1879,3,22,0,,,,,"IRAN:  BOZQUSH, ARDABIL, GAMRUD, TARK, MANAN",37.8,47.9,,6.7,9,2000,4,,,,,,3,,4,,,2000,4,,,,,,3,,4,,
,1879,7,1,,,,,,CHINA:  GANSU PROVINCE,33.2,104.7,,8,11,22000,4,,,,4,,4,,4,,,22000,4,,,,4,,4,,4,,
,1880,1,23,4,39,,,,"CUBA:  SAN CRISTOBAL,CANDELARIA",22.7,-83,,6,9,,1,,,,,,2,,,,,,1,,,,,,2,,,,
,1880,6,22,,,,,,CHINA:  GANSU PROVINCE:   WENXIAN,33,104.6,,5.5,8,8,1,,,9,1,,2,,,,,8,1,,,9,1,,2,,,,
,1880,7,18,4,40,,1117,,"PHILIPPINES:  S COAST LUZON:  PASIG RIVER,PAMPANGA",16,121.85,100,7.5,9,20,1,,,50,1,,3,,3,,,20,1,,,50,1,,3,,3,,
,1880,8,15,12,48,,1118,,CHILE:  ILLAPEL,-31.62,-71.18,,7.7,10,2,1,,,,,,3,600,3,,,2,1,,,,,,3,600,3,,
,1881,2,18,,,,,,TAIWAN:  S of XINZHU,24.5,120.7,,5.5,7,11,1,,,,,,2,,2,,,11,1,,,,,,2,,2,,
,1881,4,3,11,30,,3458,,GREECE:  KHIOS; TURKEY: CESME,38.25,26.25,,7.3,11,7866,4,,,,,,4,,4,,4,7866,4,,,,,,4,,4,,4
,1881,7,20,,,,,,CHINA:  GANSU PROVINCE,33.6,104.6,,6.5,8,480,3,,,,,,3,4800,4,,,480,3,,,,,,3,4800,4,,
,1881,9,25,,,,,,TAIWAN,25,121.5,,5.5,7,,1,,,,,,2,,3,,,,2,,,,,,2,,3,,
,1882,7,19,,,,,,"MEXICO:  PUEBLA,HUAHUAPAN,HUAMUXTITLAN,XALPATLAHUAC",17.7,-98.2,,7.5,,7,1,,,10,1,,3,,,,,7,1,,,10,1,,3,,,,
,1882,9,7,7,50,0,1132,,PANAMA: SAN BLAS ARCHIPELAGO,10,-79,,8.3,11,,2,,,,2,,3,,3,,,,3,,,,2,,3,,3,,
,1882,12,2,,,,,,CHINA:  HEBEI PROVINCE,38.1,115.5,,5.8,8,11,1,,,,,,3,,3,,,11,1,,,,,,3,,3,,
,1882,12,9,,,,1129,,TAIWAN:  ZHANGHUA,23.8,120.5,,6.3,8,8,1,,,3,1,,1,40,1,,,8,1,,,3,1,,1,40,1,,
,1883,5,3,,,,,,IRAN:  TABRIZ,38.1,46.3,,6.2,7,,3,,,,,,3,,,,,,3,,,,,,3,,,,
,1883,7,28,20,25,,,,"ITALY:  ISCHIA IS: CASAMICCIOLA, FORINO, LACCO AMENO",40.7,13.9,,,10,2313,4,,,374,3,,4,2278,4,,,2313,4,,,374,3,,4,2278,4,,
,1883,10,15,13,30,,,,"TURKEY:  AYVALIK, IZMIR, CESME",38.3,26.2,,7.3,10,15000,4,,,,,,4,3600,4,,,15000,4,,,,,,4,3600,4,,
,1884,5,19,,,,,,"IRAN:  QESHM I,BANDAR-E-LAFT,SAHELI,TONBAN,DIRESTAN",26.81,55.91,,,8,238,3,,,500,3,,3,,3,,,238,3,,,500,3,,3,,3,,
,1884,8,10,19,7,,2359,,"NEW YORK: ROCKAWAY BEACH, NEAR NEW YORK CITY",40.6,-73.75,,5.5,7,3,1,,,1,1,,1,,,,,3,1,,,1,1,,1,,,,
,1884,11,14,,,,,,CHINA:  YUNNAN PROVINCE,23,101.1,,6.5,8,17,1,,,80,2,,2,,3,,,17,1,,,80,2,,2,,3,,
,1884,12,25,21,8,,,,"SPAIN:  ARENAS DEL REY, VEGA, ALHAMA, MALAGA",36.95,-3.983,,6.7,9,745,3,,,1475,4,,4,4399,4,63616,4,745,3,,,1475,4,,4,4399,4,6316,4
,1885,1,14,,,,,,CHINA:  GANSU PROVINCE,34.5,105.7,,6,8,80,2,,,,,,2,1001,4,,,80,2,,,,,,2,1001,4,,
,1885,5,30,,,,,,INDIA:  KASHMIR:  SRINAGAR,34.5,74.68,,6.3,,3000,4,,,,,,4,,4,,4,3000,4,,,,,,4,,4,,4
,1885,7,14,,,,,,BANGLADESH:,24.8,89.5,,6.9,7,75,2,,,,,,2,,4,,,75,2,,,,,,2,,4,,
,1885,12,3,20,0,,,,ALGERIA:  M'SILA,36.1,4.6,,5.9,9,33,1,,,,,,3,,3,,,33,1,,,,,,3,,3,,
,1885,12,22,,,,,,CHINA:   YUNNAN PROVINCE,25,104,,5,6,4,1,,,,2,,1,,1,,,4,1,,,,2,,1,,1,,
,1886,8,27,21,32,,1164,,"GREECE:  TRIPHYLIE (PELEPONESE), PHILIATRA",37.1,21.7,,6.8,10,326,3,,,796,3,,3,6000,4,,,326,3,,,796,3,,3,6000,4,,
,1886,9,1,2,51,0,2360,,SOUTH CAROLINA:  CHARLESTON,32.9,-80,,7.3,10,60,2,,,,,5,2,,,,,60,2,,,,,6,3,,,,
,1887,2,23,5,21,,,,ITALY:  LIGURIAN COAST,43.9,8.1,,6.5,10,600,3,,,200,3,,3,,,,,600,3,,,200,3,,3,,,,
,1887,5,3,9,,,1168,,MEXICO:  BAVISPE,30.8,-109.25,80,7.4,12,51,2,,,,3,,3,,3,,,51,2,,,,3,,3,,3,,
,1887,11,29,12,30,,,,ALGERIA:  KALAA,35.58,0.33,,,10,20,1,,,,,,3,331,3,,,20,1,,,,,,3,331,3,,
,1887,12,16,,,,,,CHINA:  YUNNAN PROVINCE,23.7,102.5,,6.8,9,2000,4,,,3000,4,,3,,3,,,2000,4,,,3000,4,,3,,3,,
,1888,1,10,12,55,,,,TRINIDAD; GRENADA:  ST GEORGE'S,10.3,-61.1,,7.5,8,1,1,,,,,,2,,,,3,1,1,,,,,,2,,,,3
,1888,3,11,,,,,,CHINA:  QINGHAI PROVINCE,36.5,102.2,,5,6,,1,,,,1,,1,,2,,2,,1,,,,1,,1,,2,,
,1888,11,2,,,,,,CHINA:  GANSU PROVINCE,37.1,104.2,,,8,,3,,,,,,3,,3,,,,3,,,,,,3,,3,,
,1888,12,30,10,12,,,,"COSTA RICA:  SAN JOSE, ALA JUELA, HEREDIA",9.95,-84.1,,,8,,1,,,,,,3,1439,4,2271,4,,1,,,,,,3,1439,4,2271,4
,1889,7,28,14,45,,,,JAPAN:  KUMAMOTO,32.8,130.7,,6.3,,20,1,,,74,2,,1,239,3,,,20,1,,,74,2,,,239,3,,
,1890,7,11,7,55,,3564,,"IRAN:  TASH, ASTRABAD (GORGAN), BASTAM, SHAKHRUD",36.6,54.6,10,7.2,10,171,3,,,,,,3,,3,,,171,3,,,,,,3,,3,,
,1890,12,12,,,,,,INDONESIA:  JAVA:  PATI,-6.76,111.04,,,8,,2,,,,,,2,,3,,,,2,,,,,,2,,3,,
,1891,1,15,3,55,,3466,,"ALGERIA:  BOURAVA, GOURAYA",36.5,1.8,,,10,36,1,,,,,,2,75,2,,,36,1,,,,,,2,75,2,,
,1891,4,17,,,,,,CHINA:  SHANXI PROVINCE,37.1,111.9,,5.8,7,31,1,,,,,,1,,2,,,31,1,,,65,2,,1,,2,,
,1891,10,27,21,37,,,,JAPAN:  MINO-OWARI,35.5,137,,8.4,,7273,4,,,,,,4,142177,4,,,7273,4,,,,,,4,142177,4,,
,1893,1,31,3,45,,,,GREECE:  ZAKINTHOS (ZANTE),37.7,20.9,,6.3,9,2,1,,,,,,3,,,2600,4,2,1,,,,,,3,,,2600,4
,1893,2,9,16,,,1202,,GREECE:  SAMOTHRAKI,40.5,25.5,,6.5,10,1,1,,,,2,,2,,2,,2,1,1,,,,2,,2,,2,,2
,1893,3,31,,,,,,TURKEY:  MALATYA,38.3,38.3,,6.7,9,400,3,,,,,,3,,,,,400,3,,,,,,3,,,,
,1893,4,8,13,,,,,BALKANS:  NW:  POPOVIC,44.2,21.2,,,10,3,1,,,,,,3,,3,,,3,1,,,,,,3,,3,,
,1893,4,17,5,10,,1210,,"GREECE:  ZAKINTHOS (ZANTE), GAITANI-KERI",37.68,20.81,,6.5,10,25,1,,,,,,3,2000,4,4500,4,25,1,,,,,,3,2000,4,4500,4
,1893,6,1,,,,,,CHINA:  QINGHAI PROVINCE,36.6,101.8,,5.5,7,,3,,,,,,2,300,3,300,3,,3,,,,,,2,300,3,,
,1893,8,29,,,,,,CHINA:  SICHUAN PROVINCE,30.5,101.5,,6.8,9,288,3,,,133,3,,3,,3,,,288,3,,,133,3,,3,,3,,
,1893,11,17,15,6,,,,"IRAN:  QUCHAN, MASHHAD, BOJNURD",37.2,58.4,,6.6,10,18000,4,,,,,,4,,4,,,18000,4,,,,,,4,,4,,
,1893,12,17,,,,,,CHINA: XINJIANG,41.7,82.8,,6.8,9,90,2,,,32,1,,3,556,3,,,90,2,,,32,1,,3,556,3,,
,1893,12,25,,,,,,CHINA: XINJIANG,41.2,80.3,,6.5,8,,3,,,,3,,2,,3,,,,3,,,,3,,2,,3,,
,1894,1,12,,,,,,IRAN:  QUCHAN,37.1,58.3,,,,,1,,,,,,1,,1,,,,1,,,,,,1,,1,,
,1894,2,26,,,,,,IRAN:  SHIRAZ,29.4,52.3,,,,,3,,,,,,3,,3,,,,3,,,,,,3,,3,,
,1894,3,22,10,23,,1208,,JAPAN:  OFF COAST OF HONSHU,42.5,146,40,7.9,9,1,1,,,6,1,,1,14,1,87,2,1,1,,,6,1,,2,,,99,2
,1894,4,20,16,52,,,,"GREECE:  LOCRIDE, MALESINA-MARTINON (LOKRIS)",38.6,23.2,,6.7,10,255,3,,,,,,3,,,,,255,3,,,,,,3,,,,
,1894,4,27,19,42,,1212,,GREECE:  ST KONSTANTINOS-ARKITSA (LOKRIS),38.7,23.1,,6.9,11,,3,,,,,,3,,,,,,3,,,,,,3,,,,
,1894,6,20,,,,,,JAPAN:  TOKYO,35.7,139.9,,7.5,,24,1,,,157,3,,1,90,2,,,24,1,,,157,3,,1,90,2,,
,1894,7,10,12,33,0,1213,,TURKEY,40.6,28.7,,6.7,10,1349,4,,,,,,3,,3,,2,1349,4,,,,,,3,,3,,2
,1894,11,16,18,52,,3406,,"ITALY:  PALMI, SANTA CRISTINA",38.3,15.9,,,10,101,3,,,,,,2,,,,,101,3,,,,,,2,,,,
,1895,1,17,8,30,,,,IRAN:  QUCHAN,37.1,58.4,,6.8,,1000,4,,,,,,4,,4,,,1000,4,,,,,,4,,4,,
,1895,4,14,20,17,30,,,BALKANS NW:  SLOVENIA:  LJUBLJANA,46.1,14.5,16,6.1,9,7,1,,,,,,3,,3,,,7,1,,,,,,3,,3,,
,1895,5,13,22,45,,,,GREECE:  MARGARITION-FILIATES (THESPROTIA),39.5,20.5,,6.3,10,80,2,,,,3,,3,150,3,,4,80,2,,,,3,,3,150,3,,4
,1895,5,13,22,,,,,ALBANIA:  HIMARA,40.1,19.4,,,10,,3,,,,,,2,,,,,,3,,,,,,2,,,,
,1895,8,30,,,,,,CHINA: GUANGDONG PROVINCE,23.5,116.5,,6,8,,2,,,14,1,,2,,3,,,,2,,,14,1,,2,,3,,
,1896,2,14,,,,,,CHINA:  SICHUAN PROVINCE:  FUSHUN,29.2,104.9,,5.8,7,26,1,,,12,1,,2,,3,,3,26,1,,,12,1,,2,,3,,
,1896,3,5,,,,,,CHINA:  XINJIANG,38,76,,6.5,,7,1,,,4,1,,1,42,1,42,1,7,1,,,4,1,,1,42,1,,
,1896,4,18,,,,,,INDONESIA:  TIMOR:  ALOR ISLAND,-8.25,124.75,,,8,250,3,,,,,,2,,3,,,250,3,,,,,,2,,3,,
,1896,6,15,10,33,,1234,,JAPAN:  SANRIKU,39.5,144,,8.3,,27122,4,,,9247,4,,4,11000,4,11000,4,27122,4,,,9247,4,,4,11000,4,,
,1896,8,31,,,,,,"JAPAN:  SENHOKU, UGO",40,141,,,,206,3,,,,,,4,5911,4,5911,4,206,3,,,,,,4,5911,4,,
,1896,11,1,5,1,,,,CHINA:  XINJIANG PROVINCE:  KASHGAR,39.7,75.9,25,6.6,8,7,1,,,5,1,,2,73,2,73,2,7,1,,,5,1,,2,73,2,,
,1897,1,11,3,0,,,,"IRAN:  QESHM ISLAND, LARAK ISLAND",26.95,56.26,33,6.1,8,1600,4,,,,,,4,,4,,,1600,4,,,,,,4,,4,,
,1897,3,19,,,,,,TAIWAN:  YILAN,24.7,121.8,,6,8,56,2,,,100,2,,1,50,1,,,56,2,,,100,2,,1,50,1,,
,1897,4,25,,,,,,MONTSERRAT,16.72,-62.18,,,,,3,,,,,,2,,3,,,,3,,,,,,2,,3,,
,1897,4,29,14,15,,,,GUADELOUPE; ANTIGUA; ST KITTS,16.5,-61.8,,,9,6,1,,,40,1,,2,,1,100,2,6,1,,,40,1,,2,,1,100,2
,1897,6,12,11,6,46,5262,,INDIA:  ASSAM; BANGLADESH,26,90.7,33,8,10,1542,4,,,,,,4,,4,,4,1542,4,,,,,,4,,4,,4
,1898,6,21,,,,,,CHINA: XINJIANG,39.8,76.6,,6,8,47,1,,,85,2,,2,425,3,,,47,1,,,85,2,,2,425,3,,
,1898,7,23,2,17,,1250,,CHILE:  CONCEPCION,-36.83,-73.03,,6.5,8,6,1,,,,,,2,,2,,,6,1,,,,1,,2,,2,,
,1898,9,22,,,,,,CHINA:  SHANXI PROVINCE,39.1,113,,5.5,7,12,1,,,,2,,2,570,3,,,12,1,,,,2,,2,570,3,,
,1899,4,12,,,,,,ARGENTINA: LA RIOJA,-28.65,-68.4,,,8,11,1,,,,2,,2,,,,,11,1,,,,2,,2,,,,
,1899,9,20,2,12,,,,"TURKEY:  SULTANHISAR,ATCA,NAZILLI,KUYUCAK,DENIZLI",37.93,28.84,,6.7,9,1117,4,,,,4,,3,7126,4,,,1117,4,,,,4,,3,7126,4,,
,1899,9,29,17,3,,1266,,INDONESIA:  BANDA SEA,-3,128.5,,7.8,,2460,4,,,300,3,,3,,,,,2460,4,,,300,3,,3,,,,
,1899,12,25,12,25,,1270,,CALIFORNIA,33.5,-117,,6.4,9,6,1,,,8,1,,2,,,,,6,1,,,8,1,,2,,,,
,1900,1,20,6,33,30,5896,,MEXICO,20,-105,10,7.3,8,,2,,,,,,3,,3,,,,2,,,,,,3,,3,,
,1900,7,12,6,25,0,,,"TURKEY:  KARS,KARAKURT,KAGIZMAN,DIGOR",40.3,43.1,,5.9,8,140,3,,,,,,3,1100,4,900,3,140,3,,,,,,3,1100,4,900,3
,1900,10,29,9,11,0,1276,,VENEZUELA:  MACUTO,11,-66,,7.7,10,25,1,,,,,,3,,3,,3,25,1,,,,,,3,,3,,3
,1901,2,15,,,,,,CHINA:  YUNNAN PROVINCE,26,100.1,,6,8,,3,,,,,,3,,3,,,,3,,,,,,3,,3,,
,1901,3,31,7,11,,,,"BULGARIA:  BALCHIK, KAVARNA, BLATNITSA, LIMANU",43.4,28.7,,6.4,8,4,1,,,50,1,,3,1200,4,1200,4,4,1,,,50,1,,,1200,4,,
,1901,3,31,7,12,,3725,,BULGARIA:  BALCHIK,43.4,28.5,,7.2,10,4,1,,,50,1,,3,1200,4,,,4,1,,,50,1,,3,1200,4,,
,1901,8,9,18,33,45,1282,,JAPAN:  OFF NORTHEAST COAST HONSHU,40.6,142.3,33,8.2,,18,1,,,,,,2,8,1,,,18,1,,,,,,2,8,1,,
,1902,1,16,23,19,0,,,MEXICO:  GUERRERO,17.617,-99.717,,7,,2,1,,,,,,2,,,,,2,1,,,2,1,,2,,,,
,1902,2,13,9,39,30,,,AZERBAIJAN:  SEMACHA; N IRAN,40.7,48.6,15,6.9,9,2000,4,,,60,3,,4,3496,4,3496,4,2000,4,,,,3,,4,3496,4,,
,1902,4,19,2,23,30,5063,,"GUATEMALA:  QUEZALTENANGO, SAN MARCOS",14,-91,33,7.5,,2000,4,,,,,,3,,,,,2000,4,,,,,,3,,,,
,1902,7,5,14,56,30,1289,,GREECE: THESSALONIKI,40.82,23.04,,6.5,9,5,1,,,,,,2,228,3,,,5,1,,,,,,2,228,3,,
,1902,7,9,3,38,0,,,"IRAN:  QESHM ISLAND:  QESHM,BANDAR ABBAS,GENU",27.1,56.3,,6.3,8,10,1,,,,,,2,,,,,10,1,,,,,,2,,,,
,1902,8,21,11,17,,1290,,"PHILIPPINES:  MINDANAO:  LANAO, COTABATO",7.5,123.5,,7.3,10,,3,,,,,,3,,3,,,,3,,,,,,3,,3,,
,1902,8,22,3,,,,,"CHINA:  XINJIANG, TURKESTAN",39.8,76.2,30,7.7,10,5653,4,,,,,,4,,4,,4,5653,4,,,,,,4,,4,,
,1902,8,,,,,,,CHINA:   YUNNAN PROVINCE,26.3,99.9,,5.5,7,6,1,,,,,,2,,3,,3,6,1,,,,,,2,,3,,
,1902,12,16,5,7,,,,UZBEKISTAN:   ANDIZHAN,40.8,72.3,9,6.4,9,4880,4,,,,,,4,41704,4,41704,4,4880,4,,,,,,4,41704,4,,
,1903,4,28,23,46,,,,TURKEY:  MALAZGIRT,39.1,42.5,,6.3,10,3560,4,,,,4,,4,12000,4,,,3560,4,,,,4,,4,12000,4,,
,1903,5,28,3,58,0,,,"TURKEY:  VARGINIS,CARDAHLI,MEHKEREK",40.9,42.7,,5.8,8,1000,4,,,,,,3,,,,,1000,4,,,,,,3,,,,
,1903,8,11,4,32,54,,,GREECE:  MITATA (KYTHERA),36,23,100,7.8,11,2,1,,,,,,3,,,,,2,1,,,,,,3,,,,
,1903,8,12,23,,,,,ARGENTINA:  MENDOZA,-32.1,-69.1,70,6,8,3,1,,,,,,2,,,,,3,1,,,,,,2,,,,
,1903,9,25,1,20,0,,,IRAN:  KASHMAR,35.2,58.2,,5.9,8,350,3,,,,,,2,,,,,350,3,,,,,,2,,,,
,1903,12,7,14,25,,1307,,"CHILE:  VALLENAR, FREIRINA",-28.5,-71,,6.5,8,,1,,,,,,2,,2,,,,1,,,,,,2,,2,,
,1904,4,24,6,39,,,,TAIWAN:  JIAYI,23.5,120.5,,6,,3,1,,,10,1,,2,66,2,,,3,1,,,10,1,,2,66,2,,
,1904,8,11,5,56,,,,"GREECE:  SAMOS, PATMOS",37.75,27,10,6.1,10,4,1,,,,,,3,540,3,,,4,1,,,,,,3,540,3,,
,1904,8,30,,,,,,CHINA:  SICHUAN PROVINCE,31.2,100.9,,6,8,400,3,,,,,,2,,3,,,400,3,,,,,,2,,3,,
,1904,11,5,20,25,,,,TAIWAN:  JIAYI,23.5,120.3,,6.3,,145,3,,,158,3,,2,661,3,,,145,3,,,158,3,,2,661,3,,
,1905,4,4,0,49,59.2,1322,,INDIA:  KANGRA,32.597,76.916,20,7.9,10,19000,4,,,,,,4,100000,4,,,19000,4,,,,,,4,100000,4,,
,1905,6,2,5,39,42,,,JAPAN:  AKI,34,132,100,7.8,,11,1,,,,,,1,59,2,59,2,11,1,,,,,,1,59,2,,
,1905,9,8,1,43,11,3411,,"ITALY:  MONTELEONE, TROPEA, MONTE PORO",38.67,16.07,15,7.1,11,557,3,,,2000,4,,4,6700,4,,,557,3,,,2000,4,,4,6700,4,,
,1905,11,8,3,27,,,,CHINA:  SICHUAN PROVINCE,29.3,104.8,,5,6,13,1,,,,1,,1,3,1,3,1,13,1,,,,1,,1,3,1,,
,1905,12,4,7,4,0,,,"TURKEY:  PUTURGE,CELIKHAN,RUMKALE",38.1,38.6,,6.8,9,,3,,,,,,3,,,,,,3,,,,,,3,,,,
,1906,1,7,,,,,,CHINA:  YUNNAN PROVINCE,26.6,104.1,,5.5,7,,3,,,,,,2,,3,,,,3,,,,,,2,,3,,
,1906,1,31,15,36,10,1331,,ECUADOR:  OFF COAST,0.955,-79.369,20,8.8,9,1000,3,,,,,,2,,3,,,1000,3,,,,,,3,,3,,
,1906,3,16,22,42,40,,,TAIWAN:  JIAYI,23.6,120.5,,6.8,,1258,4,,,145,3,,3,6769,4,,,1258,4,,,145,3,,3,6769,4,,
,1906,3,28,,,,,,CHINA:  FUJIAN PROVINCE,24.5,118.5,,6.5,8,,3,,,,2,,2,,2,,,,3,,,,3,,2,,2,,
,1906,4,13,19,18,,,,TAIWAN:  JIAYI,23.4,120.4,,6.5,,15,1,,,84,2,,3,1794,4,,,15,1,,,84,2,,3,1794,4,,
,1906,5,,,,,,,CHINA:  YUNNAN PROVINCE,24.6,98.6,,5.3,7,1,1,,,,,,2,,3,,,1,1,,,,,,2,,3,,
,1906,8,17,0,40,,1339,,CHILE:  SOUTH CENTRAL,-33,-72,25,8.2,11,4000,4,,,,,100,4,,,,,4000,4,,,,,100,4,,,,
,1906,9,14,16,4,18,1340,,PAPUA NEW GUINEA:  NEW BRITAIN,-7,149,33,8,,,2,,,,,,3,,3,,,,2,,,,,,3,,3,,
,1906,12,22,18,21,,,,CHINA:  XINJIANG PROVINCE,43.5,85,33,8.3,9,280,3,,,,,,3,2000,4,,,280,3,,,,,,3,2000,4,,
,1907,1,14,20,38,12,1350,,JAMAICA:  KINGSTON,18.667,-76.237,15,6.2,,1000,3,,,,,30,4,,3,,,1000,3,,,,,30,4,,3,,
,1907,4,15,6,8,6,1353,,MEXICO:  GUERRERO,17,-100,60,8.3,,8,1,,,,,,2,,3,,,8,1,,,,,,2,,3,,
,1907,4,18,20,59,48,,,PHILIPPINES:  SE LUZON:  CAMARINES,14,123,,7.6,9,2,1,,,,1,,3,,,,,2,1,,,,1,,3,,,,
,1907,10,21,4,23,36,,,TAJIKISTAN:   KARATAG,38.5,67.9,35,7.4,9,12000,4,,,,,,3,,3,,,12000,4,,,,,,3,,3,,
,1907,10,23,20,28,19,3415,,ITALY:  FERRUZANO,38.133,16.017,33,5.9,10,158,3,,,,,,2,,3,,,158,3,,,,,,2,,3,,
,1908,12,28,4,20,27,1373,,"ITALY:  MESSINA, SICILY, CALABRIA",38.17,15.58,40,7,11,78000,4,,,,,116,4,,4,,,80000,4,,,,,116,4,,4,,
,1909,1,23,2,48,29,,,IRAN:  SILAKOR,34.306,50.396,15,7.3,9,5500,4,,,,,,2,,,,,5500,4,,,,,,2,,,,
,1909,1,29,,,,,,"MOROCCO:  TETUAN (TETOUAN),ROMARS",35.6,-5.4,,,,100,2,,,,,,3,,,,,100,2,,,,,,3,,,,
,1909,2,9,11,24,5,,,"TURKEY:  ZARA,IPSALA,KOYULHISAR,ENDERS",40.406,38.098,,6.3,9,,2,,,,,,3,,3,,,,2,,,,,,3,,3,,
,1909,4,14,19,53,42,,,TAIWAN:  TAIPEI,25,121.5,,7.3,,9,1,,,51,2,,1,122,3,,,9,1,,,51,2,,1,122,3,,
,1909,4,23,17,39,36,,,"PORTUGAL:  RIBATEJO, BENAVENTE",38.9,-8.8,,6.6,10,30,1,,,,,,2,,2,,2,30,1,,,,,,2,,2,,
,1909,5,11,15,54,24,,,CHINA:  YUNNAN PROVINCE,24.4,103,,6.5,8,21,1,,,,,,2,,3,,,21,1,,,,,,2,,3,,
,1909,6,3,18,40,48,1376,,"INDONESIA:  SW SUMATRA:  KERINTJI, REDJANGLEBONG",-2,101,40,7.6,,,3,,,,,,3,,3,,3,,3,,,,,,3,,3,,
,1909,7,23,,,,,,BOLIVIA: COCHABAMBA,-17.5,-66.5,,,,15,1,,,,3,,2,,2,,,15,1,,,,3,,2,,2,,
,1909,8,14,6,30,,1384,,JAPAN:  OOMI,35.4,136.3,33,6.9,,41,1,,,,,,3,976,3,,,41,1,,,,,,3,976,3,,
,1909,11,5,,,,,,BOLIVIA: ORURO,-18,-67,,,,,2,,,,,,2,,2,,,,2,,,,,,2,,2,,
,1909,11,21,7,36,,,,TAIWAN,24.4,121.8,,7.3,,4,1,,,,,,1,14,1,,,4,1,,,,,,1,14,1,,
,1910,4,12,0,22,13,,,TAIWAN,25.5,122.5,200,7.8,,60,2,,,,,,1,13,1,,,60,2,,,,,,1,13,1,,
,1910,5,4,23,50,0,,,"COSTA RICA:  CARTAGO, SAN JOSE",10,-84,,6.4,,700,3,,,,,,3,,4,,,700,3,,,,,,3,,4,,
,1910,6,24,13,27,,,,"ALGERIA:  MASQUERAY,  KABYLIA",36,4,33,6.4,11,12,1,,,,,,1,,,,,12,1,,,,,,1,,,,
,1911,1,1,10,17,59,,,AFGHANISTAN:  KABUL,36.821,66.431,35,6.8,,,2,,,,,,2,,,,,,2,,,,,,2,,,,
,1911,1,3,23,25,49.3,,,"KAZAKHSTAN: ALMA-ATA, TURKESTAN;  AFGHANISTAN",42.919,76.808,20,8,10,450,3,,,,,,3,,,,,450,3,,,,,,3,,,,
,1911,1,26,,,,,,CHINA:  HEBEI PROVINCE,39.8,114.5,,5.5,7,,1,,,,1,,2,,3,,,,1,,,,1,,2,,3,,
,1911,2,18,18,41,9.4,,,"TAJIKISTAN:  USOY, BARCHIDIV, POSOR, NISUR",38.289,72.596,15,7.2,,318,3,,,,,,3,,3,,3,318,3,,,,,,3,,3,,
,1911,4,18,18,14,27.5,,,IRAN:  RAVAR,30.46,56.305,15,6.5,8,700,3,,,,,,3,,3,,,700,3,,,,,,3,,3,,
,1911,6,7,11,2,49.3,5898,,"MEXICO: COLIMA, JALISCO, MEXICO CITY",18.362,-102.471,30,7.6,9,,3,,,,3,,3,,4,,4,,3,,,,3,,3,,4,,4
,1911,6,15,14,26,,1396,,JAPAN:  RYUKYU ISLANDS,28,130,160,8,,12,1,,,,,,3,422,3,,,12,1,,,,,,3,422,3,,
,1912,1,24,16,23,14,3501,,GREECE:  ASPROGERAKAS (KEPHALLENIA),37.928,21.013,15,6.4,10,8,1,,,40,1,,2,,,,,8,1,,,40,1,,2,,,,
,1912,7,24,11,50,0,,,"PERU:  HUANCABAMBA,CAJAMARCA; ECUADOR:  GUAYAQUIL",-5.62,-80.413,30,7,10,,3,,,,3,,3,,3,,,,3,,,,3,,3,,3,,
,1912,8,9,1,29,2.1,2325,,TURKEY:  MARMARA SEA,40.73,27.121,15,7.2,,2800,4,,,7000,4,,4,24700,4,15400,4,2800,4,,,7000,4,,4,24700,4,15400,4
,1912,11,19,13,55,3.7,,,"MEXICO:  CENTRAL, ACAMBAY, TIXMADEJE",19.561,-99.884,,6.7,,202,3,,,,,,3,,2,,,202,3,,,,,,3,,2,,
,1913,2,24,2,30,0,,,"ECUADOR:  GONZANAMA, SAN PEDRO, MOLLETURE",-3.4,-79.6,50,7.7,7,,3,,,,,,3,,3,,,,3,,,,,,3,,3,,
,1913,3,14,8,45,4.3,1407,585,INDONESIA:  SANGIHE ISLAND,5.354,126.121,15,7.8,9,138,3,,,,2,,2,,3,,,138,3,,,,2,,2,,3,,
,1913,8,6,22,14,24,1409,,"PERU:  CARAVELI, CHUQUIBAMBA, OCONA, ATICO",-17,-74,33,7.9,10,,2,,,,,,3,,3,,3,,2,,,,,,3,,3,,3
,1913,8,,,,,,,CHINA:  SICHUAN PROVINCE,28.4,102.3,,6,8,,2,,,,,,2,,2,,,,2,,,,,,2,,2,,
,1913,10,2,4,23,28,5668,,PANAMA: AZUERO PENINSULA,7.1,-80.6,,6.7,,,1,,,,,,1,,1,,3,,1,,,,,,1,,1,,3
,1913,11,4,21,33,,,,"PERU:  AMYARAES, ABANCAY, CASAYA, SORAYA",-14.2,-72.9,10,6.3,10,150,3,,,,,,3,,3,,,150,3,,,,,,3,,3,,
,1913,12,21,15,37,38,,,CHINA:  YUNNAN PROVINCE,24.15,102.45,10,7,9,942,3,,,112,3,,3,,4,,,942,3,,,112,3,,3,,4,,
,1914,1,12,,,,1412,867,JAPAN:  SAKURIJIMA,31.58,130.67,,7.1,,29,1,,,,,,1,120,3,,,63,1,,,112,3,19,3,2268,4,,
,1914,3,15,20,0,6,,,JAPAN:  SENHOKU,39.2,139.8,33,7.2,,94,2,,,,,,3,640,3,,,94,2,,,,,,3,640,3,,
,1914,5,8,18,1,,,,"ITALY:  CATANIA, ETNA",37.7,15.2,,4.9,10,120,3,,,,,,3,223,3,,,120,3,,,,,,3,223,3,,
,1914,5,26,14,22,47.7,1416,,INDONESIA:  NEW GUINEA:  IRIAN JAYA:  JAPEN,-1.829,136.943,15,8.1,9,,3,,,,,,2,,3,,,,3,,,,,,2,,3,,
,1914,6,25,19,7,25.9,1418,,INDONESIA:  SUMATERA,-3.924,101.82,35,7.6,,20,1,,,20,1,,1,,1,,,20,1,,,20,1,,1,,1,,
,1914,8,4,22,41,6,,,CHINA:  XINJIANG WEIWUER ZIZHIQU PROVINCE(SINKIANG),43.5,91.5,,7.5,8,1,1,,,,,,1,,2,,,1,1,,,,,,1,,2,,
,1914,9,11,11,43,0,,,"PERU:  CARAVELI,NAZCA,ICA,ATICO",-15.387,-73.442,,,7,,1,,,,,,2,,,,,,1,,,,,,2,,,,
,1914,10,3,22,6,34,,,"TURKEY:  BURDUR, KILINC, KECIBORLU, ISPARTA",37.82,30.27,,7,9,4000,4,,,700,3,,4,17000,4,,,4000,4,,,700,3,,4,17000,4,,
,1914,10,6,19,15,,5542,,NEW ZEALAND:  NORTH ISLAND,-37.8,178.2,,,8,1,1,,,,,,2,,,,,1,1,,,,,,2,,,,
,1914,11,27,14,39,42.6,1420,,GREECE:  LEUKAS ISLAND,38.582,20.587,15,6.3,9,14,1,,,,,,3,,3,,2,14,1,,,,,,3,,3,,2
,1914,12,2,23,55,0,,,"PERU:  PARARCA,PAYSA,COLTA,OYALA",-15.2,-73.2,,,10,34,1,,,,,,3,,,,,34,1,,,,,,3,,,,
,1915,1,13,6,52,38,,,"ITALY:  MARSICA, AVEZZANO, ABRUZZI",42,13.5,10,7.5,11,29978,4,,,,,60,4,,,,,29978,4,,,,,60,4,,,,
,1915,6,23,4,56,0,,,CALIFORNIA:  EL CENTRO,32.8,-115.5,,6.2,,6,1,,,,3,0.9,1,,,,,6,1,,,,3,0.9,1,,,,
,1915,12,3,2,39,19,,,CHINA:  TIBET (XIZANG PROVINCE),29.5,91.5,,7,9,170,3,,,,,,2,,3,,,170,3,,,,,,2,,3,,
,1915,12,29,,,,,,EL SALVADOR; HONDURAS: GRACIAS,14.56,-88.76,,6.6,,,1,,,,,,2,,3,,,,1,,,,,,2,,3,,
,1916,8,16,7,6,22.2,3811,,ITALY:  RIMINI,44.035,13.009,,6,9,4,1,,,60,2,,3,,,,,4,1,,,60,2,,3,,,,
,1916,8,28,7,27,5,,,TAIWAN,23.7,120.9,,6.5,8,180,3,,,,,,2,614,3,,,180,3,,,,,,2,614,3,,
,1916,11,14,22,31,33,,,TAIWAN,24,121,,6,,1,1,,,20,1,,1,97,2,,,1,1,,,20,1,,1,97,2,,
,1917,1,4,16,50,6,,,TAIWAN:  PULI,23.9,120.9,,6.3,,54,2,,,85,2,,1,130,3,,,54,2,,,85,2,,1,130,3,,
,1917,1,20,23,11,34,1439,,INDONESIA:  BALI,-7,116,,6.6,9,1500,4,,,,,,2,,2,,,1500,4,,,,,,2,,2,,
,1917,1,24,0,48,12,,,CHINA:  ANHUI PROVINCE:,31.3,116.2,,6.3,8,,3,,,,,,3,,3,,,,3,,,,,,3,,3,,
,1917,1,31,3,39,55,1442,,"PHILIPPINES:  S MINDANAO:  GLAN,GLAN PADIDU,TUYAN",6,125,,6.4,9,7,1,,,2,1,,2,,2,,,7,1,,,2,1,,2,,2,,
,1917,6,8,0,51,51,,3664,EL SALVADOR:  SAN SALVADOR,13.82,-89.31,,6.7,,,3,,,,,,4,,3,,,,3,,,,,,4,,3,,
,1917,7,30,23,54,5,,,CHINA:  YUNNAN PROVINCE,28,104,33,6.8,9,1800,4,,,,,,4,,4,,,1800,4,,,,,,4,,4,,
,1917,8,31,11,36,18,,,"COLOMBIA:  BOGOTA, UBAQUE, SOACHA, CAQUEZA",4,-74,40,7.3,8,6,1,,,,2,,1,,1,,,3,1,,,,2,,1,,1,,
,1917,12,26,4,30,,,,GUATEMALA:  GUATEMALA CITY,14.6,-90.6,,6,9,2650,4,,,,,,4,,,,,2650,4,,,,,,4,,,,
,1918,2,13,6,7,13,1451,,CHINA:  GUANGDONG PROVINCE,23.5,117.2,23,7.3,10,2000,4,,,,4,,4,,4,,,2000,4,,,,4,,4,,4,,
,1918,4,21,22,32,30.4,,,"CALIFORNIA: SAN JACINTO, HEMET",33.762,-116.972,10,6.7,10,1,1,,1,,,0.2,1,,,,,1,1,,,,1,0.2,1,,,,
,1918,8,15,12,18,24,1456,,PHILIPPINES:  MINDANAO:  COTABATO,5.538,123.994,20,8.3,10,46,1,,,,,,3,,,,,52,2,,,,,,3,,,,
,1918,10,11,14,14,42,1458,,PUERTO RICO:  MONA PASSAGE,18.7,-67.189,15,7.1,9,,3,,,,,4,2,,,,,144,3,100,2,,,4,2,,,,
,1918,12,4,11,47,48,1461,,CHILE:  COPIAPO,-26,-71,,7.8,,,1,,,,,,3,,3,,,,1,,,,,,3,,3,,
,1919,4,28,6,45,45,,,EL SALVADOR:  SAN SALVADOR,13.69,-89.19,,5.9,,,2,,,,,,3,,,,3,,2,,,,,,3,,,,3
,1920,1,3,21,48,3,,,"MEXICO:  VERACRUZ: COZAUTLAN, PUEBLA: PATLANALA",19.26,-96.97,,7.8,10,648,3,,,167,3,,2,,,,,648,3,,,167,3,,2,,,,
,1920,2,20,11,44,25,,,"GEORGIA:  CAUCASUS:  GORI, TIFLIS",42,44.1,11,6.2,,,3,,,,,,3,,,,3,,3,,,,,,3,,,,3
,1920,6,5,4,21,35,,,TAIWAN,23.688,121.954,20,8.2,,5,1,,,20,1,,2,273,3,,,5,1,,,20,1,,2,273,3,,
,1920,11,26,8,51,7,,,"ALBANIA:  TEPELENE, DRAGOTI, PESHTANI, MARICAJ",40.2,20,25,6.2,11,200,3,,,,,,3,,3,,,200,3,,,,,,3,,3,,
,1920,12,16,12,5,54.7,3541,,"CHINA:  GANSU PROVINCE, SHANXI PROVINCE",36.601,105.317,25,8.3,12,235502,4,,,,,25,4,,,,,235502,4,,,,,25,4,,,,
,1920,12,17,19,0,4.6,,,ARGENTINA:  MENDOZA,-31.905,-68.412,15,6.7,8,400,3,,,,3,,3,,3,,,400,3,,,,3,,3,,3,,
,1920,12,18,2,1,36.3,1488,,"ALBANIA:  ELBASAN, PEQIN",41.197,20.704,15,6,9,,3,,,,,,3,,3,,,,3,,,,,,3,,3,,
,1921,4,12,9,36,4.3,,,CHINA: NINGXIA,36.826,100.953,15,6.2,,10000,4,,,,,,4,,,,,10000,4,,,,,,4,,,,
,1921,8,14,13,15,28,,,ETHIOPIA:  MESEWA (MASSAUA),15.6,39.6,,5.9,8,,2,,,,,,3,,,,,,2,,,,,,3,,,,
,1922,1,27,6,50,40,,,BRAZIL: SAO PAULO,-22.17,-47.04,15,5.1,6,1,1,,,,,,1,,,,1,1,1,,,,,,1,,,,1
,1922,2,27,20,39,50,1498,,"PHILIPPINES:  CEBU ISLAND, MACTAN ISLAND",10.2,124.1,,6.3,5,5,1,,,,,,2,,,,2,5,1,,,,,,2,,,,2
,1922,9,1,19,16,6,1503,,TAIWAN,24.5,122,,7.6,,5,1,,,7,1,,2,139,3,,,5,1,,,7,1,,2,139,3,,
,1922,11,11,4,32,51,1505,,CHILE:  ATACAMA,-28.293,-69.852,70,8.5,11,500,3,,,,,,3,,3,,,700,3,,,,,,3,,3,,
,1923,3,24,12,40,6,,,CHINA:  SICHUAN PROVINCE,31.5,101,13,7.3,10,4800,4,,,,,,3,,4,,,4800,4,,,,,,3,,4,,
,1923,5,25,22,21,37,,,IRAN:  TURBAT-HAKLARI,31.308,56.1,15,6,10,2200,4,,,,,,3,,,,,2200,4,,,,,,3,,,,
,1923,9,1,2,58,37,1526,,"JAPAN:  TOKYO, YOKOHAMA",35.1,139.5,35,7.9,,105385,4,,4,52074,4,600,4,,,,,105385,4,,4,52074,4,600,4,695000,4,,
,1923,9,9,22,3,46.7,,,BANGLADESH:  MYMENSINGH,24.969,90.752,15,6.9,,50,1,,,,,,2,,,,,50,1,,,,,,2,,,,
,1923,9,17,7,9,7,,,IRAN:  QALEH JAQ KMEN:  BODZHNURD,37.2,57.7,,6.4,9,157,3,,,,,,3,,,,,157,3,,,,,,3,,,,
,1923,9,22,20,47,43,,,IRAN:  SIRJAN,29.222,56.839,15,6.7,8,290,3,,,,,,2,,,,,290,3,,,,,,2,,,,
,1923,12,14,10,31,,,,COLOMBIA:  IPIALES,0.87,-77.78,10,6.2,9,300,3,,,,,,2,,,,,300,3,,,,,,2,,,,
,1923,12,22,9,55,35,,,"COLOMBIA:  GACHALA,GACHETA,UBALA,MEDINA",4.64,-73.36,15,5.9,8,7,1,,,,,,3,,2,,3,7,1,,,,,,3,,2,,3
,1924,5,13,1,52,33,,,TURKEY:  ERZURUM,39.7,42.8,,5.3,9,50,1,,,,,,2,,3,,,50,1,,,,,,2,,3,,
,1924,7,3,4,40,10,,,CHINA: XINJIANG,36.8,83.8,33,7.3,,100,2,,,,,,2,,2,,,100,2,,,,,,2,,2,,
,1924,9,13,14,34,5,,,TURKEY:  ERZURUM,40,42,,6.8,10,60,2,,,,,,2,380,3,,,60,2,,,,,,2,380,3,,
,1925,3,16,14,42,18.1,,,CHINA:  YUNNAN PROVINCE:  TALIFU,25.756,100.373,26,6.9,,5800,4,,,,4,,4,,4,,,5800,4,,,,4,,4,,4,,
,1925,5,5,10,6,6,1554,,"W. LUZON ISLAND, PHILIPPINES",9.3,122.7,33,6.8,9,17,1,,,,,,2,,2,,,17,1,,,,,,2,,2,,
,1925,5,23,2,9,45,,,JAPAN:  HONSHU:  TAJIMA,35.75,134.75,,6.8,,395,3,,,,,,4,3333,4,,,395,3,,,,,,4,3333,4,,
,1925,6,29,14,42,26.2,,,CALIFORNIA:  SANTA BARBARA,34.418,-120.196,10,6.8,9,13,1,,,,,8,3,,3,,,13,1,,,,,8,3,,3,,
,1925,8,7,6,46,37,,,TURKEY:  DINAR,38,30.5,,5.9,8,3,1,,,,,,3,2043,4,,,3,1,,,,,,3,2043,4,,
,1925,10,14,17,5,18,,,CHINA:  YUNNAN PROVINCE,27,100,,5.8,7,12,1,,,,3,,2,500,3,,,12,1,,,,3,,2,500,3,,
,1926,6,26,19,46,34.1,,,GREECE:  RHODES ISLAND; LOWER EGYPT,36.794,26.935,15,7,11,,2,,,,3,,3,,4,,,,2,,,,3,,3,,4,,
,1926,6,28,3,23,27.5,1567,,INDONESIA:  SUMATERA,0.059,101.419,15,6.6,9,,4,,,,3,,2,,3,,,,4,,,,3,,2,,3,,
,1926,7,5,,,,,,INDONESIA:  SUMATRA,-0.3,100.4,,,,,3,,,,,,2,,2,,,,3,,,,,,2,,2,,
,1926,8,31,10,40,9.7,1570,,AZORES:  FAYAL ISLAND,37.973,-28.59,10,5.8,10,9,1,,,200,3,,2,,3,,1,9,1,,,200,3,,2,,3,,1
,1926,10,22,19,59,38.8,,,TURKEY; ARMENIA,40.942,43.771,15,5.9,9,400,3,,,,,,4,,,,,400,3,,,,,,4,,,,
,1926,11,22,,,,,,CHINA:  YUNNAN PROVINCE,25.6,100.3,,5.5,7,,3,,,,,,1,,2,,,,3,,,,,,1,,2,,
,1927,3,7,9,27,,1576,,JAPAN:  HONSHU:  SW,35.6,135.1,10,7.3,,3022,4,,,3295,4,40,4,15594,4,9821,4,3022,4,,,3295,4,40,4,15594,4,9821,4
,1927,3,14,17,37,39,,,CHINA:  YUNNAN PROVINCE:  XUNDIAN,26,103,,6,8,,2,,,,,,2,,3,,,,2,,,,,,2,,3,,
,1927,3,20,,,,,,CHINA:  YUNNAN PROVINCE:  XINPING,24.1,102,,5,6,7,1,,,,,,1,,1,,,7,1,,,,,,1,,1,,
,1927,5,22,22,32,50.2,,,CHINA:  GANSU PROVINCE,37.666,102.493,15,7.7,11,40912,4,,,524,3,,4,26674,4,,,40912,4,,,524,3,,4,26674,4,,
,1927,7,11,13,4,,4416,,ISRAEL; JORDAN: DAMIYA,32,35.5,33,6.3,,268,3,,,,,,3,,,,,268,3,,,,,,3,,,,
,1927,8,24,18,9,0,,,TAIWAN,23,120.5,,6.8,,30,1,,,190,3,,2,200,3,,,30,1,,,190,3,,2,200,3,,
,1927,9,11,22,15,48,2299,,UKRAINE:  CRIMEA:  SEBASTOPOL,44.4,34.5,17,6.8,9,11,1,,,122,3,,4,,4,,4,11,1,,,122,3,,4,,4,,4
,1927,11,24,,,,,,CHINA:  YUNNAN PROVINCE:  FUMIN,25.2,102.5,,5.5,7,,3,,,,,,2,,3,,,,3,,,,,,2,,3,,
,1928,3,31,0,29,47,1594,,"TURKEY:  TEPEKOY, TORBALI",38.1,27.4,,6.5,9,170,3,,,700,3,,4,2600,4,,3,170,3,,,700,3,,4,2600,4,,3
,1928,4,9,17,34,17.1,1596,,PERU,-13.595,-70.343,30,6.7,9,10,1,,,,,,3,,3,,,10,1,,,,,,3,,3,,
,1928,4,14,8,59,43,,,BULGARIA:  CHIRPAN,42.2,25.3,7,6.8,10,127,3,,,1735,4,,4,74750,4,,,127,3,,,1735,4,,4,74750,4,,
,1928,4,18,19,22,40,,,BULGARIA:  POPOVITSA,42.1,25,10,7,11,,3,,,,4,,4,,4,,,,3,,,,4,,4,,4,,
,1928,4,22,20,13,46,1597,,GREECE:  CORINTH (CORINTHIA),38,23,29,6,9,20,1,,,,,,4,3000,4,,,20,1,,,,,,4,3000,4,,
,1928,5,14,22,14,48.3,,,"PERU:  CHACAHPOYAS,HUANCABAMBA,CAJAMARCA,PINPINCOS",-5.435,-78.665,,7.3,10,29,1,,,,,,3,,,,,29,1,,,,,,,,,,
,1928,6,17,3,19,33.1,1605,,MEXICO:  OAXACA,16.028,-97.036,35,7.7,,4,1,,,,,,2,,,,,4,1,,,,,,2,,,,
,1928,7,19,20,13,50,,,CHINA: SICHUAN PROVINCE,31.5,120.5,,5.8,7,6,1,,,10,1,,2,,2,,,6,1,,,10,1,,2,,2,,
,1928,8,21,19,2,17.9,,,IRAN:  SHIRVAN,36.893,59.044,15,5.6,8,30,1,,,,,,2,,,,,30,1,,,,,,,,,,
,1928,12,1,4,6,12,1609,,"CHILE:  TALCA, CHILLAN, SANTIAGO, SAN FERNANDO",-35,-72,25,7.6,9,279,3,,,,,,3,,3,,,279,3,,,,,,3,,3,,
,1928,12,19,11,37,10,1611,,"PHILIPPINES:  COTABATO,N COAST OF ILLANA BAY",7,124,,7.3,7,93,2,,,,,,2,,3,,,97,2,,,102,2,,2,,3,,
,1929,1,13,18,44,39,,,CHINA:  NEI MONGOL,40.7,111.6,,6,8,2,1,,,,,,2,100,2,,,2,1,,,,,,2,100,2,,
,1929,1,17,11,52,0,1612,,VENEZUELA: CUMANA,10.5,-64.2,,6.9,9,50,1,,,800,3,,3,,,,,50,1,,,800,3,,3,,1,,1
,1929,5,1,15,37,35.6,,,IRAN:  KOPET-DAGH,38.09,57.705,10,7.2,9,3800,4,,,1121,4,,4,,,,,3800,4,,,1121,4,,4,,,,
,1929,5,30,9,43,26.6,,,ARGENTINA:  MENDOZA,-34.858,-67.692,10,6.7,8,31,1,,,65,2,,2,,,,2,31,1,,,65,2,,2,,,,2
,1929,6,16,22,47,32,1618,,NEW ZEALAND:  SOUTH ISLAND,-41.75,172.25,,7.5,,17,1,,,,,,2,,3,,,17,1,,,,,,2,,3,,
,1929,7,13,7,36,43.6,,,IRAN:  FARUJ,37.866,58.404,15,5.9,7,21,1,,,,,,2,,,,,21,1,,,,,,2,,,,
,1929,7,25,8,45,,,,ECUADOR:  MURCO,-0.5,-78.3,20,,,,2,,,,,,3,,,,,,2,,,,,,3,,,,
,1930,5,5,13,46,1.3,3052,,"MYANMAR (BURMA):  PEGU, RANGOON",17.733,96.406,35,7.4,9,500,3,,,,,,3,,3,,3,500,3,,,,,,3,,3,,3
,1930,5,6,22,34,26.8,,,IRAN:  SALMAS,38.094,44.797,15,7.1,9,2539,4,,,,,,4,,,,,2539,4,,,,,,4,,,,
,1930,5,14,19,48,22,,,CHINA:  YUNNAN PROVINCE,26.8,103,,6,8,42,1,,,,2,,2,,3,,,42,1,,,,2,,2,,3,,
,1930,7,18,,,,,,MYANMAR (BURMA):  THARRAWADDY,17.4,95.5,,,,50,1,,,,,,2,,,,,50,1,,,,,,2,,,,
,1930,8,24,10,51,16,,,CHINA:  SICHUAN PROVINCE,30,100,,5.5,,200,3,,,,,,1,,,,,200,3,,,,,,1,,,,
,1930,10,30,7,13,10.1,4223,,ITALY:  SENIGALLIA,43.89,13.483,15,6,9,18,1,,,,,,3,,3,,,18,1,,,,,,3,,3,,
,1930,11,25,19,2,47,,,JAPAN:  HONSHU:  IDU,35,139,19,7.1,,259,3,,,1285,4,,4,8099,4,,,259,3,,,1285,4,,4,8099,4,,
,1930,12,3,18,51,51,,,MYANMAR (BURMA):  PYU,18.2,96.4,,7.3,,36,1,,,,3,,2,,2,,2,36,1,,,,3,,2,,2,,2
,1930,12,8,8,1,5,,,TAIWAN:  TAINAN,23.2,120.6,,6.3,,4,1,,,,2,,2,297,3,,,4,1,,,,2,,2,297,3,,
,1930,12,24,6,2,46.5,,,ARGENTINA:  LA POMA,-25.102,-65.419,15,6.1,8,31,1,,,70,2,,3,,3,,3,31,1,,,70,2,,3,,3,,
,1931,2,2,22,46,51.3,1636,,NEW ZEALAND:  HAWKE BAY,-39.772,176.025,35,7.7,9,261,3,,,400,3,25,4,,,,,261,3,,,400,3,25,4,,,,
,1931,8,10,21,18,43,,,CHINA:  XINJIANG WEIWUER ZIZHIQU PROVINCE:  N,47.1,89.8,25,8,11,10000,4,,,,,,4,,4,,,10000,4,,,,,,4,,4,,
,1932,2,3,6,16,2,1648,,CUBA: SANTIAGO DE CUBA,19.706,-75.691,25,6.7,8,14,1,,,300,3,,3,,,,,14,1,,,300,3,,3,,,,
,1932,3,6,,,,,,CHINA:  SICHUAN PROVINCE,30.1,101.8,,6,8,200,2,,,,,,1,,2,,,200,3,,,,,,1,,2,,
,1932,4,6,9,11,18,,,CHINA:  HUBEI PROVINCE,31.4,115,15,6,8,6,1,,,27,1,,2,,3,,,6,1,,,27,1,,2,,3,,
,1932,5,14,13,11,3.8,6028,,"INDONESIA:  SULAWESI:  KAKAS,LANGOWAN,POSO,TONDANO",0.386,125.884,15,7.7,7,7,1,,,115,2,,3,938,3,,,7,1,,,115,2,,3,938,3,,
,1932,5,21,10,10,3.7,,,EL SALVADOR; HONDURAS; NICARAGUA,13.198,-87.862,15,7.1,8,5,1,,,,,,2,,1,,2,5,1,,,,,,2,,1,,2
,1932,6,3,10,36,58.9,1649,,MEXICO:  NEAR COAST OF JALISCO,19.623,-103.919,35,8.1,10,400,3,,,120,3,,3,,3,,,400,3,,,120,3,,3,,3,,
,1932,6,6,8,44,26.3,,,CALIFORNIA: EUREKA,40.729,-124.287,15,6.5,8,1,1,,,,,,2,,1,,,1,1,,,,,,2,,1,,
,1932,9,26,19,20,42,1655,,GREECE: HIERISSOS-STRANTONION (CHALKIDIKI),40.5,23.9,35,6.9,10,161,3,,,669,3,,4,4106,4,3218,4,161,3,,,669,3,,4,4106,4,3218,4
,1932,12,25,2,4,7,,,CHINA:  GANSU PROVINCE,39.7,96.7,,7.6,10,275,3,,,320,3,,3,1167,4,,,275,3,,,320,3,,3,1167,4,,
,1932,,,,,,,,CHINA:  SICHUAN PROVINCE,31.8,102.2,,5,7,,1,,,,,,1,,1,,,,1,,,,,,1,,1,,
,1933,3,11,1,54,7.8,1662,,CALIFORNIA:  LONG BEACH,33.62,-117.97,16,6.3,9,120,3,,,,,41,4,,,,,120,3,,,,,41,4,,,,
,1933,4,23,5,57,35,1663,,GREECE:  DODECANESE ISLANDS,36.759,27.299,15,6.4,10,181,3,,,600,3,,3,,2,,2,181,3,,,600,3,,3,,2,,2
,1933,6,25,5,43,22,,,INDONESIA:  S SUMATERA,-5.007,104.501,20,5.8,9,,1,,,,,,2,,,,,,1,,,,,,2,,,,
,1933,8,25,7,50,32.8,,,CHINA:  SICHUAN PROVINCE,31.957,103.669,,7.4,10,9300,4,,,,,,4,,4,,,9300,4,,,,,,4,,4,,
,1933,9,20,,,,,,CHINA:  SICHUAN PROVINCE,29.5,102.5,,5,6,200,3,,,,,,1,30,1,,,200,3,,,,,,1,30,1,,
,1934,1,12,13,31,52,,,CHINA:  YUNNAN PROVINCE,23.7,102.7,,6,8,1,1,,,14,1,,2,,3,,,1,1,,,14,1,,2,,3,,
,1934,1,15,8,43,25,1668,,NEPAL; INDIA:  BIHAR,26.773,86.762,35,8,11,10600,4,,,,,,4,,4,,4,10600,4,,,,,,4,,4,,
,1934,1,20,17,56,16,,,CHINA:  NEI MONGOL:  WU-YUAN,41,108.8,,6.3,8,,1,,,,,,2,,3,,,,1,,,,,,2,,3,,
,1934,3,12,15,5,40,,,UTAH,41.7,-112.8,,6.6,8,2,1,,,,,,2,,,,1,2,1,,,,,,2,,,,1
,1934,8,11,8,18,21,,,TAIWAN:  YILAN,24.8,121.5,,6.5,,3,1,,,,,,1,6,1,,,3,1,,,,,,1,6,1,,
,1934,11,27,,,,,,TURKEY:  KURDISTAN:  DIYARBAKIR (MOUCHE DIARBEKIR),37.919,40.211,,,,100,2,,,,,,3,,,,,100,2,,,,,,3,,,,
,1934,12,15,,,,,,TURKEY:  KURDISTAN:  DIYARBAKIR (DIARBEKIR),37.919,40.211,,,,20,1,,,100,2,,2,,,,,20,1,,,100,2,,2,,,,
,1935,1,4,14,41,30.8,5820,,TURKEY,40.62,27.451,7,6.4,10,5,1,,,30,1,,3,,4,,,5,1,,,30,1,,3,,4,,
,1935,3,5,10,26,39.5,,,IRAN:  ALBORZ,35.982,52.953,15,6,7,60,2,,,,,,2,,,,,60,2,,,,,,2,,,,
,1935,4,11,23,14,48.8,,,"IRAN:  KEVSUT, ALBORZ, SARI",36.586,53.65,15,6.4,9,690,3,,,,,,3,,,,,690,3,,,,,,3,,,,
,1935,4,20,22,1,54,,,TAIWAN:  MIALOI,24.3,120.8,,6,8,3276,4,,,12053,4,,4,17907,4,,,3276,4,,,12053,4,,4,17907,4,,
,1935,4,28,,,,,,CHINA:  SICHUAN PROVINCE,29.4,102.3,,6,8,2,1,,,,,,1,,1,,,2,1,,,,,,1,,1,,
,1935,5,30,21,32,46,1679,,PAKISTAN:  QUETTA,29.5,66.8,33,7.5,10,60000,4,,,,,25,4,,4,,4,60000,4,,,,,25,4,,4,,
,1935,7,16,16,18,58,,,TAIWAN:  XIINZHU,24.6,120.8,30,6.5,,2746,4,,,6004,4,,4,30000,4,,,2746,4,,,6004,4,,4,30000,4,,
,1935,8,7,9,2,12,,,COLOMBIA:  FUNES,1.11,-77.34,10,6.1,8,8,1,,,,,,2,,,,2,8,1,,,,,,2,,,,2
,1935,10,19,4,48,2,,,MONTANA:  HELENA,46.6,-112,,6.2,8,2,1,,,,3,19,3,300,3,,,2,1,,,,3,19,3,300,3,,
,1935,10,31,18,37,47,,,MONTANA:  HELENA,46.6,-112,,6,8,2,1,,,,,6,3,,,,,2,1,,,,,6,3,,,,
,1935,11,1,16,22,9,,,VIETNAM: DIEN BIEN PHU,21.185,103.77,15,6.8,9,,1,,,,,,2,,,,3,,1,,,,,,2,,,,3
,1935,12,18,7,10,36,3580,,CHINA:  SICHUAN PROVINCE,28.7,103.6,,6,8,100,2,,,,,,2,,3,,,100,2,,,,,,2,,3,,
,1936,1,9,9,23,0,,,COLOMBIA,1.1,-77.6,10,5.6,7,250,3,,,,,,2,,1,,,250,3,,,,,,2,,1,,
,1936,2,7,8,56,27,,,CHINA:  GANSU PROVINCE,35.4,103.4,,6.8,9,,3,,,,3,,3,9650,4,,,,3,,,,3,,3,9650,4,,
,1936,4,1,,,,,,CHINA:  GUANGXI PROVINCE,22.5,109.4,,6.8,9,,4,,,,,,4,,4,,,,4,,,,,,4,,4,,
,1936,4,26,23,59,11,,,CHINA:  SICHUAN PROVINCE,28.6,103.6,,6.8,9,,3,,,,,,2,,3,,,,3,,,,,,2,,3,,
,1936,6,30,19,26,6.8,,,"IRAN:  ABIZ, SARBISHEH",33.734,60.405,15,6.1,7,12,1,,,,,,2,,,,,12,1,,,,,,2,,,,
,1936,7,13,11,12,15,1691,,CHILE:  TALTAL,-24.5,-70,60,7.3,,1,1,,,40,1,,2,,3,,,1,1,,,40,1,,2,,3,,
,1936,8,1,6,24,30,,,CHINA:  GANSU PROVINCE,34.2,105.7,,6,8,115,3,,,31,1,,3,4459,4,,,115,1,,,31,1,,3,4459,4,,
,1936,8,17,,,,,,CHINA:  YUNNAN PROVINCE,26.6,103,,5.5,7,30,1,,,,,,2,,3,,,30,1,,,,,,2,,3,,
,1936,8,23,21,12,13,1692,,"INDONESIA:  BANDA ACEH,LHOK SUKON,LHOKSEMAWE",6.1,94.7,,7.3,8,9,1,,,20,1,,2,,,,,9,1,,,20,1,,2,,,,
,1936,9,9,,,,,,"INDONESIA:  N SUMATERA:  TAPANULI, KARO",3.5,97.5,,,8,17,1,,,,,,2,,,,,17,1,,,,,,2,,,,
,1936,11,11,17,11,24,,,CHINA:  XINJIANG WEIWUER ZIZHIQU PROVINCE:  S,39.5,74.2,,5.5,,,2,,,,,,1,,,,,,2,,,,,,1,,,,
,1937,2,10,18,16,,,,"ALGERIA:  GUELMA, LAPAINE",36.4,7.5,,5.2,8,,1,,,,,,1,,,,,,1,,,,,,1,,,,
,1937,7,26,3,47,9.4,,,"MEXICO:  CENTRAL, PUEBLA:  ESPERANZA, VERACRUZ",18.523,-95.878,35,7.2,,34,1,,,,,,2,,,,,34,1,,,,,,2,,,,
,1937,7,31,20,35,48,,,CHINA:  SHANDONG PROVINCE,35.4,115.1,,7,9,390,3,,,,3,,4,,4,,,390,3,,,,3,,4,,4,,
,1937,8,20,11,59,16,1699,,PHILIPPINES:  LUZON,14.5,121.5,60,7.5,8,1,1,,,200,3,,3,,3,,3,1,1,,,200,3,,3,,3,,3
,1937,9,15,,,,,,CHINA:  SHANXI PROVINCE,37.8,112.5,,5,7,,2,,,,,,2,,3,,,,2,,,,,,2,,3,,
,1937,9,27,8,55,10,,,"INDONESIA:  JAVA:  JOGYAKARTA:  KLUMPIT,PRAMBANAN",-9.4,110.2,70,7.2,9,1,1,,,,,,3,326,3,2200,4,1,1,,,,,,3,326,3,2200,4
,1937,12,23,13,18,3.5,,,MEXICO:  GUERRERO:  OMETEPEC,16.656,-98.338,,7.4,,4,1,,,,,,2,,1,,,4,1,,,,,,2,,1,,
,1938,2,5,2,23,34,,,COLOMBIA: EJE CAFETERO,4.68,-75.69,150,7,8,6,1,,,,3,,3,,3,,3,6,1,,,,3,,3,,3,,3
,1938,4,19,10,59,21.4,,,TURKEY:  KIRSEHIR,39.544,33.911,10,6.6,10,224,3,,,,,,3,,,,,224,3,,,,,,3,,,,
,1938,5,14,12,3,13.5,,,CHINA:  YUNNAN PROVINCE,22.881,99.774,15,6.2,8,,2,,,,,,1,,1,,,,2,,,,,,1,,1,,
,1938,11,5,8,43,21,1716,,JAPAN:  NEAR E COAST HONSHU,37.1,141.7,30,7.7,,1,1,,,,,,1,20,1,,,1,1,,,,,,1,20,1,,
,1939,1,25,3,32,14,1729,,CHILE:  CHILLAN,-36.25,-72.25,60,8.3,10,30000,4,,,,,920,4,,4,,,30000,4,,,,,920,4,,4,,
,1939,1,30,2,18,30,1730,,PAPUA NEW GUINEA:  BOUGAINVILLE ISLAND,-7.08,155.386,35,7.7,,5,1,,,,3,,2,,3,,,5,1,,,,3,,2,,3,,
,1939,5,1,5,58,,1734,,JAPAN:  HONSHU:  NW,40.1,139.5,,7,,27,1,,,52,2,,2,479,3,,,27,1,,,52,2,,2,479,3,,
,1939,6,22,19,19,33,1736,,GHANA:  ACCRA,5.568,-0.625,13,6.4,9,22,1,,,130,3,,3,1500,4,,,22,1,,,130,3,,3,1500,4,,
,1939,6,24,4,22,0,,,PERU:  POMACANCHI,-12.5,-72,,,,37,1,,,40,1,,1,,1,,,37,1,,,40,1,,1,,1,,
,1939,9,19,,,,,,CHINA:  YUNNAN PROVINCE,24.4,102.5,,5.5,7,2,1,,,,,,1,,1,,,2,1,,,,,,1,,1,,
,1939,12,26,23,57,23.8,2301,,TURKEY:  ERZINCAN,39.907,39.586,20,7.8,12,32700,4,,,100000,4,20,3,120000,4,,,32700,4,,,100000,4,20,3,120000,4,,
,1940,1,15,13,19,24,3400,,ITALY,38.1,13.5,15,4.8,8,1,1,,,,,,3,,3,,,1,1,,,,,,3,,3,,
,1940,1,19,5,23,48,,,CHINA:  NEI MONGOL,42.7,121.3,,6,,,2,,,,,,2,,3,,,,2,,,,,,2,,3,,
,1940,4,6,13,43,2,,,CHINA:  YUNNAN PROVINCE,23.9,102.3,,6,8,181,3,,,475,3,,3,11556,4,,,181,3,,,475,3,,3,11556,4,,
,1940,5,19,4,36,40.9,,,CALIFORNIA; MEXICO,32.733,-115.5,16,7.2,10,9,1,,,,,33,4,,,,,9,1,,,,,33,4,,,,
,1940,5,24,16,33,57,1739,,PERU,-10.5,-77,60,8.2,10,179,3,,,3500,4,,3,,3,,,179,3,,,3500,4,,3,,3,,
,1940,6,19,,,,,,CHINA:  YUNNAN PROVINCE,24.4,102.5,,5.5,7,2,1,,,20,1,,2,,3,,,2,1,,,20,1,,2,,3,,
,1940,12,24,13,43,45,,,NEW HAMPSHIRE; MAINE,43.908,-71.283,8,5.6,6,1,1,,,1,1,,1,,,,1,1,1,,,1,1,,1,,,,1
,1941,1,13,16,27,44.7,1744,,PAPUA NEW GUINEA:  BISMARCK SEA,-4.175,152.071,15,7.4,,4,1,,,,,,2,1,1,,3,4,1,,,,,,2,1,1,,3
,1941,2,16,16,38,0,,,IRAN:  MOHAMMADABAD,33.527,58.776,15,6.3,8,730,3,,,,,,3,,,,,730,3,,,,,,3,,,,
,1941,4,15,19,9,56.7,5901,,"MEXICO:  MICHOACAN, COLIMA, JALISCO",18.68,-102.989,30,7.6,7,84,2,,,,3,2,2,,,,,84,2,,,,3,2,2,,,,
,1941,5,5,15,18,27,,,CHINA:  HEILONGJIANG PROVINCE,47,127.2,,6,8,132,3,,,203,3,,3,6321,4,,,132,3,,,203,3,,3,6321,4,,
,1941,5,16,7,14,32,,,CHINA:  YUNNAN PROVINCE,23.6,99.4,,7,9,,1,,,,,,2,,3,,,,1,,,,,,2,,3,,
,1941,6,26,11,52,3.7,1746,,"INDIA:  ANDAMAN ISLANDS,MADRAS; SRI LANKA:  COLOMBO",11.94,92.626,20,8,,,1,,,,1,,4,,4,,,,1,,,,1,,4,,4,,
,1941,10,8,15,24,20,,,CHINA:  SICHUAN PROVINCE,31.7,102.3,,6,8,15,1,,,10,1,,1,70,2,,,15,1,,,10,1,,1,70,2,,
,1941,12,5,20,46,58,1748,,COSTA RICA-PANAMA,8.7,-83.2,,7.6,4,6,1,,,,3,,2,,3,,,6,1,,,,3,,2,,3,,
,1941,12,16,19,19,42,,,TAIWAN,23.3,120.3,,7.1,,319,3,,,,,,2,1768,4,,,319,3,,,,,,2,1768,4,,
,1941,12,26,14,48,9,,,CHINA:  YUNNAN PROVINCE,22.7,99.9,,7,8,,2,,,,,,1,,2,,,,2,,,,,,1,,2,,
,1942,2,1,17,30,47,,,CHINA:  YUNNAN PROVINCE:  SIMAO,23.1,100.3,,6.8,8,90,2,,,,4,,4,,4,,,90,2,,,,4,,4,,4,,
,1942,5,14,2,13,0,,,ECUADOR:  GUAYAQUIL,-0.75,-81.5,30,7.9,9,200,3,,,,,2.5,2,,3,,,200,3,,,,,2.5,2,,3,,
,1942,7,8,21,22,27,,,CHINA:  NEI MONGOL:  TONGLIAO,43,122,,6,8,,2,,,,2,,2,,2,,,,2,,,,2,,2,,2,,
,1942,8,24,22,50,27,1751,,"PERU:  ICA, NAZCA",-15,-76,60,8.2,9,30,1,,,25,1,,3,,3,,,30,1,,,25,1,,3,,3,,
,1942,8,27,6,14,11,,,"ALBANIA:  PESHKOPIA, MAGELLARE",41.7,20.4,33,6,10,43,1,,,110,3,,3,,3,,,43,1,,,110,3,,3,,3,,
,1942,12,20,14,3,9.1,,,"TURKEY:  NIKSAR, ERBAA",40.907,36.744,10,7,10,1000,3,,,,,,4,,,,,1000,3,,,,,,4,,,,
,1943,1,31,5,1,,,,"PERU:  YANACOA, PAMPAMARCA",-14.2,-71.5,,5,,75,2,,,200,3,,2,,,,,75,2,,,200,3,,2,,,,
,1943,2,22,9,20,48.6,,,MEXICO:  GUERRERO: PARICUTIN VOLCANO FORMS,17.397,-101.37,20,7.4,7,5,1,,,,,,3,,,,,5,1,,,,,,3,,,,
,1943,4,5,1,56,1,,,CHINA: XINJIANG WEIWUER ZIZHIQU PROVINCE,39.3,73.3,,6.5,,,3,,,,,,2,,3,,,,3,,,,,,2,,3,,
,1943,4,6,16,7,15,1752,,CHILE:  ILLAPEL,-30.75,-72,35,8.2,,11,1,,,,,,1,,1,,,11,1,,,,,,1,,1,,
,1943,6,20,15,32,53.4,,,"TURKEY:  HENDEK, ADAPAZARI",40.5,30.525,15,6.4,10,285,3,,,,,,3,,,,,285,3,,,,,,3,,,,
,1943,6,21,,,,,,CHINA:  SICHUAN PROVINCE,30.6,104.1,,5,6,,1,,,,,,1,,1,,,,1,,,,,,1,,1,,
,1943,7,23,14,53,9,,,INDONESIA:   JAVA:  JOGYAKARTA,-9.5,110,90,8.1,8,213,3,,,2096,4,,3,,,2800,4,213,3,,,2096,4,,3,,,2800,4
,1943,9,10,8,37,,,,JAPAN:  HONSHU:  S,35.3,133.9,10,7.4,,1400,4,,,,,,4,7739,4,,,1400,4,,,,,,4,7739,4,,
,1943,11,26,22,20,48.6,,,"TURKEY:  LADIK, SAMSUN, HAVZA",40.867,33.651,20,7.5,11,4020,4,,,5000,4,,4,40000,4,,,4020,4,,,5000,4,,4,40000,4,,
,1943,12,5,,,,,,TURKEY:  ANATOLIA: NE,40,40,,,,550,3,,,,,,3,,,,,550,3,,,,,,3,,,,
,1944,1,15,23,49,31.4,,,ARGENTINA:  SAN JUAN PROVINCE,-31.496,-68.491,15,6.9,9,10000,4,,,35000,4,100,4,,,,,10000,4,,,35000,4,100,4,,,,
,1944,3,9,22,12,58,,,CHINA:  XINJIANG PROVINCE,44,84,,7.2,,3,1,,,,,,1,,2,,,3,1,,,,,,1,,2,,
,1944,4,5,,,,,,IRAN:  GORGAN,36.8,54.5,7,5.2,8,20,1,,,,,,2,,,,,20,1,,,,,,2,,,,
,1944,10,6,2,34,47.6,5818,,TURKEY:  AYVALIK,39.509,26.587,,6.7,9,30,1,,,,,,4,5500,4,,,30,1,,,,,,4,5500,4,,
,1944,12,7,4,35,,1756,,JAPAN:  OFF SOUTHEAST COAST KII PENINSULA,34,137.1,30,8.1,,1223,4,,,2135,4,,3,26146,4,,,1223,4,,,2135,4,,3,29205,4,46950,4
,1945,1,12,18,38,,1759,,JAPAN:  HONSHU:  S,34.7,137.2,,7.1,,2306,4,,,896,3,,4,7221,4,,,2306,4,,,896,3,,4,7221,4,,
,1945,3,18,8,1,26,,,UGANDA: MASAKA,-0.214,31.289,,6.4,9,5,1,,,8,1,,2,,1,,,5,1,,,8,1,,2,,1,,
,1945,7,29,8,56,0,,,"TURKEY:  VAN,BOLGESI",38.5,43.3,,,7,300,3,,,,,,2,,,2000,4,300,3,,,,,,2,,,2000,4
,1945,9,23,15,34,21,,,CHINA:  HEBEI PROVINCE,39.5,119,,6.3,8,17,1,,,30,1,,1,,2,,,17,1,,,30,1,,1,,2,,
,1945,11,27,21,56,50,1761,,PAKISTAN:  MAKRAN COAST,24.5,63,15,8,10,300,3,,,,,25,4,,,,,300,3,,,,,25,4,,,,
,1946,2,12,2,43,24,,,ALGERIA:  HODNA MOUNTAINS,35.75,5,,5.6,9,264,3,,,,,,3,,,,,264,3,,,,,,3,,,,
,1946,5,31,3,12,46.1,,,TURKEY:  USTUKRAN,39.23,41.374,15,5.9,8,840,3,,,,,,2,,,,,840,3,,,,,,2,,,,
,1946,6,23,17,13,19,1763,,BRITISH COLUMBIA,49.87,-124.92,,7.3,,1,1,,,,,,1,,,,,1,1,,,,,,1,,,,
,1946,8,2,19,18,48,1764,,CHILE:  NORTHERN,-26.5,-70.5,60,7.9,,2,1,,,,,,3,,,,,2,1,,,,,,3,,,,
,1946,8,4,17,51,5,1765,,DOMINICAN REPUBLIC:  NORTHEASTERN COAST,19.25,-69,15,7.9,,,1,,,,,,1,,1,,,1790,4,,,,,,3,,3,,
,1946,11,4,21,47,0,,,TURKMENISTAN,39.3,55.4,26,7.5,,400,3,,,,,,3,,,,,400,3,,,,,,3,,,,
,1946,12,4,22,47,39,,,TAIWAN,23.1,120.3,,6.8,9,58,2,,,384,3,,2,700,3,,,58,2,,,384,3,,2,700,3,,
,1946,12,20,19,19,10,1770,,JAPAN:  HONSHU:  S COAST,33.123,135.905,15,8.3,,1362,4,,,,,,4,14259,4,,,1362,4,,,,,,4,11661,4,,
,1947,1,25,3,52,44.2,,,EL SALVADOR:  LA UNION,12.851,-87.824,45,6.2,8,,2,,,,,,2,,,,,,2,,,,,,2,,,,
,1947,3,26,20,48,32,,,CHINA:  YUNNAN PROVINCE,25,102,,5.5,7,1,1,,,,1,,2,,3,,,1,1,,,,1,,2,,3,,
,1947,6,7,5,5,0,,,CHINA:  SICHUAN PROVINCE,26.7,102.9,,5.5,7,3,1,,,,,,1,,2,,,3,1,,,,,,1,,2,,
,1947,7,14,6,59,28,,,COLOMBIA:  PASTO,1.3,-77.23,10,6,8,2,1,,,,1,,2,,3,,,2,1,,,,1,,2,,3,,
,1947,8,6,9,36,40,,,ALGERIA,37,8,,5.3,9,3,1,,,,3,,2,,,,,3,1,,,,3,,2,,,,
,1947,9,23,12,28,16,,,IRAN:  DUSTABAD,33.604,58.642,15,6.9,8,500,3,,,,,,3,,,,,500,3,,,,,,3,,,,
,1947,10,6,19,55,37.5,1775,,GREECE:  S:  PYLIA (MESSINIA),36.808,21.916,28,7.3,9,3,1,,,29,1,,4,7800,4,,,3,1,,,29,1,,4,7800,4,,
,1947,11,1,14,58,57.1,,,"PERU:  SATIPO,ANDAMARCA,ACOBAMBA,LA MERCED,VICTOC",-10.96,-74.676,20,7.6,10,233,3,,,,,,3,,,,,233,3,,,,,,3,,,,
,1948,1,24,17,46,43.7,1777,,"PHILIPPINES:  PANAY, ILOILO CITY, ANTIQUE",10.714,122.235,15,7.8,9,72,2,,,,,3.5,2,,3,,3,74,2,,,,,3.5,2,,3,,3
,1948,3,28,1,32,5,,,BOLIVIA: SUCRE,-19,-65,,,,3,1,,,,,14,3,,,,,3,1,,,,,14,3,,,,
,1948,4,22,10,42,47.1,1782,,GREECE:  VASILIKI (LEUKAS),38.532,20.425,15,6.5,10,7,1,,,100,2,,3,244,3,2022,4,7,1,,,100,2,,,244,3,2022,4
,1948,5,11,8,55,46.7,,,"PERU:  AREQUIPA,MOQUEGUA,TACNA,TORATA,QUELLAVECO",-17.298,-70.373,58,6.5,9,1,1,,,66,2,,2,,,,,1,1,,,66,2,,2,,,,
,1948,5,25,7,11,21,,,CHINA:  SICHUAN PROVINCE,29.5,100.5,18,7.3,10,800,3,,,200,3,,3,600,3,,,800,3,,,200,3,,3,600,3,,
,1948,5,28,5,36,16,,,PERU:  CANETE,-13,-76.5,60,7,7,4,1,,,,3,,2,,,,,4,1,,,,3,,2,,,,
,1948,6,27,0,8,23,,,CHINA:  YUNNAN PROVINCE,26.4,99.7,,6.8,8,110,3,,,100,2,,2,600,3,,,110,3,,,100,2,,2,600,3,,
,1948,6,28,7,13,0,,,JAPAN:  FUKUI,36.5,136,20,7.3,,5131,4,,,11000,4,1000,4,63000,4,18543,4,5131,4,,,11000,4,1000,4,63000,4,18543,4
,1948,10,5,20,12,9.3,,,TURKMENISTAN:  ASHKHABAD,38.084,58.364,18,7.2,10,110000,4,,,,4,25,4,,4,,,110000,4,,,,4,25,4,,4,,
,1948,10,8,19,1,57,,,CHINA:  GUIZHOU PROVINCE,27.4,104,,5.8,8,3,1,,,75,2,,2,,3,,3,3,1,,,75,2,,2,,3,,
,1948,12,4,0,22,49,1785,,MEXICO:  MARIA MADRE ISLAND,21.182,-106.818,15,6.6,,4,1,,,21,1,,3,,2,,,4,1,,,21,1,,3,,2,,
,1949,2,23,16,8,11,,,CHINA:  XINJIANG PROVINCE,42,84,,7.3,9,21,1,,,17,1,,3,1010,4,,,21,1,,,17,1,,3,1010,4,,
,1949,4,13,19,55,42,1790,,WASHINGTON,47.167,-122.617,,7,8,8,1,,,,,25,4,,,,,8,1,,,,,25,4,,,,
,1949,4,20,3,29,7,1792,,"CHILE:  ANGOL, TRAIGUEN",-38,-73.5,70,7.3,,57,2,,,,,,2,,,,,57,2,,,,,,2,,,,
,1949,7,10,3,53,38,,,TAJIKISTAN,39.2,70.8,16,7.4,10,3500,4,,,,,,4,,4,,,3500,4,,,,,,4,,4,,
,1949,7,23,15,3,35.5,1787,,"GREECE:  CHIOS, OENOUSSAE; TURKEY: KARABURUN",38.718,26.482,15,6.5,9,7,1,,,435,3,,3,534,3,5501,4,7,1,,,435,3,,4,534,3,5501,4
,1949,8,17,18,44,18,,,TURKEY: KARLIOVA,39.503,40.671,15,6.8,10,320,3,,,355,3,,3,,,,,320,3,,,355,3,,3,,,,
,1949,11,13,5,27,11,,,CHINA:  SICHUAN PROVINCE,30.3,102.5,,5.5,,,2,,,,,,1,,,,,,2,,,,,,1,,,,
,1949,12,17,6,53,30,5202,,CHILE:  TIERRA DEL FUEGO,-54,-71,33,7.8,,1,1,,,,,,1,,,,,1,1,,,,,,1,,,,
,1949,12,17,15,7,55,1801,,CHILE:  TIERRA DEL FUEGO,-54,-71,33,7.8,,3,1,,,,,,1,,,,,3,1,,,,,,1,,,,
,1949,12,29,3,3,54,1802,,PHILIPPINES:  LUZON:  E,17,121.63,,7.2,8,,1,,,,,,2,,2,,2,16,1,,,,,,2,,2,,
,1950,1,19,17,27,20.9,,,IRAN: BUSHIRE,27.255,53.029,15,5.7,7,30,1,,,,,,3,,,,,30,1,,,,,,3,,,,
,1950,5,21,18,37,40,,,PERU:  CUSCO,-13.5,-72,,6,7,129,3,,,265,3,,3,,,,,129,3,,,265,3,,3,,,,
,1950,6,19,12,36,54,,,INDONESIA:  JAVA:  GRESIK,-6,113,,6.5,7,16,1,,,50,1,,1,50,1,,,16,1,,,50,1,,1,50,1,,
,1950,7,9,2,35,0,,,COLOMBIA:  ANBOLEDAS,7.79,-72.61,15,6.1,9,300,3,,,,3,20,3,,3,,3,300,3,,,,4,20,3,,3,,3
,1950,8,3,22,18,22,1805,,VENEZUELA: EL TOCUYO,9.71,-69.819,15,6.4,,100,2,,,,,,1,,1,,1,100,2,,,,,,1,,1,,1
,1950,8,15,14,9,30,1806,,INDIA-CHINA,28.5,96.5,33,8.6,11,1530,4,,,,,20,3,,,,,1530,4,,,,,20,3,,,,
,1950,12,10,2,50,42,1812,,"PERU:  ICA,CHIMBOTE,HUARAZ,CAJAMARCA,CUZCO,MOQUEGUA",-14.25,-75.75,80,7,,4,1,,,12,1,,2,,2,,,4,1,,,12,1,,2,,2,,
,1951,5,6,23,8,0,,,EL SALVADOR:  JUCUAPA,13,-87.8,100,6.5,,1100,4,,,,,23,3,,,,,1100,4,,,,,23,3,,,,
,1951,7,9,0,3,53.5,,,MEXICO:  OAXACA:  MIAHIATLAN,15.99,-96.605,25,6,,1,1,,,,,,2,,,,,1,1,,,,,,2,,,,
,1951,8,13,18,33,0,,,TURKEY:  KURSUNLU,40.8,33.4,,6.7,9,54,2,,,150,3,,3,,,,,54,2,,,150,3,,3,,,,
,1951,10,22,5,43,1,3310,,TAIWAN,23.8,121.7,21,7.3,,68,2,,,586,3,,3,2382,4,,,68,2,,,586,3,,3,2382,4,,
,1951,11,24,18,47,13,,,TAIWAN,22.9,121.5,,7.5,,17,1,,,250,3,,2,,,,,17,1,,,250,3,,2,,,,
,1952,1,3,6,3,55.1,,,"TURKEY:  PASINLER (HASANKALE), ERZURUM",40.029,41.544,20,5.7,8,103,3,,,250,3,,2,,,,,103,3,,,250,3,,2,,,,
,1952,3,4,1,22,41,1817,,JAPAN:  HOKKAIDO,42.15,143.85,45,8.1,9,33,1,,,,3,,3,,3,,,33,1,,,572,3,,3,2422,4,,
,1952,6,11,0,31,43.7,,,ARGENTINA:  SAN JUAN,-31.672,-68.483,25,6.8,8,5,1,,,35,1,,2,,,,,5,1,,,35,1,,2,,,,
,1952,7,21,11,52,14,,,CALIFORNIA:  KERN COUNTY,35,-119.017,16,7.7,11,12,1,,,200,3,60,4,,3,,2,12,1,,,200,3,60,4,,3,,2
,1952,8,17,16,2,11,,,CHINA:  TIBET (XIZANG PROVINCE),30.5,91.5,60,,10,54,2,,,,,,2,774,3,,,54,2,,,,,,2,774,3,,
,1952,8,22,22,41,24,,,CALIFORNIA:  KERN COUNTY,35.333,-118.917,16,5.8,8,2,1,,,,2,10,3,90,2,,,2,1,,,,,10,3,90,2,,
,1953,1,15,13,15,15.6,,,IRAN:  LAR,27.761,54.751,15,5.5,7,13,1,,,,,,2,,,,,13,1,,,,,,2,,,,
,1953,3,18,19,6,17.7,,,"TURKEY:  YENICE, ONON",40.175,27.648,10,7.3,,1070,4,,,,,3.57,2,,,,,1070,4,,,,,3.57,2,,,,
,1953,5,6,17,16,43,1836,,"CHILE:  CHILLAN, CONCEPCION",-36.5,-72.5,60,7.6,10,9,1,,,26,1,500,4,,,,,9,1,,,26,1,500,4,,,,
,1953,8,12,9,23,52,3398,,GREECE:  LIXOURI-ARGOSTOLI (KEPHALLENIA),38.3,20.8,,7.2,10,476,3,,,2412,4,100,4,30439,4,2394,4,476,3,,,2412,4,100,4,30439,4,2394,4
,1953,9,10,4,6,4.1,3396,,CYPRUS:  PAPHOS,34.741,32.335,20,6.3,10,40,1,,,100,1,,2,500,3,,,40,1,,,100,2,,2,500,3,,
,1953,9,14,0,26,36,1840,,FIJI ISLANDS,-18.3,178.2,33,6.4,,3,1,,,61,,,1,,2,,,8,1,,,61,1,,1,,2,,1
,1953,11,25,17,48,,1841,,JAPAN:  KASHIMA,34,141.7,60,7.4,,1,1,,,,,,1,,,,,1,1,,,,,,1,,,,
,1953,12,12,17,31,25,1842,,PERU-ECUADOR,-3.4,-80.6,30,7.4,9,6,1,,,20,1,,2,200,3,,,6,1,,,20,1,,2,200,3,,
,1954,2,5,15,18,4.9,,,MEXICO:  CHIAPAS,17.283,-92.382,85,6.1,,6,1,,,,,17,3,,,,4,6,1,,,,,17,3,,,,4
,1954,4,30,13,2,39.3,,,GREECE:  SOPHADES (KARDITSA),39.228,22.162,10,6.7,10,31,1,,,717,3,3.15,2,,,13356,4,31,1,,,717,3,3.15,2,,,13356,4
,1954,7,2,2,45,0,,,"PHILIPPINES:  LUZON:  SORSOGON, BACON, LEGASPI",13,123.9,,6.8,9,13,1,,,101,3,,2,,,,,13,1,,,101,3,,,,,,
,1954,8,20,15,30,0,,,"IRAN:  TONBAK,KANGAN,SABAKHI,AKHTAR",27.5,52,,5,,1,1,,,,,,3,,,,,1,1,,,,,,,,,,
,1954,9,9,1,4,43.4,3394,,ALGERIA:  ORLEANSVILLE,36.274,1.594,15,6.7,11,1243,4,,,5000,4,6,3,20000,4,,,1243,4,,,5000,4,6,3,20000,4,,
,1954,12,21,19,56,29.6,,,CALIFORNIA:  HUMBOLDT COUNTY,40.846,-123.893,15,6.6,,1,1,,,,1,2.1,2,,,,,1,1,,,,1,2.1,2,,,,
,1955,2,18,22,48,33,,,PAKISTAN:  QUETTA,30.5,67,,,,12,1,,,,3,,2,,,,,12,1,,,,3,,2,,,,
,1955,3,31,18,17,13.3,6001,,"PHILIPPINES:  MINDANAO:  LANAO,OZAMIZ,COTABATO",7.658,123.157,35,7.4,8,465,3,,,,4,5,2,,,,,465,3,,,,4,5,2,,,,
,1955,4,14,1,29,2,,,CHINA:  SICHUAN PROVINCE,30,101.8,,7.5,9,39,1,,,113,3,,2,500,3,,,39,1,,,113,3,,2,500,3,,
,1955,4,19,16,47,19,3393,,GREECE:  DRAKIA-AGRIA (MAGNESIA),39.4,23.1,33,6.2,10,8,1,,,149,3,,4,459,3,8352,4,8,1,,,149,3,,4,459,3,8352,4
,1955,7,16,7,7,14.5,5949,,"TURKEY: SOKE, AYDIN;  GREECE: SAMOS",37.617,27.284,15,6.6,9,23,1,,,,,,3,,,470,3,23,1,,,,,,3,,,470,3
,1955,9,12,6,9,20,,,EGYPT:  NILE DELTA,32.2,29.6,,6.3,,22,1,,,12,1,,3,,,,,22,1,,,12,1,,3,,,,
,1955,9,23,15,6,23,3573,,CHINA:  YUNNAN PROVINCE,26.6,101.8,10,6.8,9,,1,,,,,,3,15000,4,,,,1,,,,,,3,15000,4,,
,1955,10,9,21,3,0,,,"PERU:  MUNGUI,LA UNION PROV,AREQUIPA,TORO,COTAHUASI",-16.2,-71.3,,,6,1,1,,,,,,2,,2,,2,1,1,,,,,,2,,2,,2
,1956,1,8,20,54,13,1854,,CHILE,-19,-70,,7.1,5,,1,,,,,,1,,,,,,1,,,,,,1,,,,
,1956,4,19,18,38,0,,,SPAIN,37.183,-3.683,,5,8,11,1,,,70,2,,3,,,,,11,1,,,70,2,,3,,,,
,1956,7,9,3,11,45.1,1859,,GREECE:  DODECANESE,36.664,25.957,20,7.7,9,53,2,,,100,2,,3,529,3,3232,4,56,2,,,100,2,,3,529,3,3232,4
,1956,7,16,15,7,12.3,,,MYANMAR (BURMA),22.178,95.781,34,6.8,,38,1,,,50,1,,2,,,,4,38,1,,,50,1,,2,,,,4
,1956,7,21,15,32,30.1,,,"INDIA:  ANJAR, BHUJ, GANDHIDHAM, KANDLA",23.278,70.107,15,6,9,156,3,,,,,,3,,,,,156,3,,,,,,3,,,,
,1956,10,31,14,3,47.2,,,IRAN:  BASTAK,27.407,54.462,15,6.4,8,410,3,,,,,2.8,2,,,,,410,3,,,,,2.8,2,,,,
,1957,2,20,4,41,1,,,"TUNISIA:  SIDI ABID,SIDI TOUIL (LA MEDJA),CAILLOUX",36.2,8.9,,5.6,,13,1,,,96,2,,2,,,,,13,1,,,96,2,,2,,,,
,1957,2,23,20,26,14,,,"TAIWAN:  HUALIEN, TAIPEI",23.9,121.6,69,7.2,,11,1,,,,3,,2,,,,,11,1,,,,3,,2,,,,
,1957,3,8,12,21,14,,,GREECE:  STEPHANOVIKION-VELESTNON (MAGNESIA),39.4,22.8,,7,10,2,1,,,,3,,2,,,,,2,1,,,,3,,2,,,,
,1957,4,23,,,,,,IRAN:  KACHU MESQAL,33.4,52.5,,,7,16,1,,,,,,2,210,3,,,16,1,,,,,,2,210,3,,
,1957,4,25,2,25,41.2,,,"TURKEY:  FETHIYE (LYCIA, ASIA MINOR)",36.405,28.699,35,7.3,10,18,1,,,92,1,,4,3000,4,5000,4,18,1,,,92,1,,4,3000,4,5000,4
,1957,5,26,6,33,38,,,TURKEY:  ABANT,40.73,31.09,25,7.1,9,52,2,,,,3,,3,,,,4,52,2,,,,3,,3,,,,4
,1957,7,2,0,42,26.4,,,"IRAN:  HAZANDERAN, ABEGARM",36.277,52.778,15,6.6,9,1100,4,,,,3,,3,,,,,1100,4,,,,3,,3,,,,
,1957,7,28,8,40,1,1870,,"MEXICO:  ACAPULCO,MEXICO CITY",16.5,-99.1,25,7.9,7,65,2,,,,3,25,4,,3,,,65,2,,,,3,25,4,,3,,
,1957,12,4,3,37,45,,,MONGOLIA,45.5,99.5,33,8.1,11,30,1,,,,,,2,,,,,30,1,,,,,,2,,,,
,1957,12,13,1,45,4.8,,,IRAN:  FARSINAJ,34.388,47.748,15,6.5,8,1200,4,,,,3,,3,,,,,1200,4,,,,3,,3,,,,
,1958,1,15,19,14,31.3,,,PERU: AREQUIPA,-16.25,-72.242,64,7,9,28,1,,,133,3,,3,,2,,3,28,1,,,133,3,,3,,2,,3
,1958,1,19,14,7,27,1877,,COLOMBIA-ECUADOR,1.5,-79.5,60,7.6,9,111,3,,,46,1,,2,,2,,,115,3,,,46,1,,2,,2,,
,1958,2,1,16,10,15,,,COLOMBIA-ECUADOR,2,-79,,6.9,,,1,,,,,,3,,,,2,,1,,,,,,3,,,,2
,1958,8,16,19,13,48.3,,,IRAN:  FIRUZABAD,34.29,47.867,15,6.7,7,132,3,,,948,3,,3,2500,4,,,132,3,,,948,3,,3,2500,4,,
,1958,9,21,16,18,0,,,IRAN,36,49,,5.2,6,16,1,,,,,,3,,,,,16,1,,,,,,3,,,,
,1958,10,20,1,12,37,,,INDONESIA:  JAVA:  MALANG,-9.5,112.5,100,6.7,8,8,1,,,1856,4,,2,95,2,206,3,8,1,,,1856,4,,2,95,2,206,3
,1959,4,26,20,40,38,,,TAIWAN:  TAIPEI,24.78,122.7,150,7.5,,2,1,,,,,,1,,,,,2,1,,,,,,1,,,,
,1959,5,4,7,15,42,1890,,RUSSIA:  NEAR EAST COAST OF KAMCHATKA,52.5,159.5,60,8.2,10,1,1,,,13,1,,2,,2,,,1,1,,,13,1,,2,,2,,
,1959,6,14,0,12,6.5,,,BOLIVIA-NORTHERN CHILE,-20.369,-68,112,7.5,,1,1,,,,,,1,,,,,1,1,,,,,,1,,,,
,1959,8,15,8,57,3,,,TAIWAN,22.18,121.13,60,7,,16,1,,,63,2,,3,,3,,,16,1,,,63,2,,3,,3,,
,1959,8,18,6,37,20.4,2371,,MONTANA:  HEBGEN LAKE,44.63,-110.891,10,7.2,10,28,1,,,,,11,3,,,,2,28,1,,,,,11,3,,,,2
,1959,8,26,8,25,31,,,MEXICO:  GULF OF CAMPECHE,18.3,-94.4,,6.9,,25,1,,,200,3,,3,,3,,,25,1,,,200,3,,3,,3,,
,1959,11,15,10,25,16,,,CHINA:  XINGJIANG,38.75,75.317,,6.4,,,1,,,,,,1,,,,,,1,,,,,,1,,1,,
,1959,12,24,12,50,0,,,"PERU:  AYACUCHO,POMABAMBA,MOYOBAMBA,HUAHUAPUQUIO",-13.5,-74,,,7,7,1,,,37,1,,2,250,3,,,7,1,,,37,1,,2,250,3,,
,1960,1,13,15,40,34,1896,,"PERU:  AREQUIPA,CHUQUIBAMBA,CARAVELI,COTAHUASI",-15.75,-72.75,160,7.8,10,63,2,,,200,3,,3,,3,,,63,2,,,200,3,,3,,3,,
,1960,2,21,8,13,31,,,ALGERIA:  MELOUZA,36,4.1,33,5.6,,47,1,,,88,2,,2,,,,,47,1,,,88,2,,2,,,,
,1960,2,29,23,40,14,1897,,MOROCCO:  AGADIR,30.45,-9.62,33,5.9,10,13100,4,,,25000,4,120,4,,3,,,13100,4,,,25000,4,120,4,,3,,
,1960,4,24,12,14,31.7,,,IRAN:  LAR,27.814,54.497,15,5.9,7,420,3,,,3000,4,20,3,,,,,420,3,,,3000,4,20,3,,,,
,1960,5,21,10,2,50,1901,,CHILE:  CENTRAL,-37.872,-73.243,35,8.2,,,1,,,,3,,1,,,,,,1,,,,3,,1,,,,
,1960,5,22,19,11,17,1902,4153,"CHILE:  PUERTO MONTT, VALDIVIA",-38.143,-73.407,33,9.5,12,2000,4,,,3000,4,1000,4,58622,4,,,2226,4,,,3000,4,1000,4,58622,4,,
,1960,9,22,9,5,32.5,,,CONGO:  LAKE TANGANYIKA,-3.6,29,28,6.6,,24,1,,,,,,2,,,,3,24,1,,,,,,2,,,,3
,1960,11,1,8,45,59,1906,,CHILE:  CONCEPCION,-38.5,-75.1,55,7.4,,,1,,,,,,1,,,,,,1,,,,,,1,,,,
,1961,2,26,18,10,48.7,1914,,JAPAN:  MIYAZAKI,31.6,131.8,74,7.3,,2,1,,,7,1,,2,170,3,170,3,2,1,,,7,1,,2,170,3,,
,1961,3,16,13,45,35.6,,,INDONESIA:  FLORES:  ENDEH,-8.2,122,74,6.5,8,2,1,,,6,1,,2,,,,,2,1,,,6,1,,2,,,,
,1961,6,1,23,29,25.6,,,ETHIOPIA:  KARAKORE,10.466,39.717,33,6.2,9,160,3,,,,3,,3,,3,,,160,3,,,,3,,3,,3,,
,1961,6,11,5,10,28.1,,,"IRAN:  DEHKUYEH,KHANEH,LAR,SHAGHEB,NOKHRIZ,BIGHU",27.861,54.528,15,6.4,8,60,2,,,,3,,3,500,3,,,61,2,,,,3,,3,500,3,,
,1961,6,27,0,49,0,,,IRAN,33.5,49.4,,,,5,1,,,,3,,2,,,,,5,1,,,,3,,2,,,,
,1961,10,14,7,1,0,,,IRAN,33.6,48.1,33,,,2,1,,,,3,,2,,,,,2,1,,,,3,,2,,,,
,1961,10,18,16,51,57,1926,,"CHILE:  VALDIVIA, CURICO",-36.7,-73,15,6.5,,,1,,,,,,1,,,,,,1,,,,,,1,,,,
,1961,12,20,13,25,0,,,COLOMBIA: EJE CAFETERO,4.49,-75.51,163,6.8,8,23,1,,,100,2,,2,,1,,2,23,1,,,100,2,,2,,1,,2
,1962,1,7,10,3,0,,,BALKANS NW:  CROATIA,43.3,17.1,33,5.9,8,4,1,,,,,,2,,,,,4,1,,,,,,2,,,,
,1962,1,11,5,5,0,5631,,BALKANS NW:  CROATIA,43.3,17.1,33,6.1,9,1,1,,,,,,2,2290,4,,,1,1,,,,,,2,2290,4,,
,1962,3,18,20,18,53,,,CHINA:  GUANGDONG PROVINCE,23.72,114.67,25,6.1,8,1,1,,,2,1,,3,1200,4,,,1,1,,,2,1,,3,1200,4,,
,1962,4,1,0,45,13.4,,,IRAN:  MUSSAVIEH,33.32,58.845,15,5.8,7,20,1,,,,,,2,,,,,20,1,,,,,,2,,,,
,1962,4,18,19,14,41.4,,,"PERU:  CASMA,HUARAZ,QUIRUVILCA,TRUJILLO",-9.941,-78.933,49,6.4,,4,1,,,,,,2,,,,,4,1,,,,,,2,,,,
,1962,4,30,2,26,30,,,JAPAN:  HONSHU:  SENDAI,38.8,140.9,104,6.8,,1,1,,,,3,,2,,,,,1,1,,,,3,,2,,,,
,1962,5,11,14,11,54.1,1931,,MEXICO:  S,17.2,-99.6,40,7,8,4,1,,,,3,,2,,2,,,4,1,,,,3,,2,,2,,
,1962,5,19,14,58,15,1932,,MEXICO:  S,17.2,-99.5,33,7.2,,3,1,,,16,1,,2,,2,,,3,1,,,16,1,,2,,2,,
,1962,7,30,20,18,52.3,,,"COLOMBIA:  MISTRATO, MANIZALES",5.2,-76.4,69,6.8,,47,1,,,300,3,,3,,,,3,47,1,,,300,3,,3,,,,3
,1962,9,1,19,20,39.9,,,IRAN:   BUYIN-ZARA,35.63,49.87,27,7.2,9,12225,4,,,2776,4,30,4,21310,4,,,12225,4,,,2776,4,30,4,21310,4,,
,1962,10,5,20,2,0,,,"IRAN:  TORBAT HEYDARIYEH, AKHMEDABAD",35.1,58.7,8,5,8,6,1,,,,,,2,,,,,6,1,,,,,,2,,,,
,1963,2,13,8,50,4.5,1940,,"TAIWAN:  TAIPEI, HSINCH",24.5,122.1,47,7.3,,15,1,,,18,1,,2,,2,,,15,1,,,18,1,,2,,2,,
,1963,2,21,17,14,31,,,LIBYA:  BARCE (AL MARJ),32.6,21,5,5.4,9,300,3,,,375,3,5,2,,3,,3,300,3,,,375,3,5,2,,3,,
,1963,3,31,2,27,6.5,,,IRAN:  HENDOJAN,37,57.9,33,5,6,4,1,,,70,2,,2,100,2,,,4,1,,,70,2,,2,100,2,,
,1963,7,26,4,17,12,,,BALKANS NW:  MACEDONIA:  SKOPJE,42.1,21.3,5,6,10,1070,4,,,3300,4,1000,4,,4,,,1070,4,,,3300,4,1000,4,,4,,
,1963,7,29,6,10,0,,,"IRAN:  GAHKOM,LAIGAZAN,PATKUIYEH,GOLRUIYEH,GANJ",27.8,55.6,37,5.2,,5,1,,,8,1,,2,350,3,,,5,1,,,8,1,,2,350,3,,
,1963,8,29,8,53,50,,,CHINA:  XINJIANG,39.8,74.2,,6.5,,1,1,,,,,,1,40,1,,,1,1,,,,,,1,40,1,,
,1963,9,18,16,58,14.8,4290,,TURKEY:  YALOVA:  CINARCIK,40.698,29.159,30,6.2,8,1,1,,,,2,,2,7,1,163,3,1,1,,,,2,,2,7,1,163,3
,1963,9,24,16,30,16,1945,,"PERU:  HUAYLLACAYAN,CAJACAY,MALYAS,MALVAS,HUARAZ",-10.385,-78.022,75,7,,1,1,,,,,,2,,,,,1,1,,,,,,2,,,,2
,1964,1,8,22,30,49.7,,,INDONESIA:  SULAWESI:  PINRANG,-3.7,119.4,90,5.2,,8,1,,,27,1,,2,,,,,8,1,,,27,1,,2,,,,
,1964,1,18,12,4,41,,,TAIWAN:  TAINAN,23.2,120.6,33,7,,107,3,,,479,3,,3,3000,4,,,107,3,,,479,3,,3,3000,4,,
,1964,3,28,3,36,16,1954,,ALASKA,60.908,-147.339,25,9.2,10,15,1,,,,,284,4,,3,,,139,3,,,,,400,4,,3,,
,1964,5,7,5,45,0,,,TANZANIA,-4,34.9,33,6,,1,1,,,19,1,,3,,,,,1,1,,,19,1,,3,,,,
,1964,6,16,4,1,44.3,1959,,JAPAN:  HONSHU:  W COAST,38.65,139.2,40,7.5,5,36,1,,,385,3,80,4,3534,4,11000,4,36,1,,,385,3,80,4,3534,4,11000,4
,1964,7,6,7,22,13.2,,,MEXICO:  GUERRERO,18.136,-100.605,93,7.3,,78,2,,,50,1,,3,,3,,,78,2,,,50,1,,3,,3,,
,1964,10,6,14,31,25.4,,,"TURKEY:  MANYAS, BURSA, BALIKESIR",40.203,28.206,27,6.8,10,19,1,,,,,5,2,,,,,19,1,,,,,5,2,,,,
,1965,1,1,21,38,29.2,,,ALGERIA:  M'SILA,35.7,4.4,10,5.5,,4,1,,,350,3,2,2,25000,4,,,4,1,,,350,3,2,2,2500,4,,
,1965,1,24,0,11,12.1,1963,,INDONESIA:  SANANA ISLAND,-2.4,126.1,6,7.6,,71,2,,,,,,2,3000,4,,,71,2,,,,,,2,3000,4,,
,1965,2,10,16,9,52.6,,,IRAN:  NW,37.684,46.998,52,5.3,,20,1,,,,,,3,,4,,3,20,1,,,,,,3,,4,,3
,1965,3,9,17,57,53.7,3042,,"GREECE:  ALONISOS, SKOPELOS",39.4,24,18,6.3,,38,1,,,253,3,8,3,,,,,38,1,,,253,3,8,3,,3,,
,1965,4,5,3,12,54.2,,,GREECE:  SOUTHERN,37.7,21.8,34,6.2,10,32,1,,,200,3,,3,,3,,,32,1,,,200,3,,3,,3,,
,1965,4,19,23,41,58.8,5505,,"JAPAN:  AICHI, SHIZOUKA PREFECTURES",34.9,138,36,6,,1,1,,,4,1,,1,,,,,1,1,,,4,1,,1,,,,
,1965,4,29,15,28,43.7,,,WASHINGTON:  SEATTLE,47.4,-122.3,59,6.6,8,7,1,,,,,28,4,,,,,7,1,,,,,28,4,,,,
,1965,5,3,10,1,35.2,,,EL SALVADOR:  SAN MARCOS,13.5,-89.3,23,6,6,125,3,,,1138,4,35,4,,,,,125,3,,,1138,4,35,4,,,,
,1965,7,6,3,18,45.1,1972,,NORTH CORINTH GULF,38.384,22.545,18,6.1,8,1,1,,,6,1,,3,70,2,1000,3,2,1,,,6,1,,3,70,2,1000,3
,1965,8,23,19,46,2.9,1975,,"MEXICO: MEXICO CITY, OAXACA",16.3,-95.8,28,7.8,,6,1,,,,,,1,,,,1,6,1,,,,,,1,,,,1
,1966,2,5,2,1,48.3,,,GREECE:  CENTRAL,39.2,22,38,6.3,,1,1,,,60,2,4,2,450,3,,,1,1,,,60,2,4,2,450,3,,
,1966,3,7,21,29,18.6,,,CHINA:  HEBEI PROVINCE,37.308,114.919,8,6.5,9,8064,4,,,,,,4,,4,,,8064,4,,,,,,4,,4,,
,1966,3,12,16,31,21.8,1980,,TAIWAN,24.1,122.6,48,8,,7,1,,,10,1,,2,,2,,,7,1,,,10,1,,2,,2,,
,1966,3,20,1,42,53.7,,,"UGANDA: KICHWAMBA, BONDIBOGYO;  TANZANIA;  DR CONGO",0.622,29.863,29,6.6,7,157,3,,,1300,4,1.5,2,,3,,,157,3,,,1300,3,1.5,2,,3,,
,1966,3,22,8,19,27,,,CHINA:  HEBEI PROVINCE,37.5,115.1,15,7.6,10,,3,,,,,,4,,4,,,,3,,,,,,4,,4,,
,1966,6,27,10,41,9.5,,,NEPAL-INDIA,29.554,80.854,23,6.3,8,80,2,,,100,2,1,2,5200,4,,,80,2,,,100,2,1,2,5200,4,,
,1966,7,12,0,4,12,,,TURKEY:  BAGICI,38.9,41.3,64,4.6,,12,1,,,20,1,,3,,,,,12,1,,,20,1,,3,,,,
,1966,8,19,12,22,12.7,,,TURKEY:  VARTO,39.235,41.572,24,6.8,9,2394,4,,,,,20,3,,,,,2394,4,,,,,20,3,,,,
,1966,9,1,14,22,59.2,,,GREECE:  SOUTHERN,37.459,22.155,17,5.5,8,1,1,,,123,3,14,3,180,3,1500,4,1,1,,,123,3,14,3,180,3,1500,4
,1966,9,4,22,14,0,,,COLOMBIA,4.62,-73.98,15,5.3,7,6,1,,,30,1,,2,200,3,,,6,1,,,30,1,,2,200,3,,
,1966,10,17,21,41,56,1982,,"PERU:  LIMA,HUACHO,HUAURA, CHANCAY,SUPE,SAN NICOLAS",-10.748,-78.638,38,8.1,9,110,3,,,3000,4,35,4,,,,,110,3,,,3000,4,35,4,,,,
,1966,10,29,2,39,29.4,,,GREECE:  CENTRAL,39.2,21.2,20,5.7,,1,1,,,23,1,,3,,3,,,1,1,,,23,1,,3,,3,,
,1966,12,28,8,18,7.4,1984,,"CHILE:  TALTAL, CATALINA",-25.5,-70.7,47,7.8,8,3,1,,,6,1,0.4,1,,3,,,3,1,,,6,1,0.4,1,,3,,
,1967,2,9,15,24,0,,,"COLOMBIA:  HUILA, NEIVA, RIVERA,SAN ANTONIO",2.85,-74.8,55,7,10,98,2,,,,,20,3,,,,4,98,2,,,,,20,3,,,,4
,1967,2,19,22,14,35.3,,,"INDONESIA:  JAVA:  DAMPIT,GONDANG,TRENGGALEK",-9.2,113.1,80,6.8,9,54,2,,,300,3,,3,2000,4,5000,4,54,2,,,300,3,,3,2000,4,5000,4
,1967,4,11,5,9,12.1,1987,,INDONESIA:  MAKASSAR STRAIT,-3.7,119.3,33,5.5,8,58,2,,,100,2,,2,,2,,,71,2,,,100,2,,2,,2,,
,1967,4,12,4,51,50.2,1988,,"INDONESIA-MALAYSIA:  N SUMATERA,MALAY PENINSULA",5.5,97.3,100,6.1,,14,1,,,,,,3,2000,4,,,14,1,,,,,,3,2000,4,,
,1967,5,1,7,9,1.3,,,GREECE,39.513,21.304,9,5.9,9,9,1,,,56,2,5,2,896,3,3900,4,9,1,,,56,2,5,2,896,3,3900,4
,1967,7,13,2,10,20,,,ALGERIA:  NEAR SIG,35.5,-0.1,13,5,,10,1,,,15,1,,1,40,1,,,10,1,,,15,1,,1,40,1,,
,1967,7,22,16,57,0.7,,,"TURKEY:  MUDURNU, ADAPAZARI",40.751,30.8,30,7.3,10,86,2,,,,,3,2,,,,,86,2,,,,,3,2,,,,
,1967,7,29,10,24,24.6,,,COLOMBIA,6.747,-73.03,161,6.8,8,20,1,,,150,3,2,2,,,,3,20,1,,,150,3,2,2,,,,3
,1967,7,30,0,4,22,3349,,VENEZUELA,10.559,-67.33,25,6.6,8,300,3,,,1536,4,140,4,,,,,300,3,,,1536,4,140,4,,,,
,1967,8,13,22,7,47.5,,,"FRANCE:  ARETTE,LANNE,MONTORY,ARAMITS,HAUX,SUNHAR",43.2,-0.5,15,5.3,8,1,1,,,80,2,,2,,3,,,,1,,,80,2,,2,,3,,
,1967,10,25,0,59,22.6,,,TAIWAN:  HUALIEN,24.5,122.2,65,7,,2,1,,,,,,2,23,1,,,2,1,,,,,,2,23,1,,
,1967,12,10,22,51,23.5,,,INDIA,17.412,73.885,15,6.6,8,180,3,,,,,0.4,1,,,,,180,3,,,,,0.4,1,,,,
,1967,12,21,2,25,23,1994,,CHILE:  NORTHERN,-21.7,-69.5,33,7.5,,1,1,,,,3,,2,,2,,,1,1,,,,3,,2,,2,,
,1968,1,15,2,1,8.5,,,ITALY:  SICILY,37.9,13.1,33,6,,216,3,,,563,3,320,4,,,,,216,3,,,563,3,320,4,,,,
,1968,1,25,9,56,48.7,,,ITALY:  SICILY,37.8,13.2,33,5.1,,8,1,,,55,2,,1,,,,,8,1,,,55,2,,1,,,,
,1968,2,19,22,45,45.7,1997,,GREECE:  AEGEAN SEA:  ST EUSTRATIOS,39.368,24.957,15,7.2,10,22,1,,,18,1,0.6,1,500,3,1951,4,22,1,,,18,1,0.6,1,500,3,1951,4
,1968,2,21,1,45,0,,,JAPAN:  KYUSHU,32,130.6,3,6.3,,3,1,,,,,,2,,,,,3,1,,,,,,2,,,,
,1968,2,23,13,23,,,,BRAZIL: PEREIRO,-6.09,-38.44,,4.6,7,1,1,,,,1,,3,,2,,4,1,1,,,,1,,3,,2,,4
,1968,2,25,,,,,,ALGERIA:  EL ALEN (BABORD),36.08,5.07,,4.9,8,1,1,,,4,1,,2,100,2,,,1,1,,,4,1,,2,100,2,,
,1968,3,20,19,2,50.3,,,"KENYA:  HOMA BAY, USIRI, GOT KOKECH",-0.6,34.4,33,4.6,,1,1,,,1,1,,1,,,,,1,1,,,1,1,,1,,,,
,1968,4,1,0,42,4.2,1998,,"JAPAN:  KYUSHU, SHIKOKU",32.3,132.5,30,7.5,7,1,1,,,22,1,,2,,2,,,1,1,,,22,1,,2,,2,,
,1968,4,29,17,1,57.2,,,"IRAN:  MAKU,SHAH BANDALU,QURTA BOLAGH,QONDEQLI",39.253,44.203,34,5.6,7,38,1,,,100,2,1,2,1000,2,,,38,1,,,100,2,1,2,1000,2,,
,1968,5,16,0,48,55.4,2000,,JAPAN:  OFF EAST COAST OF HONSHU ISLAND,40.8,143.2,7,8.2,6,52,2,,,330,3,,3,689,3,,,52,2,,,330,3,131,4,1218,4,,
,1968,6,19,8,13,35.8,,,"PERU:  SAN MARTIN,MOYOBAMBA,YANTALO,RIOJA,LAMAS",-5.61,-77.086,15,6.8,,15,1,,,120,3,0.1,1,,,,,15,1,,,120,3,0.1,1,,,,
,1968,8,1,20,19,21.9,2003,,PHILIPPINES:  LUZON:  MANILA,16.5,122.2,36,7.3,,270,3,,,261,3,8,3,,1,,3,270,3,,,261,3,8,3,,1,,3
,1968,8,2,14,6,43.7,5847,,"MEXICO:  OAXACA, GUERRERO",16.519,-97.739,25,7.3,7,18,1,,,,,2.4,2,,,,,18,1,,,,,2.4,2,,,,
,1968,8,31,10,47,43.2,,,IRAN:  DASHT-E-BAYAZ,34.158,59.083,13,7.1,10,10488,4,,,17000,4,35,4,12000,4,,,10488,4,,,17000,4,35,4,12000,4,,
,1968,9,1,7,27,,,,IRAN:  FERDOW,34,58.2,15,6.2,,700,3,,,,,,3,1500,4,,,700,3,,,,,,3,1500,4,,
,1968,9,3,8,19,52.2,3297,,"TURKEY:  BARTIN, AMASRA, CAKRAZ",41.8,32.3,38,6.6,8,24,1,,,200,3,,3,2000,4,2000,4,24,1,,,200,3,,3,2000,4,,
,1968,9,20,6,0,5,2009,,VENEZUELA:  CARUPANO,10.697,-62.748,103,6.5,9,3,1,,,,,,2,,,,,3,1,,,,,,2,,,,
,1968,9,25,10,38,39.5,2010,,MEXICO-GUATEMALA:  S CHIAPAS,15.573,-92.536,124,6.1,,20,1,,,500,3,,2,,,,,20,1,,,500,3,,2,,,,
,1969,1,3,3,16,40.3,,,IRAN:  NE KHURASAN PROVINCE,37.14,57.899,11,5.5,8,50,1,,,300,3,,2,100,2,,,50,1,,,300,3,,2,100,2,,
,1969,2,11,22,8,54,,,CHINA:  XINJIANG PROVINCE:  WUSHI,41.45,79.367,10,6.3,7,4,1,,,,1,,3,,3,,,4,1,,,,1,,3,,3,,
,1969,2,23,0,36,58.9,2011,,"INDONESIA:  SULAWESI:  PARASANGA, PALETOANG",-3.201,118.904,15,7,8,64,2,,,97,2,,3,1287,4,,,664,3,,,97,2,,3,1287,4,,
,1969,2,28,2,40,32.5,2012,,"PORTUGAL; MOROCCO:  RABAT, SALE; SPAIN:  CANARY IS",36.017,-10.95,22,7.8,7,25,1,,,80,2,,2,,3,,4,25,1,,,80,2,,2,,3,,4
,1969,3,29,9,15,53.5,,,ETHIOPIA:  SARDO,11.875,41.208,35,6.2,9,40,1,,,160,3,0.32,1,,3,,,40,1,,,160,3,0.32,1,,3,,
,1969,3,31,7,15,54.4,3646,,"EGYPT:  BENI-SOUEF, AL-QAHIRAH (CAIRO)",27.7,34,33,7,,2,1,,,16,1,,3,107,3,,,2,1,,,16,1,,3,107,3,,
,1969,7,18,5,24,50,5800,,CHINA:  BOHAI SEA,38.2,119.4,6,7.4,9,10,1,,,353,3,,4,15190,4,24810,4,10,1,,,353,3,,4,15190,4,24810,4
,1969,7,25,22,49,43,,,CHINA:  GUANGDONG PROVINCE:  YANGJIANG COUNTY,22.317,111.8,5,6.4,8,3000,4,,,,,,4,10762,4,,,3000,4,,,,,,4,10762,4,,
,1969,9,29,20,3,30.6,,,SOUTH AFRICA:  CAPE PROVINCE,-33.268,19.386,33,6.3,9,12,1,,,,3,24,3,,,,3,12,1,,,,3,24,3,,,,3
,1969,10,1,5,5,48.7,,,"PERU:  HUAYTAPALLANA, LAMPA, CHILIFRUTA",-11.841,-75.051,10,6.6,11,130,3,,,,3,5,2,,,,,130,3,,,,3,5,2,,,,
,1969,10,2,4,56,46.5,,,CALIFORNIA:  SANTA ROSA,38.467,-122.692,10,4.8,8,1,1,,,,,8.35,3,,,,,1,1,,,,,8.35,3,,,,
,1970,1,4,17,0,41.2,,,CHINA:  YUNNAN PROVINCE; VIETNAM:  HANOI,24.157,102.474,31,7.1,10,15621,4,,,,,,3,,3,,3,15621,4,,,,,,3,,3,,
,1970,2,5,22,5,58.3,,,"PHILIPPINES:  LUZON, ROMBLON I; TABLAS I:  ODIONGAN",12.6,122.1,11,7.1,,3,1,,,,2,,2,,,,,3,1,,,,2,,2,,,,
,1970,2,14,11,17,16.1,,,"PERU:  PANAO,CHACLLA,QUERO,AYLLAMARCA,LA LINDA",-9.9,-75.6,35,5.4,9,12,1,,,,,,3,,3,,,12,1,,,,,,3,,3,,
,1970,3,6,20,6,52.8,,,BOLIVIA: POTOSI,-19.2,-66.1,70,4.6,,2,1,,,,3,,2,,2,,,2,1,,,,3,,2,,2,,
,1970,3,14,1,51,44.4,,,"IRAN:  BADALAN,QERIS,BATCHI,DIZEH,PESAK,HESAR",38.6,44.7,23,4.8,,5,1,,,,,,2,,3,,,5,1,,,,,,2,,3,,
,1970,3,23,1,52,59.3,,,INDIA:  BROACH,21.7,73,3,5.4,,26,1,,,200,3,,2,,,,,26,1,,,200,2,,2,,,,
,1970,3,28,21,2,26.7,,,TURKEY:  GEDIZ,39.098,29.57,25,7.2,10,1086,4,,,1174,4,55.6,4,8229,4,8229,4,1086,4,,,1174,4,55.6,4,8229,4,5586,4
,1970,4,7,5,34,5.6,2020,,PHILIPPINES:  LUZON,15.78,121.71,40,7.3,6,15,1,,,200,3,,2,,,,,15,1,,,200,3,,2,,,,
,1970,5,14,18,12,26,3073,,RUSSIA:  DAGESTAN,43.191,47.14,15,6.7,8,31,1,,,,,,3,,2,,4,31,1,,,,,,3,,2,,4
,1970,5,31,20,23,27.3,2021,,"PERU: NORTHERN, PISCO, CHICLAYO",-9.2,-78.8,43,7.9,10,66794,4,,,50000,4,530,4,,3,,3,66794,4,,,50000,4,530,4,,3,,
,1970,7,2,2,24,35.7,,,TURKEY:  SIVAS,38.8,36.7,27,4.9,,1,1,,,,,,2,150,3,150,3,1,1,,,,,,2,150,3,,
,1970,7,30,0,52,19.5,,,"IRAN:  KARNAVEH, MAREV",37.8,55.9,16,6.7,8,220,3,,,483,3,8,3,2000,4,,4,220,3,,,483,3,8,3,2000,4,,4
,1970,7,31,17,8,5.4,,,PERU:  JUIN  PROVINCE FELT ARGENTINA TO MEXICO CITY,-1.5,-72.6,651,7.1,,1,1,,,,2,,2,,,,,1,1,,,,2,,2,,,,
,1970,10,31,17,53,7.1,2028,,PAPUA NEW GUINEA:  MADANG,-4.907,145.471,8,7.3,8,15,1,,,20,1,1.75,2,800,3,800,3,18,1,,,20,1,1.75,2,800,3,,
,1970,12,10,4,34,38.8,,,PERU:  N;  ECUADOR:  S,-4,-80.7,25,7.6,10,82,2,,,350,3,6,3,,,,,82,2,,,350,3,6,3,,,,
,1971,2,6,18,9,9.1,,,ITALY:  TUSCANIA,42.5,11.8,33,4.6,8,24,1,,,150,3,41,4,40,1,1678,4,24,1,,,150,3,41,4,40,1,1678,4
,1971,2,9,14,0,41.8,,,CALIFORNIA:  SAN FERNANDO,34.412,-118.4,8,6.5,11,65,2,,,2000,4,505,4,,,,,65,2,,,2000,4,505,4,,,,
,1971,2,14,16,27,36.1,,,"IRAN:  JAILAN,BOKRAN,HOSSEINABAD,SHARIFABAD",36.6,55.6,39,5.3,,1,1,,,,,,2,,,,,1,1,,,,,,2,,,,
,1971,4,12,19,3,24.4,,,"IRAN:  TAZARJ,BARGHANY,MADANUIYEH,BARAFTAB,DARAGAH",28.363,55.737,44,6.1,7,1,1,,,,,,3,,3,,,1,1,,,,,,3,,3,,
,1971,5,12,6,25,13,,,TURKEY:  BURDUR,37.6,29.8,23,5.9,6,56,2,,,150,3,,3,,,,,56,2,,,150,3,,3,,,,
,1971,5,22,16,43,58.7,,,TURKEY:  BINGOL,38.8,40.5,3,6.7,8,995,3,,,9111,3,5,2,,,,,995,3,,,9111,3,5,2,,,,
,1971,6,16,14,44,22.5,,,"INDONESIA:  JAVA:  BUARAN,BANTAR KAWSUN,JIPANG",-7.2,109.1,35,5.2,,1,1,,,6,1,,3,,,1377,4,1,1,,,6,1,,3,,,1377,4
,1971,6,17,21,,40.9,,,"CHILE:  CATALINA, ANTOFAGASTA",-25.5,-69.2,93,6.3,5,1,1,,,,,,2,,,,,1,1,,,,,,2,,,,
,1971,7,9,3,3,18.7,2033,,CHILE:  CENTRAL,-32.5,-71.2,58,7.8,9,83,2,,,447,3,236.4,4,,3,,,83,2,,,447,3,236.4,4,,3,,
,1971,7,14,6,11,29.1,2034,,PAPUA NEW GUINEA:  NEW IRELAND: BOUGAINVILLE,-5.5,153.9,47,7.9,9,2,1,,,5,1,,1,,,,,3,1,,,5,1,,1,,,,
,1971,7,15,1,33,22.3,,,ITALY:  PARMA,44.8,10.3,7,5.2,,2,1,,,,,,1,,,,,2,1,,,,,,1,,,,
,1971,7,27,2,2,49.6,,,PERU-ECUADOR:  GUAYAQUIL,-2.7,-77.4,135,6.3,7,1,1,,,,2,,2,,,,,1,1,,,,2,,2,,,,
,1971,8,9,2,54,36.7,,,IRAN:  BABOL-KENAR,36.3,52.7,27,5.3,,1,1,,,,,,2,,,,,1,1,,,,,,2,,,,
,1971,8,16,4,58,0.3,,,CHINA:  SICHUAN PROVINCE:  MABIAN,28.9,103.7,,5.9,7,,1,,,,,,1,,1,,,,1,,,,,,1,,1,,
,1971,10,15,10,33,46.7,,,PERU:  APURIMAC,-14.1,-73.3,54,5.7,9,5,1,,,,,,3,,,,,5,1,,,,,,3,,,,
,1971,10,27,17,58,36.9,,,"VANUATU ISLANDS:  ESPIRITU SANTO, PORT VILA",-15.5,167.2,40,7.1,7,1,1,,,,2,,3,,,,,1,1,,,,2,,3,,,,
,1972,1,25,2,6,23.3,2045,,TAIWAN,22.5,122.3,33,7.5,6,1,1,,,,,,1,5,1,,,1,1,,,,,,1,5,1,,
,1972,3,20,7,33,49.6,,,PERU:  JUANJUI,-6.8,-76.8,64,6.1,9,12,1,,,,1,20,3,500,3,,,12,1,,,,1,20,3,500,3,,
,1972,4,10,2,6,51.9,,,"IRAN:  QIR,KARZIN, JAHROM, FIRUZABAD",28.415,52.765,11,6.6,9,5374,4,,,1710,4,,4,,4,,,5374,4,,,1710,4,,4,,4,,
,1972,4,24,9,57,21.7,,,TAIWAN:  HUALIEN,23.6,121.6,33,6.9,5,4,1,,,11,1,,2,,,,,4,1,,,11,1,,2,,,,
,1972,12,23,6,29,42.5,,,NICARAGUA:  MANAGUA,12.4,-86.1,5,6.2,,10000,4,,,20000,4,2968,4,,,,,10000,4,,,20000,4,2968,4,,,,
,1973,1,30,21,1,12.5,2058,,"MEXICO:  S, FARIAS, TECOMAN",18.48,-103,43,7.5,,56,2,,,390,3,,2,,2,,,56,2,,,390,3,,2,,2,,
,1973,3,17,8,30,51.8,3226,,"PHILIPPINES:  QUEZON CITY:  CALAUG,LOPEZ,GUIAYANGAN",13.4,122.8,33,7.5,9,15,1,,,64,2,0.45,1,98,2,270,3,15,1,,,64,2,0.45,1,98,2,270,3
,1973,4,14,8,34,0.1,,,"COSTA RICA: TILARAN, ARENAL, RIO CHIQUITO",10.679,-84.759,33,6.5,,26,1,,,100,2,0.2,1,,,,,26,1,,,100,2,0.2,1,,,,
,1973,4,24,21,30,9.9,,,"COLOMBIA; SAN CRISTOBAL, VENEZUELA",4.956,-78.144,50,6.5,,1,1,,,,,,2,,,,,1,1,,,,,,2,,,,
,1973,8,28,9,50,40,,,"MEXICO:  VERACRUZ, MEXICO CITY",18.27,-96.6,84,6.2,7,527,3,,,4000,4,,3,,3,,,527,3,,,4000,4,,3,,3,,
,1973,11,11,7,14,53.1,,,"IRAN:  QESHLAGH,DEH BID",30.589,53.058,11,5.8,7,1,1,,,,3,,3,,,500,3,1,1,,,,3,,3,,,500,3
,1974,1,5,8,33,50.7,,,"PERU:  LIMA, YAUYOS",-12.3,-76.35,98,6.3,,10,1,,,,3,,3,,,,,10,1,,,,3,,3,,,,
,1974,4,18,1,19,22.6,,,"COLOMBIA:  NE, CEPITA, SAN ANDREAS",6.89,-72.93,24,5,,4,1,,,10,1,,2,,,120,3,4,1,,,10,1,,2,,,120,3
,1974,5,8,23,33,25.2,2065,,JAPAN:  NAKAGI,34.5,138.7,2,6.5,9,30,1,,,102,3,,2,134,3,,,27,1,,,102,3,,2,134,3,,
,1974,5,10,19,25,15,,,"CHINA:  YUNNAN AND SICHUAN PROVINCES, CHAO-T'UNG",28.24,104.01,11,7.1,,20000,4,,,,,,3,,3,,,20000,4,,,,,,3,,3,,
,1974,6,12,16,25,47.6,,,VENEZUELA,10.56,-63.38,34,6.1,7,5,1,,,,1,2.5,2,,,,,5,1,,,,1,2.5,2,,,,
,1974,7,13,1,18,22.8,,,"COLOMBIA: BOGOTA, CALI, PEREIRA",7.75,-77.69,12,7.3,,11,1,,,,1,,1,50,1,,,11,1,,,,1,,1,50,1,,
,1974,8,3,18,16,34,,,"JAPAN:  HONSHU:  KAKIOTA,  MITO, TOKYO",36,139.82,58,5.7,6,2,1,,,17,1,,2,,,,,2,1,,,17,1,,2,,,,
,1974,10,3,14,21,29.1,2068,,"PERU:  LIMA, CALLAO",-12.27,-77.79,13,8.1,9,78,2,,,2414,4,10,3,,3,,,78,2,,,2414,4,10,3,,3,,
,1974,12,28,12,11,43.7,2071,,"PAKISTAN:  BALAKOT, PATAN",35.1,72.9,22,6.2,7,5300,4,,,17000,4,3.255,2,,3,,3,5300,4,,,17000,4,3.255,2,,3,,
,1975,1,19,8,2,2.5,,,INDIA:  KASHMIR:   KINNAUR DISTRICT,32.46,78.43,33,6.8,,47,1,,,,,,2,,,,,47,1,,,,,,2,,,,
,1975,2,4,11,36,7.5,,,"CHINA:  LIAONING PROVINCE:  YINGTAO, ANSHAN",40.64,122.58,33,7.4,10,300,3,,,,,,4,,4,,,300,3,,,,,,4,,4,,
,1975,2,9,4,45,24.5,,,INDONESIA:  JAVA,-6.7,106.7,27,5.6,8,1,1,,,,,,2,,,,,1,1,,,,,,2,,,,
,1975,3,7,7,4,42.6,,,"IRAN:  SARKHUN,QALEH QAZI,QADHAD,NONG-E-BALA",27.5,56.26,27,6.1,7,7,1,,,200,3,,2,,1,,,7,1,,,200,3,,2,,1,,
,1975,3,13,15,26,42.5,2074,,"CHILE:  COQUIMBO, LA SERENA",-29.9,-71.3,4,6.9,8,2,1,,,25,1,,1,,,,,2,1,,,25,1,,1,,,,
,1975,4,5,9,34,36.6,,,VENEZUELA,10.04,-69.75,33,6.1,,3,1,,,20,1,1.2,2,,,,,3,1,,,20,1,1.2,2,,,,
,1975,7,8,12,4,42.4,,,MYANMAR (BURMA): PAGAN (BAGAN),21.49,94.7,157,6.5,,1,1,,,1,1,0.5,1,,,,,1,1,,,1,1,0.5,1,,,,
,1975,7,11,7,18,46.6,,,ALGERIA:  DJEBEL BABOR,36.32,5.241,30,4.3,,1,1,,,18,1,,2,,,,,1,1,,,18,1,,2,,,,
,1975,9,6,9,20,10.9,,,TURKEY:  LICE,38.474,40.723,26,6.7,9,2311,4,,,3372,4,17,3,,,,,2311,4,,,3372,4,,,,,,
,1975,9,21,14,16,36.8,,,"IRAN:  SARPIR,DORAHAN,DEH BAGH",31.549,51.062,33,5.5,7,2,1,,,,,,3,,,,,2,1,,,,,,3,,,,
,1975,12,31,9,45,47.7,,,GREECE:  KATO-MAKRINOU,38.628,21.798,19,5.5,9,1,1,,,10,1,,3,,,,,1,1,,,10,1,,3,,,,
,1976,2,4,9,1,43.4,2085,,"GUATEMALA:  CHIMALTENANGO, GUATEMALA CITY",15.324,-89.101,5,7.5,9,23000,4,,,76000,4,2147,4,255000,4,,4,23000,4,,,76000,4,2147,4,255000,4,,4
,1976,3,13,16,30,41.5,,,GUATEMALA,14.767,-91.061,5,5.1,,4,1,,,50,1,,2,,,,,4,1,,,50,1,,2,,,,
,1976,3,19,13,3,38.4,,,AFGHANISTAN:  HINDU-KUSH:  SHAMAGAN PROVINCE,36.61,67.79,33,5.5,8,49,1,,,59,2,,3,1137,4,559,3,49,1,,,59,2,,3,1137,4,559,3
,1976,3,25,11,55,39.4,,,TURKEY,41.13,43.01,18,4.8,,2,1,,,6,1,,2,,,,,2,1,,,6,1,,2,,,,
,1976,4,9,7,8,47,,,ECUADOR:  ESMERALDOS,0.78,-79.8,9,6.7,,10,1,,,,,4,2,,,,,10,1,,,,,4,2,,,,
,1976,4,29,22,18,9.1,,,TURKEY,40.89,42.85,44,5.5,,4,1,,,,,,2,,3,,,4,1,,,,,,2,,3,,
,1976,5,6,20,0,11.6,,,"ITALY:  NE, BALKANS NW:   SLOVENIA: NW",46.356,13.275,9,6.5,10,978,3,,,1700,4,3600,4,,,,,978,3,,,1700,4,3600,4,,,,
,1976,5,29,12,23,18.7,,,CHINA:  YUNNAN PROVINCE:  LUNGLING-LUSHI,24.57,98.953,8,7.3,9,,2,,,,,,3,,,,,,2,,,,,,3,,,,
,1976,5,29,14,0,18.5,,,CHINA:  YUNNAN PROVINCE:  LUNGLING-LUSHI,24.531,98.71,10,7.4,9,,2,,,,,,3,,,,,,2,,,,,,3,,,,
,1976,6,25,19,18,56.9,,,INDONESIA:  NEW GUINEA:  IRIAN JAYA,-4.603,140.091,33,7.1,,6000,4,,,,,,3,,,,,6000,4,,,,,,3,,,,
,1976,7,11,16,54,31.8,5669,,PANAMA: DARIEN,7.4,-78.1,22,6.7,,5,1,,,7,1,,1,,,,,5,1,,,7,1,,1,,,,
,1976,7,14,7,13,24,,,INDONESIA:  BALI,-8.17,114.888,40,6.5,,573,3,,,4755,4,195,4,,,,,573,3,,,4755,4,195,4,,,,
,1976,7,27,19,42,54.6,,,CHINA:  NE:  TANGSHAN,39.57,117.98,23,7.5,11,242769,4,,,799000,4,5600,4,,,,,242769,4,,,799000,4,5600,4,,,,
,1976,7,28,10,45,35.2,,,CHINA:  NE:  TANGSHAN,39.664,118.401,26,7.4,9,,2,,,,,,2,,3,,,,2,,,,,,2,,3,,
,1976,8,16,16,11,7.3,2086,,PHILIPPINES:  MINDANAO:  S,6.292,124.09,33,8,6,1200,4,,,3500,4,134,4,,,,,8000,4,,,10000,4,134,4,,,,
,1976,8,17,4,19,27.3,,,PHILIPPINES:  MINDANAO,7.249,122.939,22,6.8,,,1,,,,,,1,,,,,,1,,,,,,1,,,,
,1976,8,19,1,12,36.7,,,TURKEY:  DENIZLI,37.7,28.89,3,4.9,4,4,1,,,50,1,,2,,,1800,4,4,1,,,50,1,,2,,,1800,4
,1976,9,11,16,31,12,,,ITALY:  NORTHEASTERN,46.28,13.157,16,5.5,7,5,1,,,,2,,2,,,,,5,1,,,,2,,2,,,,
,1976,9,15,3,15,19.9,,,ITALY:  NORTHEASTERN,46.302,13.197,10,6,9,11,1,,,,2,,2,,,,,11,1,,,,2,,2,,,,
,1976,10,29,2,51,7.6,,,INDONESIA:  NEW GUINEA:  IRIAN JAYA:  JAYAWIJAYA,-4.517,139.918,33,7.1,8,133,3,,,,,,1,,,,1,133,3,,,,,,1,,,,1
,1976,11,7,4,0,53.2,,,IRAN:  KHORASAN PROVINCE,33.846,59.208,13,6,8,17,1,,,32,1,,3,,,,,17,1,,,32,1,,3,,,,
,1976,11,24,12,22,17.6,,,TURKEY:  MURADIYE,39.058,44.03,36,7,10,5000,4,,,,3,60,4,,,,,5000,4,,,,3,60,4,,,,
,1976,11,30,0,40,57.8,,,"CHILE:  POZO ALMONTE, OFICINA VICTORIA, ARICA",-20.52,-68.92,82,7.3,8,1,1,,,13,1,,2,,,,3,1,1,,,13,1,,2,,,,3
,1976,12,8,8,38,25.7,,,SOUTH AFRICA,-27.953,26.653,33,5.2,,4,1,,,36,1,,2,,,,,4,1,,,36,1,,2,,,,
,1976,12,27,,,,,,"IRAN:  SADAL,DALAK DASHI,AB-E-GARM,SIAH CHESHMEH",39,44,,,,1,1,,,,,,2,,,,,1,1,,,,,,2,,,,
,1977,3,4,19,21,55.6,,,ROMANIA:  BUCHAREST,45.777,26.703,89,7.5,,1641,4,,,10500,4,2000,4,,,,,1641,4,,,10500,4,2000,4,,,,
,1977,3,18,21,43,52.4,,,PHILIPPINES:  LUZON:  MANILA,16.77,122.33,37,7.3,7,1,1,,,9,1,0.1,1,14,1,22,1,1,1,,,9,1,0.1,1,14,1,22,1
,1977,3,21,21,18,53.6,,,IRAN:  BANDAR ABBAS,27.584,56.378,29,6.7,8,167,3,,,556,3,,3,1500,4,,,167,3,,,556,3,,3,1500,4,,
,1977,3,25,2,39,58.2,,,TURKEY,38.56,40.02,21,4.9,,30,1,,,,,,3,,,,,30,1,,,,,,3,,,,
,1977,4,6,13,36,36.9,,,"IRAN:  NAGHAN,ARDAL,JAGHDAN,DASTGERD,KORDAN,SARMUR",31.845,50.711,41,6,8,366,3,,,200,3,,3,2100,4,,,366,3,,,200,3,,3,2100,4,,
,1977,4,20,23,13,10.4,2089,,SOLOMON ISLANDS,-9.828,160.323,33,6.8,6,34,1,,,,,,3,,,,,34,1,,,,,,3,,,,
,1977,4,21,4,24,9.6,2090,,SOLOMON ISLANDS,-9.965,160.731,33,8.1,7,18,1,,,1,1,,3,,,,,18,1,,,1,1,,3,,,,
,1977,5,26,1,35,13.8,,,IRAN:  AZARBAIJAN,38.934,44.38,37,5.4,,3,1,,,9,1,,3,,,,,3,1,,,9,1,,3,,,,
,1977,5,28,,,,,,"IRAN:  SIAH CHESHMEH,MUKHUR,ZOLUL,DALIK DASHI",39,44,,,,6,1,,,,,,3,,,,,6,1,,,,,,3,,,,
,1977,6,22,12,8,33.4,2091,,TONGA TRENCH,-22.878,-175.9,65,7.2,4,1,1,,,5,1,1.2,2,,,,,1,1,,,5,1,1.2,2,,,,
,1977,8,31,0,42,5.4,,,"COLOMBIA:  APARTADO, MEDELLIN",7.34,-76.3,33,6.5,,3,1,,,,,,2,,,,,3,1,,,,,,2,,,,
,1977,11,23,9,26,26.4,,,ARGENTINA:  SAN JUAN PROVINCE:  MENDOZA,-31.119,-67.839,15,7.5,9,65,2,,,300,3,80,4,,,,,65,2,,,300,3,80,4,,,,
,1977,12,19,23,34,34.3,,,IRAN:  BAB-TANGOL,30.94,56.53,31,5.9,7,584,3,,,1000,3,,3,,,,,584,3,,,1000,3,,3,,,,
,1978,1,14,3,24,39,2096,,"JAPAN:  TOKKAIDO, OSHIMA",34.809,139.259,14,6.6,5,25,1,4,1,129,3,,3,85,2,544,3,25,1,,,129,3,,3,85,2,544,3
,1978,3,11,19,20,49.1,,,ITALY:  SICILY,38.1,16.03,33,5,,2,1,,,,2,,2,,,,,2,1,,,,2,,2,,,,
,1978,3,16,2,0,0.5,,,"PAKISTAN:  QUETTA, NUSHKI",29.926,66.302,33,5.9,2,1,1,,,,,,2,,,,,1,1,,,,,,2,,,,
,1978,3,19,1,39,14,,,MEXICO:  ACAPULCO,17.03,-99.74,36,6.6,,1,1,,,25,1,,2,,,,,1,1,,,25,1,,2,,,,
,1978,4,15,23,33,47.2,,,ITALY:  SICILY,38.391,15.066,14,5.7,,5,1,,,,,,2,400,3,,,5,1,,,,,,2,400,3,,
,1978,6,12,8,14,26.4,2105,,JAPAN:  SANRIKU,38.19,142.028,44,7.7,8,28,1,,,10000,4,865,4,,4,,,28,1,,,10000,4,865,4,,4,,
,1978,6,20,20,3,21,2107,,GREECE: THESSALONIKI,40.739,23.229,3,6.4,8,50,1,,,,3,250,4,,,,,50,1,,,,3,250,4,,,,
,1978,7,29,14,37,32.7,,,GUATEMALA:  PATZUN,14.843,-91.022,10,4.5,,17,1,,,,3,,2,,,,,17,1,,,,3,,2,,,,
,1978,9,16,15,35,55.4,,,IRAN:  TABAS,33.205,57.478,33,7.4,9,20000,4,,,,,50,4,15000,4,,,20000,4,,,,,50,4,15000,4,,
,1978,11,4,15,22,19.4,,,"IRAN:  RASHT, SIAHBIL",37.684,48.996,34,6.3,7,26,1,,,,,1.2,2,541,3,,,26,1,,,,,1.2,2,541,3,,
,1978,11,29,19,52,47.6,2109,,MEXICO:  OAXACA,16.01,-96.591,18,7.7,,9,1,,,,3,,2,,,,,9,1,,,,3,,2,,,,
,1978,12,14,7,5,21.5,,,IRAN:  MASJED-E-SOLEYMAN,32.112,49.68,33,6.1,8,76,2,,,,2,,2,,,,,76,2,,,,2,,2,,,,
,1979,1,16,9,50,9.9,,,IRAN:  BONZANABAD,33.918,59.555,33,6.5,8,129,3,,,200,3,,2,1700,4,,,129,3,,,200,3,,2,1700,4,,
,1979,2,16,10,8,53.4,,,PERU:  AREQUIPA,-16.39,-72.658,53,6.9,,18,1,,,,2,,2,,,,,18,1,,,,2,,2,,,,
,1979,3,14,11,7,16.3,2112,,MEXICO:  GUERRERO,17.813,-101.276,49,7.6,,5,1,,,35,1,30,4,200,3,,,5,1,,,35,1,30,4,200,3,,
,1979,4,15,6,19,44.1,2113,,BALKANS NW:  MONTENEGRO,42.096,19.209,10,6.9,9,130,3,,,1001,4,2700,4,,4,,,131,3,,,1001,4,2700,4,,4,,
,1979,5,30,9,38,52.9,,,INDONESIA:  SUMBAWA ISLAND,-8.207,115.949,25,5.8,,22,1,,,,,4.15,2,,,,,22,1,,,,,4.15,2,,,,
,1979,7,9,10,57,22.1,,,CHINA:  JIANGSU PROVINCE:  LIYANG,31.452,119.241,11,5.4,8,42,1,,,2987,4,,4,113909,4,,,41,1,,,2987,4,,4,113909,4,,
,1979,9,12,5,17,51.4,2119,,INDONESIA:  NEW GUINEA:  IRIAN JAYA,-1.679,136.04,5,7.9,,15,1,,,,3,,3,1000,3,,,115,3,,,,3,,3,1000,3,,
,1979,9,19,21,35,37.2,,,ITALY:  CENTRAL:  UMBRIA,42.812,13.061,16,5.8,,5,1,,,5000,4,,3,,,,,5,1,,,5000,4,,3,,,,
,1979,10,20,1,41,10.4,,,INDONESIA:  SUMBAWA ISLAND,-8.254,115.847,38,6.2,,2,1,,,40,1,,2,,,,,2,1,,,40,1,,2,,,,
,1979,10,27,14,35,57.3,,,GUATEMALA,13.833,-90.881,58,6.8,,4,1,,,23,1,,2,,,,,4,1,,,23,1,,2,,,,
,1979,11,2,15,53,3.5,,,INDONESIA:  JAVA,-7.656,108.252,62,6.1,,30,1,,,200,3,16,3,,,,,30,1,,,200,3,16,3,,,,
,1979,11,6,5,26,17.7,,,GREECE-ALBANIA,39.536,20.398,40,5.2,8,1,1,,,3,1,,3,,,,,1,1,,,3,1,,3,,,,
,1979,11,14,2,21,21.5,,,IRAN:  KHORASAN,33.978,59.832,33,6.6,8,171,3,,,,,,3,216,3,,,171,3,,,,,,3,216,3,,
,1979,11,23,23,40,29.8,,,COLOMBIA:  MANIZALES-ARMENIA,4.805,-76.217,108,6.4,9,72,2,,,600,3,20,3,,,,,72,2,,,600,3,20,3,,,,
,1979,11,27,17,10,35.6,,,IRAN,33.974,59.847,10,7.1,9,20,1,,,23,1,,3,,,,,20,1,,,23,1,,3,,,,
,1979,12,12,7,59,5.6,2122,,"COLOMBIA: OFF SHORE, PACIFIC OCEAN",1.555,-79.276,23,8.1,9,600,3,,,20000,4,8,3,10000,4,,,600,3,,,20000,4,8,3,10000,4,,
,1979,12,15,0,2,41.6,,,INDONESIA:  S SUMATERA,-3.299,102.712,33,6.6,,8,1,,,162,3,,2,2500,4,,,8,1,,,162,3,,3,2500,4,,
,1979,12,17,19,58,23.8,,,"INDONESIA:  SUMBAWA ISLAND:  BALI, LOMBOK",-8.39,115.889,33,6.3,,27,1,,,200,3,,2,,,,,27,1,,,200,3,,,,,,
,1980,1,1,16,42,42,4259,,"AZORES:   TERCEIRA, ANGRA DO HEROISMO",38.727,-27.75,13,6.9,8,69,2,,,600,3,5,3,15000,4,,,69,2,,,600,3,5,3,15000,4,,
,1980,6,9,3,28,18.9,,,MEXICO:  NW,32.22,-114.985,5,6.4,5,1,1,,,100,2,,2,,,,,1,1,,,100,2,,2,,,,
,1980,7,9,2,11,52.8,,,GREECE:  AEGEAN SEA:  MAGNESIA,39.269,23.041,14,6.4,9,1,1,,,,3,5,2,,,,,1,1,,,,3,5,2,,,,
,1980,7,12,5,32,8.6,,,GREECE:  VOLOS,39.203,22.729,10,4,,1,1,,,17,1,5,2,,,,,1,1,,,17,1,5,2,,,,
,1980,7,22,5,17,10.1,,,"IRAN:  LAHIJAN, RASHT",37.19,50.201,62,5.4,,1,1,,,,3,,2,,,,,1,1,,,,3,,2,,,,
,1980,7,29,14,58,40.8,,,NEPAL-INDIA:   PITHORAGARH,29.598,81.092,18,6.5,,200,3,,,,3,245,4,,,,,200,3,,,,3,245,4,,,,
,1980,8,9,5,45,9.5,,,HONDURAS;  N GUATEMALA:  IZABEL PROVINCE,15.888,-88.516,22,6.4,,2,1,,,,3,,2,,,,,2,1,,,,3,,2,,,,
,1980,8,18,15,7,52.6,,,"ECUADOR:  W, GUAYAQUIL",-1.948,-80.017,55,5.6,,8,1,,,100,2,5,2,,,,,8,1,,,100,2,5,2,,,,
,1980,8,23,21,36,51.6,,,INDIA:  KASHMIR,32.913,75.633,25,4.9,,15,1,,,40,1,,2,,3,,3,15,1,,,40,1,,2,,3,,
,1980,8,23,21,50,3,,,INDIA:  KASHMIR,32.834,75.629,33,4.8,,,1,,,,,,1,,,,,,1,,,,,,1,,,,
,1980,9,24,17,54,24.1,,,"JAPAN:  TOKYO, YOKOHAMA",35.45,139.964,73,6,6,2,1,,,73,2,1,2,,,,,2,1,,,73,2,1,2,,,,
,1980,10,10,12,25,26,2916,,ALGERIA:  NORTHERN,36.199,1.374,10,7.1,10,5000,4,,,9000,4,5200,4,25000,4,,,5000,4,,,9000,4,5200,4,250000,4,,
,1980,10,24,14,53,35.1,,,"MEXICO:  S, HUAJAPAN DE LEON, OAXACA",18.211,-98.24,72,6.4,9,300,3,,,,3,5,2,,3,,,300,3,,,,3,5,2,,3,,
,1980,11,12,6,58,11.6,,,PERU:  S CENTRAL,-13.347,-74.545,71,4.9,,7,1,,,,,1,2,,,,,7,1,,,,,1,2,,,,
,1980,11,23,18,34,53.8,,,"ITALY:   AVELLINO, POTENZA, CASERTA, NAPLES",40.914,15.366,20,6.9,10,4689,4,,,7700,4,20000,4,,,,,4689,4,,,7700,4,20000,4,,,,
,1980,12,19,1,16,56,,,"IRAN:  N CENTRAL, TEHRAN",34.587,50.652,33,6,7,26,1,,,,,5,2,,,,,26,1,,,,,5,2,,,,
,1980,12,22,12,51,21,,,"IRAN:  N CENTRAL, TEHRAN",34.503,50.59,41,5.2,6,3,1,,,139,3,1,2,,,,,3,1,,,139,3,1,2,,,,
,1981,1,19,15,11,1,,,INDONESIA:  NEW GUINEA:  IRIAN JAYA: JAYAWIJAYA MTS,-4.576,139.232,33,6.7,,305,3,,,,2,5,2,,,,,305,3,,,,2,5,2,,,,
,1981,1,23,21,13,51.7,,,CHINA:  SICHUAN PROVINCE,30.927,101.098,33,6.8,8,150,3,,,489,3,5,2,2992,4,,,150,3,,,489,3,5,2,2992,4,,
,1981,2,14,17,27,44.3,,,ITALY:  S,41.051,14.601,10,4.6,7,12,1,,,,,0.5,1,,,,,12,1,,,,,0.5,1,,,,
,1981,2,24,20,53,38.4,2128,,GREECE:  ATHENS-EASTERN GULF OF CORINTH,38.222,22.934,33,6.7,8,22,1,,,400,3,812,4,8000,4,,,22,1,,,400,3,812,4,8000,4,,
,1981,3,4,21,58,5.9,5417,,GREECE:  ATHENS-CORINTH-KHALIS,38.209,23.288,29,6.4,9,1,1,,,9,1,,2,,,,,1,1,,,9,1,,2,,,,
,1981,3,10,15,16,19.8,,,GREECE:  PREVEZA,39.481,20.699,31,5.6,8,2,1,,,,,,2,150,0,,,2,1,,,,,,2,150,3,,
,1981,4,18,0,32,39.8,,,PERU:  AYACUCHO,-13.144,-74.376,38,4.8,,8,1,,,15,1,,2,,,,,8,1,,,15,1,,2,,,,
,1981,6,11,7,24,25.2,,,IRAN:  SE:  GOLBAFT,29.913,57.715,33,6.6,8,1400,4,,,3000,3,5,2,,,,,1400,4,,,3000,4,5,2,,,,
,1981,6,22,17,53,21.3,,,PERU:  CENTRAL,-13.166,-74.522,24,5.2,,10,1,,,,2,5,2,,,,,10,1,,,,2,5,2,,,,
,1981,7,23,0,5,30.7,,,IRAN:  URUMIYEH,37.141,45.23,33,5.8,7,10,1,,,,,,2,,,,,10,1,,,,,,2,,,,
,1981,7,28,17,22,24.6,,,"IRAN:  SE, KERMAN",30.013,57.794,33,7,9,3000,4,,,1000,4,1000,4,,,,,3000,4,,,1000,4,1000,4,,,,
,1981,9,12,7,15,54.1,,,PAKISTAN: GILGIT,35.693,73.594,33,5.9,,220,3,,,2500,4,5,2,,,,,220,3,,,2500,4,5,2,,,,
,1981,10,18,4,31,2.7,,,VENEZUELA-N COLOMBIA,8.117,-72.527,54,5.4,7,15,1,,,,3,5,2,,,,,15,1,,,,3,5,2,,,,
,1981,10,25,3,22,15.5,2132,,MEXICO:  MICHOACAN: LAZARO CARDENAS,18.048,-102.084,33,7.3,,3,1,,,28,,,2,,,,2,3,1,,,28,1,,2,,,,2
,1981,12,12,20,26,46.9,,,PAKISTAN:  CENTRAL,29.856,66.962,33,4,,6,1,,,12,1,,2,45,1,45,1,6,1,,,12,1,,2,45,1,,
,1982,3,21,2,32,7.7,2135,,"JAPAN:  HOKKAIDO, URAKAWA, HIROO",42.158,142.361,44,6.7,10,110,3,,,100,2,1,2,,,,,110,3,,,100,2,1,2,,,,
,1982,3,28,4,16,52.5,,3518,MEXICO:  CHIAPAS,17.25,-93.21,9,3.5,,10,1,,,200,3,,1,,,,,1879,4,1755,4,,,3.3,2,,,,
,1982,3,28,23,24,51.1,,,"PERU:  COAST, LUNAHUANA, LIMA, HUANCAYO",-12.69,-76.065,95,6.1,6,3,1,,,,,5,2,,,,,3,1,,,,,5,2,,,,
,1982,6,7,10,59,40.1,,,"MEXICO:  GUERERRO, ORZIBA, OAXACA, GUADALUPE",16.558,-98.358,34,7,6,9,1,,,,3,,2,,,,,9,1,,,,3,,2,,,,
,1982,6,15,23,24,28.6,,,CHINA:  SICHUAN PROVINCE:  GARZE,31.907,99.931,10,5.5,7,10,1,,,5,1,,1,,,,,10,1,,,5,1,,1,,,,
,1982,6,19,6,21,58.5,,,EL SALVADOR:  SAN SALVADOR; GUATEMALA,13.332,-89.387,73,7.3,7,43,1,,,,3,5,2,,,,,43,1,,,,3,5,2,,,,
,1982,9,29,5,50,32.2,,,HONDURAS-GUATEMALA-EL SALVADOR,14.487,-89.121,12,5.1,4,3,1,,,2,1,,2,,3,554,3,3,1,,,2,1,,2,,3,554,3
,1982,11,16,23,41,21,,,"BALKANS NW:  ALBANIA:  BIER, BERAT, LUSHNJE",40.883,19.59,21,5.5,8,1,1,,,12,1,5,2,,,,,1,1,,,12,1,5,2,,,,
,1982,12,13,9,12,48,,,YEMEN:  DHAMAR,14.701,44.379,5,6,8,2800,4,,,1500,4,2000,4,,4,,,2800,4,,,1500,4,2000,4,,4,,
,1982,12,16,0,40,48.7,,,AFGHANISTAN:  NORTHEASTERN,36.148,69.011,36,6.6,,500,3,,,3000,4,1,2,,,,,500,3,,,3000,4,1,2,,,,
,1982,12,25,12,28,2.8,2689,,INDONESIA:  FLORES ISLAND:  EASTERN,-8.405,123.08,33,5.9,,13,1,,,390,3,1.45,2,1875,4,,,13,1,,,390,3,1.45,2,1875,4,,
,1983,2,25,18,22,12.9,,,BALKANS NW:  MACEDONIA:  SKOPJE,41.959,21.54,24,4.7,7,12,1,,,,,0.5,1,,,,,12,1,,,,,0.5,1,,,,
,1983,3,25,11,57,49.3,,,"IRAN:  TEHRAN, DAMAVOND, AMOI",35.953,52.264,33,4.9,6,30,1,,,61,2,5,2,,,,3,30,1,,,61,2,5,2,,,,3
,1983,3,31,13,12,52.6,,,"COLOMBIA:  SW, POPAYAN",2.461,-76.686,22,4.9,8,350,3,,,1200,4,410.9,4,,,,,350,3,,,1200,4,410.9,4,,,,
,1983,4,3,2,50,2.8,5877,,"COSTA RICA:  SE, PANAMA: W",8.677,-83.098,30,7.5,,6,1,,,,2,1,2,,,,,6,1,,,,2,1,2,,,,
,1983,4,4,2,51,34.3,,,INDONESIA:  SUMATERA:  BANDA ACEH,5.723,94.722,79,6.6,7,,1,,,100,2,1,2,,,,,,1,,,100,2,1,2,,,,
,1983,4,5,6,50,33.4,,,CHINA:  XINJIANG WEIWUER ZIZHIQU PROVINCE:  WUQUA,40.025,75.26,33,5.6,,,1,,,,,,1,,,,,,1,,,,,,1,,,,
,1983,4,12,12,7,54.5,,,PERU:  CHIMBOTE,-4.843,-78.103,104,6.5,,10,1,,,,,0.5,1,,,,,10,1,,,,,0.5,1,,,,
,1983,5,26,2,59,59.6,2142,,JAPAN:  HONSHU:  AKITA,40.462,139.102,24,7.7,8,4,1,,,324,3,800,4,,,,,104,3,,,324,3,800,4,,,,
,1983,7,3,17,14,23.1,,,COSTA RICA:  SAN JOSE,9.652,-83.688,33,6.2,9,2,1,,,60,2,5,2,,,,,2,1,,,60,2,5,2,,,,
,1983,7,5,12,1,27.3,,,"TURKEY:  NW, BIGA, ERDEK, ISTANBUL",40.324,27.222,10,6.1,8,5,1,,,26,1,,2,,,,,5,1,,,26,1,,2,,,,
,1983,7,22,2,41,0.8,,,"IRAN:  NW, ZANJIN",36.948,49.18,41,5,6,4,1,,,41,1,5,2,75,2,,,4,1,,,41,1,5,2,75,2,,
,1983,8,8,3,47,57.1,,,JAPAN:  HONSHU:  S COAST,35.5,139.07,25,5.3,,1,1,,,28,1,,1,,2,,,1,1,,,28,1,,1,,2,,
,1983,8,17,12,17,56,2148,,PHILIPPINES:  LUZON,18.231,120.86,29,6.5,8,16,1,,,47,1,2.227,2,,3,,3,16,1,,,471,3,2.227,2,,3,,
,1983,10,4,18,52,13.3,2149,,CHILE:  NORTHERN:  COPOAPO-CHANARAL,-26.535,-70.563,15,7.3,7,5,1,,,12,1,1,2,40,1,,,5,1,,,12,1,1,2,40,1,,
,1983,10,25,0,36,23.4,,,INDONESIA:  CENTRAL SULAWESI,1.131,120.858,33,6.1,7,2,1,,,4,1,,2,20,1,4,1,2,1,,,4,1,,2,20,1,4,1
,1983,10,28,14,6,6.5,,,"IDAHO:  BORAH PEAK, CHALLIS, MACKAY",43.974,-113.916,14,7.3,9,2,1,,,2,1,12.5,3,,,,,2,1,,,2,1,12.5,3,,,,
,1983,10,30,4,12,27.1,,,"TURKEY:  ERZURUM, KARS, KHORASAN, PASINLER, NARMAN",40.33,42.187,12,6.9,,1342,4,,,1142,4,25,4,,4,,,1342,4,,,1142,4,25,4,,4,,
,1983,11,6,21,9,45.2,,,"CHINA:  E, HEZE-DONGMING, SHANDONG PROVINCE",35.206,115.213,19,5.3,7,34,1,,,2200,4,5,2,3300,4,,,34,1,,,2200,4,5,2,3300,4,,
,1983,11,8,0,49,32.1,,,BELGIUM,50.696,5.346,10,5,7,2,1,,,30,1,50,4,,3,,,2,1,,,30,1,50,4,,3,,
,1983,12,22,1,2,2.4,,,"PAPUA NEW GUINEA:  ULAWUN, RABAUL",-5.392,151.868,26,6.4,5,10,1,,,,,25,4,,,,,10,1,,,,,25,4,,,,
,1983,12,22,4,11,29.2,,,GUINEA:  GAOUAL-KOUMBIA,11.866,-13.529,11,6.2,9,443,3,200,3,1436,4,8,3,4000,4,,,443,3,200,3,1436,4,8,3,4000,4,,
,1983,12,30,23,52,39.9,,,"AFGHANISTAN:  HINDU KUSH:  KABUL, SAMANGAN; PAKISTAN",36.372,70.738,215,7.2,7,26,1,,,483,3,3,2,,,,,26,1,,,483,3,3,2,,,,
,1984,1,8,15,24,13.5,2151,,INDONESIA:  SULAWESI:  W,-2.823,118.806,33,6.6,7,2,1,,,89,2,0.5,1,,,685,3,2,1,,,89,2,0.5,1,,,685,3
,1984,2,1,14,22,7.9,,,"AFGHANISTAN:  KHOROG, JALALABAD; PAKISTAN",34.616,70.484,33,5.8,4,1,1,,,35,1,5,2,,,,,1,1,,,35,1,5,2,,,,
,1984,2,16,17,18,41.6,,,PAKISTAN-NW AFGHANISTAN:  HINDU KUSH: CHITRAL-LANDI,36.431,70.826,208,6.1,6,4,1,,,13,1,5,2,,,,,4,1,,,13,1,5,2,,,,
,1984,4,29,5,3,0,,,ITALY:  CENTRAL:  :PERUGIA-ASSISSI-GUBBIO,43.26,12.558,12,5.3,8,3,1,,,200,3,25,4,,,,,3,1,,,200,3,25,4,,,,
,1984,5,7,17,49,41.6,,,ITALY:  S CENTRAL:  ABRUZZO,41.765,13.898,10,5.8,8,3,1,,,100,2,5,2,,,,,3,1,,,100,2,5,2,,,,
,1984,5,11,10,41,49.9,,,ITALY:  S CENTRAL:  ABRUZZO,41.831,13.961,14,5.2,8,3,1,,,63,2,,2,,,,,3,1,,,63,2,,2,,,,
,1984,5,13,12,45,55.8,,,BOSNIA-HERZEGOVINA:  LJUBINJE; CROATIA:  DUBROVNIK,42.967,17.734,30,5.1,7,1,1,,,,,,2,,,,,1,1,,,,,,2,,,,
,1984,6,24,11,17,11.9,,,DOMINICAN REPUBLIC:  SANTO DOMINGO,17.984,-69.338,24,6.7,5,5,1,,,,,,1,,,,,5,1,,,,,,1,,,,
,1984,8,6,19,6,38.3,2155,,JAPAN:  KYUSHU:  NOBEOKA,32.386,131.945,46,6.7,6,20,1,,,,,,2,,,,,20,1,,,,,,2,,,,
,1984,9,13,23,48,49.9,,,JAPAN:  HONSHU:  CENTRAL: MT ONTAKE,35.789,137.488,10,6.1,6,29,1,,,,,43,4,,,,,29,1,,,,,43,4,,,,
,1984,9,18,13,26,1.8,,,"TURKEY:  E, ERZURUM, OLUR-SENKAYA",40.885,42.219,10,6.4,8,3,1,,,38,1,,2,75000,4,,,3,1,,,38,1,,3,75000,4,,
,1984,10,18,9,46,24.6,,,"TURKEY:  E, SENKAYA",40.545,42.403,60,5.3,,3,1,,,35,1,,3,75000,4,,,3,1,,,35,1,,3,75000,4,,
,1984,12,30,23,33,37.7,,,"INDIA:  ASSAM, CACHAR DISTRICT",24.641,92.891,23,5.6,,20,1,,,100,2,,3,,,,,20,1,,,100,2,,3,,,,
,1985,1,26,3,7,0.8,,,"ARGENTINA:  WEST CENTRAL, MENDOZA, LA LIGUA",-33.106,-68.71,15,6,8,6,1,,,238,3,5,2,12500,4,,4,6,1,,,238,3,5,2,12500,4,,4
,1985,2,2,20,52,34.2,,,"IRAN:  S, FIRUZABAD-JAHROM",28.399,52.997,37,5.3,,1,1,,,80,2,,2,1500,4,,,1,1,,,80,2,,2,1500,4,,
,1985,3,3,22,47,9.5,2158,,"CHILE:  CENTRAL COAST, SAN ANTONIO, VALPARAISO",-33.132,-71.708,40,8,8,180,3,,,2575,4,1500,4,,4,,,180,3,,,2575,4,1500,4,,4,,
,1985,3,17,10,41,38.4,,,"CHILE:  VALPARAISO, VINA DEL MAR",-32.663,-71.551,33,6.6,7,1,1,,,,,,2,,,,,1,1,,,,,,2,,,,
,1985,3,18,19,49,45.8,,,"PHILIPPINES:  PAGADIAN,  ZAMBOANGA",7.758,123.544,33,6.5,5,2,1,,,25,1,,2,30,1,,,2,1,,,25,1,,2,30,1,,
,1985,4,9,1,56,59.4,,,"CHILE:  NEAR CENTRAL COAST, SANTIAGO-VALPARAISO",-34.131,-71.618,38,7.5,6,2,1,,,,2,,2,,,,,2,1,,,,2,,,,,,
,1985,4,18,5,52,52.8,,,CHINA:  YUNNAN PROVINCE,25.926,102.871,5,5.8,8,23,1,,,300,3,1,2,,,,,23,1,,,300,3,1,2,,,,
,1985,4,24,1,7,14.5,,,"PHILIPPINES:  LUZON:  BENGUET PROVINCE,  BAGUIO",16.498,120.815,33,6.1,7,6,1,,,11,1,,2,,,,,6,1,,,11,1,,2,,,,
,1985,5,10,15,35,50.5,,,"PAPUA NEW GUINEA:  NEW BRITAIN:  BIALLA, PIONA",-5.599,151.045,27,7.1,8,1,1,,,,,1,2,,,,,1,1,,,,,1,2,,,,
,1985,7,29,7,54,44,,,"AFGHANISTAN:  HINDU KUSH:  CHITRAL, SWAT",36.19,70.896,99,6.6,8,5,1,,,38,1,2,2,,,,,5,1,,,38,1,2,2,,,,
,1985,8,23,12,41,56.1,,,CHINA:  S XINJIANG:  WUQUA-SHUFU,39.431,75.224,7,7.5,7,71,2,,,162,3,5,2,,3,,,71,2,,,162,3,5,2,,3,,
,1985,9,15,2,42,54.8,,,INDONESIA:  NEW GUINEA:  IRIAN JAYA:  ENAROTALI,-4.13,136.049,10,6.3,,10,1,,,7,1,,2,,,,,10,1,,,7,1,,2,,,,
,1985,9,19,13,17,47.3,2162,,MEXICO:  MICHOACAN:  MEXICO CITY,18.19,-102.533,28,8.1,9,9500,4,,,30000,4,4000,4,,4,,,9500,4,,,30000,4,4000,4,,4,,
,1985,9,21,1,37,13.4,2163,,MEXICO:  SW COAST:  MEXICO CITY,17.802,-101.647,31,7.6,6,,2,,,,,,2,,,,,,2,,,,,,2,,,,
,1985,10,13,15,59,51.2,,,"TAJIKISTAN:  KAPTOLYUK, KAYRAKKUM, GAFUROV",40.301,69.823,16,5.9,9,29,1,,,80,2,200,4,,3,,3,29,1,,,80,2,200,4,,3,,
,1985,10,27,19,34,57.1,,,ALGERIA:  ANNABA-SETIF-SOUK,36.46,6.761,10,5.9,,6,1,,,,,,1,,,,,6,1,,,,,,1,,,,
,1985,12,25,2,38,56.5,,,ITALY:  SICILY,37.688,15.068,10,4.3,,1,1,,,14,1,,1,,,,,1,1,,,14,1,,1,,,,
,1986,1,11,19,42,21.9,,,"PERU:  HUARMEY, CASMA, HUARAX, CHIMBOTE",-9.505,-77.512,39,5.3,4,1,1,,,,,,2,60,2,,,1,1,,,,,,2,60,2,,
,1986,4,5,20,14,28.7,,,PERU:  CUZCO,-13.41,-71.785,51,4.6,6,16,1,,,170,3,22,3,2000,4,,,16,1,,,170,3,22,3,2000,4,,
,1986,4,26,7,35,16.1,,,"INDIA:  KASHMIR:  DHARMSALA,  LAHORE, PAKISTAN",32.128,76.374,33,5.3,,6,1,,,30,1,,3,,,,,6,1,,,60,1,,3,,,,3
,1986,5,5,3,35,38.8,,,"TURKEY:  DOGANSEHIR-GOLBASHI, KAPIDERE",37.993,37.806,10,5.9,,15,1,,,100,2,5,2,4000,4,,,15,1,,,100,2,5,2,4000,4,,
,1986,5,13,8,44,2.1,,,"GEORGIA:  AKHALKALAKI, SUSUZ",41.431,43.737,10,5.7,7,2,1,,,,,,3,1500,4,1500,4,2,1,,,,,,3,1500,4,,
,1986,5,20,5,25,46.9,,,TAIWAN:  HUALIEN,24.125,121.619,19,6.4,,1,1,,,5,1,,1,,,,,1,1,,,5,1,,1,,,,
,1986,6,11,13,48,1.3,,,VENEZUELA,10.597,-62.928,19,6.2,7,2,1,,,45,1,1,2,,,,,2,1,,,45,1,1,2,,,,
,1986,7,12,7,54,26.8,,,"IRAN:  S, FARS PROVINCE, MAMASANI, SHIRAZ",29.962,51.582,10,5.6,,1,1,,,4,1,,2,300,3,,,1,1,,,4,1,,2,300,3,,
,1986,7,18,17,22,38.2,,,"VENEZUELA:  CHURUGUARA,  FALCON, LARA",10.77,-69.428,7,4.9,,1,1,,,,,,1,30,1,,,1,1,,,,,,1,30,1,,
,1986,8,30,21,28,35.4,,,"ROMANIA:  BUCHAREST, KISHINEV-KAGUL",45.547,26.316,132,6.9,8,2,1,,,558,3,730,4,,,55000,4,2,1,,,558,3,730,4,,,55000,4
,1986,9,13,17,24,31.4,,,"GREECE:  KALAMI, LAKONIA, ZAKINTHOS",37.014,22.176,11,5.8,10,20,1,,,300,3,5,2,1500,4,,,20,1,,,300,3,,,1500,4,,
,1986,10,10,17,49,24.1,,,EL SALVADOR:  SAN SALVADOR,13.827,-89.118,7,5.4,,1100,4,,,10000,4,1500,4,,,,,1100,4,,,20000,4,1500,4,,,,
,1986,11,14,21,20,10.5,3507,,"TAIWAN:  TAIPEI, HUALIEN",23.901,121.574,34,7.8,8,15,1,,,44,1,,1,,,,,15,1,,,50,1,,1,,,,
,1986,11,30,5,19,48.2,,,"BRAZIL:  JOAO CAMARA, NATAL",-5.494,-35.769,5,4.8,,1,1,,,,,5,2,500,3,3500,4,1,1,,,,,5,2,500,3,3500,4
,1986,12,7,14,17,9.5,,,BULGARIA:  VELIKO TURNOVO-TURGOVISHTE,43.274,25.912,21,5.6,7,3,1,,,60,2,5,2,,,,,3,1,,,60,2,5,2,,,,
,1987,1,26,11,11,41.8,,,"ALGERIA:  MOHAMMADIA, QUED, FODDA, TISSEMSILT",35.964,1.374,10,4.3,,1,1,,,7,1,1,2,629,3,,,1,1,,,7,1,1,2,629,3,,
,1987,2,8,18,33,58.3,2168,,"PAPUA NEW GUINEA:  HUON PENINSULA, UMBOI ISLAND",-6.088,147.689,55,7.6,7,3,1,,,,,2.625,2,,3,,,3,1,,,,,2.625,2,,3,,
,1987,3,2,1,42,34.1,,,"NEW ZEALAND:  NORTH ISLAND, WHAKATANI, EDGECUMBE",-37.965,176.765,19,6.6,10,1,1,,,25,1,210,4,,,,,1,1,,,25,1,210,4,,,,
,1987,3,5,9,17,5.2,2169,,"CHILE:  ANTOFAGASTA, ARICA",-24.388,-70.161,62,7.3,6,1,1,,,,,,2,,,,,1,1,,,,,,2,,,,
,1987,3,6,4,10,44.4,,,"ECUADOR:  NAPO PROVINCE, QUITO, TULCAN",0.083,-77.785,10,7.2,,5000,4,,,,,1500,4,,,,,5000,4,,,,,1500,4,,,,
,1987,3,18,3,36,30.3,2170,,"JAPAN:  KYUSHU:  MIYAZAKI, NAZE",32.034,131.837,54,6.7,,2,1,,,5,1,,2,,,,,2,1,,,5,1,,2,,,,
,1987,4,25,19,22,7.2,,,"INDONESIA:  SUMATERA:  N, TARUTUNG-LAKE TOBA,",2.244,98.866,11,6.6,,2,1,,,22,1,1,2,300,3,,,2,1,,,22,1,1,2,300,3,,
,1987,5,23,17,9,4.4,,,PHILIPPINES:  MINDANAO:  TALAKAG-MALAYBALAY,8.047,125.41,32,5.2,2,1,1,,,2,1,,1,,,,,1,1,,,2,1,,1,,,,
,1987,5,29,6,27,50.7,,,"IRAN:  W, NAHAVAND-HAMADEN-TUYSARKAN",34.076,48.266,41,4.6,,2,1,,,50,1,,1,,,,,2,1,,,50,1,,1,,,,
,1987,8,8,15,48,56.7,,,"CHILE:  ARICA, IQUIQUE",-19.022,-69.991,70,6.9,7,5,1,,,112,3,1,2,1000,3,,,5,1,,,112,3,1,2,1000,3,,
,1987,8,13,15,23,6.9,,,"CHILE:  ARICA; PERU:  AREQUIPA, TACNA",-17.897,-70.931,37,6.4,5,1,1,,,1,1,,1,,,,,1,1,,,1,1,,1,,,,
,1987,9,22,13,43,37.6,,,"ECUADOR:  AMBATO, LATACUNGA, RIOBAMBA",-0.978,-78.05,10,6.2,,2,1,,,12,1,,2,,3,,,2,1,,,12,1,,2,,3,,
,1987,10,1,14,42,20,,,CALIFORNIA:  WHITTIER,34.061,-118.078,10,5.7,8,8,1,,,200,3,358,4,,,,,8,1,,,200,3,358,4,,,,
,1987,10,2,22,27,55.8,,,"PERU:  SANTAOG DE CHUCO, TRUJILLO, CHIMBOTE",-8.143,-77.954,20,5.1,4,3,1,,,,,,2,,3,,,3,1,,,,,,3,,3,,
,1987,10,4,10,59,38.1,,,"CALIFORNIA:  WHITTIER, PASADENA",34.07,-118.1,8,4.8,,1,1,,,,2,,2,,,,,1,1,,,,2,,2,,,,
,1987,11,24,1,54,14.5,,,CALIFORNIA:  SUPERSTITION HILLS,33.082,-115.775,5,6.2,6,2,1,,,,,3,2,,,,,2,1,,,,,3,2,,,,
,1987,11,26,1,43,14,2178,4663,"INDONESIA:  TIMOR:  PANTAR, MOUNT SIRUNG",-8.247,124.155,33,6.5,,125,3,,,108,3,5,2,237,3,,,125,3,,,108,3,5,2,237,3,,
,1987,12,17,2,8,19.9,,,"JAPAN:  HONSHU:  CHIBA PERFECTURE, TOKYO",35.362,140.214,63,6,8,2,1,,,66,,5,2,,,,,2,1,,,66,2,5,2,,,,
,1988,2,6,14,50,45.2,,,BANGLADESH:  SYLHET; INDIA:  TIPURA-ASSAM,24.688,91.57,33,5.8,,2,1,,,100,2,,2,,,,,2,1,,,100,2,,2,,,,
,1988,6,19,20,19,52.6,,,"PHILIPPINES:  MINDORO:  SAN JOSE, CALAPAN",12.376,121.067,17,6.2,7,2,1,,,2,1,,2,,,,,2,1,,,2,1,,2,,,,
,1988,7,20,23,15,36.6,,,"TAIWAN:  HUALIEN, SU-HUA",23.902,121.598,51,5.7,,1,1,,,1,1,,1,,,,,1,1,,,1,1,,1,,,,
,1988,8,6,0,36,24.6,2372,,"MYANMAR (BURMA);  INDIA:  GAUHATI, SIBSAGAR, IMPHAL",25.149,95.127,91,7.2,6,3,1,,,42,1,,2,,,,,5,1,30,1,42,1,,2,,,,
,1988,8,11,16,4,45.6,,,"IRAN:  S, MAMASANI, BUSHEHR, NURABAD",29.974,51.679,33,6.1,,1,1,,,,1,,2,,,2000,4,1,1,,,,1,,2,,,2000,4
,1988,8,20,23,9,9.5,5735,,"NEPAL-INDIA:  KATHMANDU, BIHAR",26.755,86.616,57,6.6,8,998,3,,,,,131.5,4,,,,,998,3,,1,,,131.5,4,,,,
,1988,11,3,14,47,10.7,,,"GUATEMALA:  S PALIN, SAN VICENTE PACAYA",13.881,-90.45,69,6,6,5,1,,,,2,,2,,,,,5,1,,,,2,,2,,,100,2
,1988,11,6,13,3,19.3,,,CHINA:  YUNNAN PROVINCE,22.789,99.611,18,7.3,10,738,3,,,3900,4,269,4,412000,4,,,738,3,,,3900,4,269,4,412000,4,,
,1988,11,25,23,46,4.5,,,"CANADA:  QUEBEC:  SAGUENAY, QUEBEC CITY",48.047,-71.315,22,5.8,7,2,1,,,50,1,,2,,,,,2,1,,,50,1,,2,,,,
,1988,12,7,7,41,24.2,,,"ARMENIA:  LENINAKAN, SPITAK, KIROVAKAN",40.987,44.185,5,6.8,10,25000,4,,,,,16200,4,,4,,,25000,4,,,,,16200,4,,4,,
,1989,1,22,23,2,7.1,,,"TAJIKISTAN:  SHARORA, GISSAR",38.465,68.694,33,5.3,7,274,3,,,,3,24.8,3,,,,,274,3,,,,3,24.8,3,,,,
,1989,3,10,21,49,45.8,,,"MALAWI:  SALIMA, DEDZA, MOHINJI",-13.702,34.42,30,6.1,,9,1,,,100,2,28,4,,,,,9,1,,,100,2,28,4,,,,
,1989,4,15,20,34,8.9,,,CHINA:  SICHUAN PROVINCE:  BATANG,29.987,99.195,13,6.2,,11,1,,,42,1,164,4,,,,,11,1,,,42,1,164,4,,,,
,1989,4,25,14,29,0.5,,,"MEXICO:  MEXICO CITY, ACAPULCO",16.773,-99.328,19,6.8,6,3,1,,,,1,,2,,,,,3,1,,,,1,,2,,,,
,1989,5,7,0,38,18.5,,,"CHINA:  YUNNAN PROVINCE:  GENGMA, LANCANG, MENGLIAN",23.553,99.526,33,5.6,,1,1,,,91,2,54,4,5300,4,,,1,1,,,91,2,54,4,5300,4,,
,1989,5,27,20,8,37.3,,,"IRAN:  DO GOBADAN, FARS, YASUJ",30.167,50.921,31,5.8,,114,3,,,,,5,2,,,,,114,3,,,,,5,2,,,,
,1989,6,12,0,4,9.7,,,BANGLADESH:  BANARIPARA,21.861,89.763,6,5.1,,1,1,,,,3,,2,,,,,1,1,,,,3,,2,,,,
,1989,8,1,0,18,4.8,,,"INDONESIA:  KURIMA DISTRICT, BALIEM RIVER",-4.511,139.022,14,5.8,,120,3,,,125,3,1,2,,,,,120,3,,,125,3,1,2,,,,
,1989,8,3,7,42,40.8,,,"RUSSIA:  GROZNYY, BUYNAKSK",43.522,45.362,18,5,6,1,1,,,,,,2,,,,,1,1,,,,,,2,,,,
,1989,8,20,11,16,56.5,,,"DJIBOUTI: GALAFI, YABAKI;  ETHIOPIA",11.766,41.942,12,6.3,9,6,1,,,,1,,2,,,,,6,1,,,,1,,2,,,,
,1989,9,22,2,25,50.8,,,CHINA:  SICHUAN PROVINCE:  XIAOJIN COUNTY,31.583,102.433,15,6.1,,1,1,,,151,3,,3,4270,4,,,1,1,,,151,3,,3,4270,4,,
,1989,10,18,0,4,15.2,2188,,CALIFORNIA:  LOMA PRIETA,37.036,-121.883,19,6.9,9,62,2,,,3757,4,5600,4,,3,,,62,2,,,3757,4,5600,4,,3,,
,1989,10,18,14,57,22.4,,,CHINA:  SHANXI AND HEBEI PROVINCES; DATONG,39.893,113.884,10,5.3,8,29,1,,,193,3,,3,30000,4,,,29,1,,,193,3,,3,30000,4,,
,1989,10,29,19,9,12.9,2919,,"ALGERIA:  ALGIERS, CHERCHELL, TIPAZA",36.788,2.448,6,5.7,8,30,1,,,245,3,5,2,,,,,30,1,,,245,3,5,2,,,,
,1989,11,20,3,21,7.8,,,CHINA:  SICHUAN PROVINCE:  JIANGBEI COUNTY,29.882,106.804,33,4.7,,4,1,,,161,3,5,2,5000,4,53000,4,4,1,,,161,3,5,2,5000,4,53000,4
,1989,11,20,4,19,4.6,,,"IRAN:  SHAHDAD, KERMAN PROVINCE",29.892,57.718,18,5.9,,3,1,,,45,1,,1,,,,,3,1,,,45,1,,1,,,,
,1989,12,15,18,43,45,,,"PHILIPPINES:  MINDANAO:  COTABATO, DAVAO",8.337,126.729,24,7.5,6,2,1,,,,3,1,2,,,,,2,1,,,,3,1,2,,,,
,1989,12,27,23,26,57,,,AUSTRALIA:  NEWCASTLE,-32.967,151.619,10,5.4,8,12,1,,,100,2,1000,4,,,,,12,1,,,100,2,1000,4,,,,
,1990,2,8,7,15,32.2,5440,,"PHILIPPINES:  BOHOL, CEBU, CAGAYAN DE ORO, CAMIGUIN",9.755,124.694,26,6.6,7,6,1,,,300,3,0.9,1,,,600,3,6,1,,,300,3,0.9,1,,,600,3
,1990,3,4,19,46,19.6,,,"PAKISTAN:  KALAT, QUETTA, MASTUNG",28.925,66.331,10,6.1,,11,1,,,40,1,1,2,,,,3,11,1,,,40,1,1,2,,,,3
,1990,3,26,22,47,16.7,,,PHILIPPINES:  SANTIAGO,9.253,125.606,39,5.5,4,1,1,,,2,1,,1,,,,,1,1,,,2,1,,1,,,,
,1990,4,18,13,39,19,,,INDONESIA:  MINAHASSA PENINSULA: BOLAANG-GORONTALO,1.186,122.857,26,7.6,,3,1,,,25,1,,3,,,1140,4,3,1,,,25,1,,3,,,1140,4
,1990,4,26,9,37,15,,,CHINA:  QINGHAI PROVINCE:  GANGHE-XINGHAI,35.986,100.245,8,6.9,,126,3,,,2049,4,58.35,4,66800,4,66800,4,126,3,,,2049,4,58.35,4,66800,4,,
,1990,5,5,7,21,29.5,,,ITALY:  POTENZA,40.775,15.766,10,5.4,7,2,1,,,16,1,,2,,,,,2,1,,,16,1,,2,,,,
,1990,5,20,2,22,1.6,,,"SOUTH SUDAN:  JUBA, MAYA;  UGANDA: NAKURA",5.121,32.145,15,7.1,,31,1,,,,,,1,,,,2,31,1,,,,,,1,,,,2
,1990,5,30,2,34,5.8,,,PERU:  MOYABAMBA-RIOJO,-6.016,-77.229,24,6.5,6,200,3,,,8130,4,1,2,,,,,200,3,,,8130,4,1,2,,,,
,1990,5,30,10,40,6.1,,,"ROMANIA:  BUCHAREST, BRAILA, BRASOV",45.841,26.668,89,6.7,6,14,1,,,700,3,23.7,3,,,,,14,1,,,700,3,23.7,3,,,,
,1990,6,9,1,14,34.5,,,"PERU:  N, RIOJA, MOYOBAMBA, IQUITOS",-6.062,-77.136,26,4.9,6,1,1,,,,,,1,14,1,,,1,1,,,,,,1,14,1,,
,1990,6,14,7,40,56.2,,,"PHILIPPINES:  CULASI, PANAY",11.76,121.899,18,7.1,6,4,1,,,15,1,,2,,,,,4,1,,,15,1,,2,,,,
,1990,6,14,12,47,28.8,,,"KAZAKHSTAN:  UST, ZAYSAN",47.869,85.076,58,6.8,5,1,1,,,,,,3,3000,4,,,1,1,,,,,,3,3000,4,,
,1990,6,20,21,0,9.9,5703,,"IRAN:  RASHT, QAZVIN, ZANJAN,  RUDBAR, MANJIL",36.957,49.409,19,7.3,7,40000,4,,,105000,4,7200,4,100000,4,,,40000,4,,,105000,4,7200,4,100000,4,,
,1990,6,21,9,2,14.6,,,"IRAN:  LOWSHAN, MANJIL",36.636,49.799,15,5.6,7,20,1,,,,,,1,,,,,20,1,,,,,,1,,,,
,1990,7,16,7,26,34.6,5997,,"PHILIPPINES:  BAGUIO,  CABANATUAN, DAGUPAN",15.679,121.172,25,7.8,9,2412,4,,,3000,4,369.6,4,,,,,2412,4,,,3000,4,369.6,4,,,,
,1990,8,11,2,59,54.9,,,"ECUADOR:  PAMASQUI,  QUITO",-0.059,-78.449,5,4.4,,4,1,,,10,1,,3,,,1300,4,4,1,,,10,1,,3,,,1300,4
,1990,9,26,23,8,23.9,,,SOUTH AFRICA:  WELKOM,-28.014,26.727,5,4.2,,2,1,,,5,1,,1,,,,,2,1,,,5,1,,1,,,,
,1990,10,20,8,7,27.5,,,CHINA:  GANSU PROVINCE:  TIANZHU,37.093,103.781,12,5.8,4,7,1,,,92,2,,3,87000,4,,,4,1,,,92,2,,3,87000,4,,
,1990,10,25,4,53,59.9,,,"AFGHANISTAN:  HINDU KUSH:  CHITRAL, MARDAN, MALAKAND",35.121,70.486,114,6,4,11,1,,,250,3,,1,,,,,11,1,,,250,3,,1,,,,
,1990,11,6,18,45,52.2,,,"IRAN:  S, DARAB",28.251,55.462,11,6.5,8,22,1,,,90,2,232.3,4,1445,4,,,22,1,,,90,2,232.3,4,1445,4,,
,1990,11,15,2,34,32.4,,,"INDONESIA:   N SUMATERA, BLANGKEJEREN, KUTACANE",3.908,97.457,48,6.8,,1,1,,,32,1,2.1,2,,,,,1,1,,,32,1,2.1,2,,,,
,1990,12,13,0,24,25.7,2197,,ITALY:  SICILY:  CARLENTINI,37.3,15.438,11,5.3,7,19,1,,,200,3,500,4,,,,,19,1,,,200,3,500,4,,,,
,1990,12,13,3,1,48,,,"TAIWAN:  HUALIEN,  TAIPEI",23.916,121.636,12,6.2,4,2,1,,,3,1,,1,,,,,2,1,,,3,1,,1,,,,
,1990,12,21,6,57,42.9,,,"GREECE:  EDHESSA, KILKIS",41.004,22.3,13,5.9,7,1,1,,,60,2,,1,,,,2,1,1,,,60,2,,1,,,,2
,1990,12,22,17,27,54.8,,,"COSTA RICA:  ALAJUELA, SANTIAGO DE PURISCAL",9.869,-84.302,17,5.7,8,2,1,,,350,3,19.5,3,,,,,2,1,,,350,3,19.5,3,,,,
,1991,1,31,23,3,33.6,,,"AFGHANISTAN:  BADAKHSTAN, BAGHLAN, LAGHMAN, NAGARHAR",35.993,70.423,142,6.4,7,848,3,,,200,3,36,4,,3,2000,4,848,3,,,200,3,36,4,,3,2000,4
,1991,2,13,15,49,38.9,,,FRANCE,44.885,6.76,5,3.8,,9,1,,,,,,1,,,,,9,1,,,,,,1,,,,
,1991,4,5,4,19,49.5,,,"PERU:  RIOJA, MOYOBAMBA, NUEVA CAJAMARCA",-5.982,-77.094,20,6.7,7,53,2,,,252,3,,3,,,8063,4,53,2,,,252,3,,3,,,8063,4
,1991,4,18,9,18,30.4,,,AFGHANISTAN:  BADAKHSTAN PROVINCE,37.457,68.273,33,5.1,7,,2,,,,3,,3,,,1000,3,,2,,,,3,,3,,,1000,3
,1991,4,22,21,56,51.8,2202,,"COSTA RICA:  LIMON, PANDORA;  PANAMA",9.685,-83.073,10,7.6,10,87,2,,,895,3,510,4,,3,,,90,2,,,895,3,510,4,,3,,
,1991,4,24,10,54,35.7,,,TURKEY:  ERZURUM PROVINCE,39.597,41.118,33,4.5,,1,1,,,3,1,,1,,,,2,1,1,,,3,1,,1,,,,2
,1991,4,29,9,12,48.1,,,"GEORGIA:  DZHAVA, CHIATURA, AMBROLAURI",42.453,43.673,17,7,9,270,3,,,,,1700,4,,4,,,270,3,,,,,1700,4,,4,,
,1991,5,15,14,28,50.1,,,GEORGIA:  KHEKHETI,42.565,43.349,14,4.9,5,,1,,,,,,1,45,1,,,,1,,,,,,1,45,1,,
,1991,5,26,10,59,48.9,,,MALAYSIA:  KALIMANTAN:  RANAU,5.865,116.746,33,4.5,,1,1,,,,,,1,,,,,1,1,,,,,,1,,,,
,1991,6,15,0,59,20.3,,,"GEORGIA:  DZHAVA, TSKHINVALI, OSSETIA",42.461,44.009,9,6.1,8,8,1,,,200,3,,3,,,,,8,1,,,200,3,,,,,,
,1991,6,28,14,43,54.5,,,"CALIFORNIA:  ARCADIA, GLENDALE, LOS ANGELES",34.262,-118.002,11,5.1,7,2,1,,,104,3,33.5,4,,,,,2,1,,,104,3,33.5,4,,,,
,1991,7,4,11,43,10.4,,,"INDONESIA:  TIMOR:  KALABAHI, DILI",-8.099,124.681,29,6.5,,28,1,,,181,3,7.7,3,1150,4,,,28,1,,,181,3,7.7,3,1150,4,,
,1991,7,12,10,42,21.2,,,"ROMANIA:  BANLOC, DETA, TIMISOARA",45.364,21.057,11,5.6,8,2,1,,,30,2,,1,,,,2,2,1,,,30,1,,1,,,,2
,1991,7,23,19,44,50.2,,,"PERU:  MACA, CHIVAY, YANQUE",-15.679,-71.574,5,4.7,5,92,2,,,30,1,,2,,3,,,92,2,,,30,1,,2,,3,,
,1991,7,24,9,45,41.8,,,"IRAQ:  ARBIL,  DIBS",36.52,44.066,26,5.1,8,20,1,,,,3,,2,100,2,100,2,20,1,,,,3,,2,100,2,,
,1991,9,18,9,48,13.1,,,"GUATEMALA:  GUATEMALA CITY, PACHUTA, SOLOLA",14.646,-90.986,5,6.2,6,25,1,,,200,3,,3,,,,,25,1,,,200,3,,3,,,,
,1991,10,19,21,23,14.3,,,"INDIA:  CHAMOLI, UTTARKASHI, NEW DELHI, CHANDIGARH",30.78,78.774,10,7,8,2000,4,,,1800,4,60,4,7500,4,7500,4,2000,4,,,1800,4,60,4,7500,4,,
,1991,11,19,22,28,51,,,"COLOMBIA:  CHACO, BUENAVENTURA, CALI",4.554,-77.442,21,6.4,6,2,1,,,,,,1,,,28,1,2,1,,,,,,2,,,28,1
,1991,11,22,0,40,23.9,,,YEMEN:  WESTERN  ARABIAN PENINSULA,13.887,44.068,10,4.7,,11,1,,,40,1,,2,17,1,87,2,11,1,,,40,1,,2,17,1,87,2
,1991,11,28,17,19,55.5,,,"IRAN:  RUDBAR, RASHT",36.924,49.603,16,5,,1,1,,,70,2,,2,,,,,1,1,,,70,2,,2,,,,
,1992,3,4,11,57,53,,,IRAN:  LORDEGAN ARDAL AREA,31.726,50.778,18,4.6,,6,1,,,50,1,,2,300,3,,,6,1,,,50,1,,2,300,3,,
,1992,3,13,17,18,39.9,,,TURKEY:  ERZINCAN,39.71,39.605,27,6.9,8,653,3,,,2000,4,750,4,,,8057,4,653,3,,,2000,4,750,4,,,8057,4
,1992,4,13,1,20,0.8,,,"THE NETHERLANDS: ROERMOND; GERMANY: BONN, HEINSBERG",51.153,5.798,21,5.2,8,1,1,,,45,1,100,4,,,,,1,1,,,45,1,100,4,,,,
,1992,5,15,8,8,2.9,,,KYRGYZSTAN:  OSH; UZBEKISTAN:  ANDIZHAN,41.019,72.429,50,6.2,7,4,1,,,,,31,4,5500,4,4000,4,4,1,,,,,31,4,5500,4,4000,4
,1992,5,20,12,20,32.8,,,"PAKISTAN:  PESHAWAR, KOHAT, SHAKKAR KHEL",33.377,71.317,16,6,,36,1,,,100,2,,2,400,3,,,6,1,,,100,2,,2,400,3,,
,1992,6,28,11,57,34.1,,,"CALIFORNIA: LANDERS, YUCCA  VALLEY",34.201,-116.436,1,7.6,9,3,1,,,400,3,92,4,,,,,3,1,,,400,3,92,4,,,,
,1992,8,19,2,4,37.4,,,KYRGYZSTAN:  TOLUK,42.142,73.575,27,7.5,9,75,2,,,,,130,4,8200,4,,,75,2,,,,,130,4,8200,4,,
,1992,8,28,0,50,50.4,,,PAKISTAN:  KALAT,29.087,66.74,9,5.5,,4,1,,,200,3,,2,,3,,,4,1,,,200,3,,2,,3,,
,1992,9,8,0,38,15.4,,,IRAN:  FIRUZABAD,29.134,52.187,18,4.7,,1,1,,,11,1,,2,200,3,,,1,1,,,11,1,,2,200,3,,
,1992,9,11,3,57,26.5,,,CONGO:  KABALO,-6.087,26.651,11,7,,8,1,,,37,1,,1,,2,,,8,1,,,37,1,,1,,2,,
,1992,10,12,13,9,55.5,,,EGYPT:  CAIRO,29.778,31.144,22,5.3,,545,3,,,6512,4,1200,4,9350,4,9350,4,545,3,,,6512,4,1200,4,9350,4,,
,1992,10,18,15,11,59.1,,,"COLOMBIA:  MURINDO, APARTADO, MEDELLIN",7.075,-76.862,10,7.4,,11,1,,,115,2,,2,,2,,,11,1,,,115,2,,2,,,,
,1992,12,12,5,29,26.3,2214,,"INDONESIA:  FLORES REGION, MAUMERE, BABI",-8.48,121.896,28,7.8,11,1000,4,,,500,3,100,4,31785,4,,,2500,4,,,2103,4,100,4,31785,4,,
,1993,1,15,11,6,5.9,,,"JAPAN:  HOKKADIO, KUSHIRO, HACHINOHE, HONSHU",43.3,143.691,102,7.6,6,2,1,,,,,358,4,,,,,2,1,,,,,358,4,,,,
,1993,3,12,14,1,35.4,5602,,FUTUNA ISLAND,-14.385,-178.252,10,6.4,,5,1,,,201,,,1,,,,,5,1,,,20,1,,1,,2,,2
,1993,3,20,14,51,59.7,,,CHINA:  TIBET (XIZANG PROVINCE): NGAMRING,29.084,87.333,12,6.2,,2,1,,,3,1,,1,,,,,2,1,,,3,1,,1,,,,
,1993,4,18,9,16,23.2,,,PERU:  LIMA,-11.652,-76.53,106,6.3,,6,1,,,,,,1,30,1,,,6,1,,,,,,1,30,1,,
,1993,7,10,20,40,58.9,,,"COSTA RICA:  TURRIALBA, CARTAGO",9.821,-83.622,20,5.8,,2,1,,,9,1,,1,,,,,2,1,,,9,1,,1,,,,
,1993,7,12,13,17,11.9,2219,,JAPAN:  HOKKAIDO; RUSSIA:  SOUTHEAST; SOUTH KOREA,42.851,139.197,17,7.7,8,23,3,,,233,3,1207,4,,3,,,231,3,,,233,3,1207,4,2374,4,,
,1993,8,1,0,20,40.5,,,SUDAN:  KHARTOUM,15.385,31.69,13,5.5,,2,1,,,9,1,,1,,,,,2,1,,,9,1,,1,,,,
,1993,9,10,19,12,54.6,,,GUATEMALA:  SOUTHWEST; MEXICO:  CHIAPAS,14.717,-92.645,34,7.2,7,1,1,,,3,1,,2,,,,,1,1,,,3,1,,2,,,,
,1993,9,21,3,28,55.4,,,OREGON:  KLAMATH FALLS,42.314,-122.012,11,6,7,2,1,,,,,7.5,3,,,,,2,1,,,,,7.5,3,,,,
,1993,9,29,22,25,48.6,,,"INDIA:  LATUR-OSMANABAD, KILLARI",18.066,76.451,7,6.2,8,11000,4,,,30000,4,300,4,,4,,4,11000,4,,,30000,4,300,4,,4,,4
,1993,10,13,2,6,0.3,,,PAPUA NEW GUINEA:  EASTERN:  UPPER MARKHAM VALLEY,-5.889,146.02,25,6.9,,60,2,,,200,3,5,2,,,,,60,2,,,200,3,5,2,,,,
,1994,1,17,12,30,55.3,2223,,CALIFORNIA:  NORTHRIDGE,34.213,-118.537,18,6.7,9,57,2,,,11846,4,40000,4,40000,4,,,57,2,,,11846,4,40000,4,40000,4,,
,1994,1,21,2,24,29.9,2224,,INDONESIA:  KAU,1.015,127.733,20,7,,9,1,,,300,3,,2,,,550,3,9,1,,,300,3,,2,,,550,3
,1994,2,5,23,34,9.9,,,"UGANDA:  FORT PORTAL, KASESE; ZAMBIA",0.593,30.037,14,6.2,,9,1,,,,2,70,4,,,,,9,1,,,,2,70,4,,,,
,1994,2,15,17,7,43.8,,,"INDONESIA:  SOUTHERN SUMATERA, LIWA, LAMPUNG",-4.967,104.302,23,6.9,,207,3,,,2000,4,170.476,4,6000,4,,,207,3,,,2000,4,170.476,4,6000,4,,
,1994,2,23,8,2,4.7,,,IRAN:  SISTAN,30.853,60.596,6,6.1,7,6,1,,,,3,1.4,2,300,3,,,6,1,,,,3,1.4,2,300,3,,
,1994,3,1,3,49,0.8,,,IRAN:  SOUTHERN:  FIRUZABAD,29.096,52.617,13,6.1,,2,1,,,50,1,,1,,,,1,2,1,,,50,1,,1,,,,1
,1994,3,2,3,38,3.8,,,HAITI: SAINT-LOUIS DU NORD,19.803,-72.799,59,5.4,,4,1,,,,,,1,,,,1,4,1,,,,,,1,,,,1
,1994,6,2,18,17,34,2227,,INDONESIA:  JAVA,-10.477,112.835,18,7.8,,,1,,,,,,1,,,,,238,3,,,423,3,2.2,2,1500,4,,
,1994,6,5,1,9,30.1,,,"TAIWAN:  CHI-LUNG, I-LAN, TAIPEI, NAN-AO",24.511,121.905,11,6.4,,1,1,,,2,1,,2,,2,,,1,1,,,2,1,,2,,2,,
,1994,6,6,20,47,40.5,,6624,"COLOMBIA:  CAUCA, HUILA",2.917,-76.057,12,6.8,,650,3,,,,,2.4,2,200,3,,,650,3,,,,,2.4,2,200,3,,
,1994,6,9,0,33,16.2,,,"BOLIVIA-PERU: AREQUIPA, FELT IN N AND S AMERICA",-13.841,-67.553,631,8.2,6,5,1,,,,3,,2,,,,,5,1,,,,3,,2,,,,
,1994,6,20,9,9,2.9,,,"IRAN:  FIRUZABAD, SHIRAZ",28.968,52.614,9,5.9,,3,1,,,100,2,,3,,3,,3,3,1,,,100,2,,3,,3,,3
,1994,8,18,1,13,5.7,,,ALGERIA:  MASCARA,35.52,-0.106,9,5.9,,171,3,,,,,,4,,4,,4,171,3,,,,,,4,,4,,
,1994,9,16,6,20,18.7,5804,,TAIWAN REGION,22.528,118.711,13,6.7,,1,1,,,400,3,,2,,,,2,1,1,,,400,3,,2,,,,2
,1994,10,4,13,22,55.8,2230,,RUSSIA:  KURIL ISLANDS; JAPAN:  HOKKAIDO,43.773,147.321,14,8.3,9,11,1,,,382,3,,3,,,,,11,1,,,382,3,,3,,,,
,1994,10,8,21,44,7.2,2231,,INDONESIA:  HALMAHERA,-1.258,127.98,17,6.8,,1,1,,,52,2,,2,,,500,3,1,1,,,52,2,,2,,,500,3
,1994,11,14,19,15,30.6,2234,,PHILIPPINES:  MINDORO,13.525,121.067,32,7.1,,81,2,,,225,3,3.7,2,1530,4,6036,4,81,2,,,225,3,3.7,2,1530,4,6036,4
,1994,12,28,12,19,23,2235,,JAPAN:  HONSHU,40.525,143.419,27,7.8,9,3,1,,,200,3,170.4,4,,,,,3,1,,,200,3,170.4,4,,,,
,1995,1,16,20,46,53.6,2236,,"JAPAN:  SW HONSHU:  KOBE, AWAJI-SHIMA, NISHINOMIYA",34.59,135.069,17,6.9,11,6434,4,,,43792,4,100000,4,186175,4,274182,4,6434,4,,,43792,4,100000,4,186175,4,274182,4
,1995,1,19,15,5,3.4,,,"COLOMBIA:  BOGOTA, MANIZALES, MIRAFLORES",5.05,-72.916,17,6.5,,7,1,,,,2,,2,512,3,20,1,7,1,,,,2,,2,512,3,20,1
,1995,2,8,18,40,25.3,,,"COLOMBIA:  CALI, PEREIRA, ARMENIA, CALARCA",4.104,-76.622,74,6.4,,45,1,,,400,3,50,4,2000,4,,,45,1,1,,400,3,50,4,2000,4,,
,1995,2,23,21,3,1.3,,,"CYPRUS:  PAPHOS, NICOSIA, ARODHES, PERISTERONA",35.046,32.279,10,5.9,7,2,1,,,5,1,4.34,2,70,2,570,3,2,1,,,5,1,4.34,2,70,2,570,3
,1995,5,27,13,3,52.6,2247,,"RUSSIA:  SAKHALIN IS:  NEFTEGORSK, OKHA, MOSKALVO",52.629,142.827,11,7.1,9,1989,4,,,750,3,300,4,,,,,1989,4,,,750,3,300,4,,,,
,1995,6,15,0,15,48.7,2248,,"GREECE:  AIYION, ERATINI",38.401,22.283,14,6.5,7,26,1,,,60,2,660,4,,,,,26,1,,,60,2,660,4,,,,
,1995,7,11,21,46,42,,,"CHINA: YUNNAN PROVINCE: LANCANG, MENGLIAN; THAILAND",21.946,99.172,10,6.8,,11,1,,,136,3,36.1,4,100000,4,100000,4,11,1,,,136,3,36.1,4,100000,4,,
,1995,7,21,22,44,4.5,,,"CHINA:  GANSU, YONGDENG, BAIYIN, DINGXI, JINGTAI",36.427,103.123,13,5.6,,14,1,,,60,1,,3,4500,4,,,14,1,,,60,1,,3,4500,4,,
,1995,7,30,5,11,23.6,2249,,"CHILE:  ANTOFAGASTA, CALAMA, MEJILLONES",-23.34,-70.294,46,8,7,3,1,,,58,2,1.66,2,115,3,,,3,1,,,,,1.791,2,115,3,,
,1995,9,14,14,4,31.4,2251,,"MEXICO:  GUERRERO, OAXACA, PUEBLA, MEXICO CITY",16.779,-98.597,23,7.4,,3,1,,,100,2,,2,,,,,3,1,,,100,2,,2,,,,
,1995,10,1,15,57,16.2,,,"TURKEY:   DINAR, EVCILER",38.063,30.134,33,6.4,8,95,2,,,348,3,205.8,4,5100,4,,,95,2,,,348,3,205.8,4,5100,4,,
,1995,10,3,1,51,23.9,,,ECUADOR:  QUITO,-2.75,-77.881,24,7,,2,1,,,5,1,,1,83,2,,,2,1,,,5,1,,1,83,2,,
,1995,10,6,18,9,45.9,,,"INDONESIA:  SUMATERA, JAMBI PROVINCE",-2.045,101.436,33,6.8,,84,2,,,1868,4,,4,17600,4,,,84,2,,,1868,4,,4,17600,4,,
,1995,10,9,15,35,53.9,2252,,"MEXICO:  JALISCO, MANZANILLO, SAN PATRICIO MELAQUE",19.055,-104.205,33,8,,49,2,,,200,3,,2,,2,,,50,1,,,200,3,,2,,2,,
,1995,10,23,22,46,50.8,,,CHINA:  YUNNAN PROVINCE:  WUDING,26.003,102.227,10,6.2,,81,2,,,800,3,80,4,200,3,200,3,81,2,,,800,3,80,4,200,3,,
,1995,11,22,4,15,11.9,2256,,EGYPT:  NUWAYBI; SAUDI ARABIA; ISRAEL; JORDAN,28.826,34.799,10,7.2,8,11,1,,,47,1,,2,,,,,11,1,,,47,1,,2,,1,,
,1996,2,3,11,14,20.1,,,CHINA:  YUNNAN PROVINCE:  LIJIANG,27.291,100.276,11,6.6,9,322,3,,,17057,4,506,4,959000,4,959000,4,322,3,,,17057,4,506,4,959000,4,,
,1996,2,17,5,59,30.5,2260,,"INDONESIA:  NEW GUINEA:  IRIAN JAYA:  BIAK, SUPIORI",-0.891,136.952,33,8.2,9,54,2,,,423,3,4.2,2,5043,4,,,164,3,,,423,3,4.2,2,5043,4,,
,1996,3,19,15,0,26,,,"CHINA:  S. XINJIANG:   ARTUX, JIASHI, BACHU, KASHI",39.993,76.696,28,6.3,,24,1,,,128,3,24,3,15314,4,,,24,1,,,128,3,24,3,15314,4,,
,1996,3,28,23,3,49.8,,,"ECUADOR:  COTOPAXI, PASTAZA, TUNGURAHUA, AMBATO",-1.036,-78.737,33,5.9,6,27,1,,,100,2,7,3,,3,,3,27,1,,,100,2,7,3,,3,,3
,1996,4,29,14,40,41,,,SOLOMON ISLANDS:  BOUGAINVILLE ISLAND,-6.518,154.999,44,7.2,,1,1,,,,,,2,,3,,,1,1,,,,,,2,,3,,
,1996,5,3,3,32,47.1,,,"CHINA:  NEI MONGOL:  BAOTOU, BEIJING, HOHHOT",40.774,109.661,26,6,8,23,1,,,330,3,,4,,,,,23,1,,,330,3,,4,,,,
,1996,11,12,16,59,44,2269,,"PERU:  CHINCHA ALTA, ACARI, NAZCA, MARCONA",-14.993,-75.675,33,7.7,8,14,1,,,560,3,,4,,,4000,4,14,1,,,560,3,,4,,,4000,4
,1997,1,11,20,28,26,,,"MEXICO:  MICHOACAN, ARTEAGA",18.219,-102.756,33,7.2,,1,1,,,,,,2,,,,,1,1,,,,,,2,,,,
,1997,1,21,1,48,30.1,,,CHINA:  SOUTHERN XINJIANG:  JIASHI COUNTY,39.474,76.998,33,5.9,,12,1,,,40,1,,3,14000,4,,,12,1,,,40,1,,3,14000,4,,
,1997,2,4,10,37,47.1,,,"IRAN:  BOJNURD, SHIRVAN, ESFARAYEN",37.661,57.291,10,6.5,8,88,2,,,1948,4,30,4,5500,4,11000,4,88,2,,,1948,4,30,4,5500,4,11000,4
,1997,2,27,21,8,2.3,,,"PAKISTAN:  HARNAI-SIBI, QUETTA",29.976,68.208,33,7.1,,60,2,,,,3,,2,500,3,500,3,60,2,,,,3,,2,500,3,,
,1997,2,28,12,57,18.6,,,IRAN:  ARDABIL,38.075,48.05,10,6.1,8,1100,4,,,2600,4,76,4,12000,4,,,1100,4,,,2600,4,76,4,12000,4,,
,1997,3,1,6,4,14.1,,,"CHINA:  S. XINJIANG, JIASHI COUNTY, KASHI",39.422,76.839,22,5.6,,2,1,,,6,1,,3,4000,3,,,2,1,,,6,1,,3,4000,4,,
,1997,3,19,19,57,11.9,,,"PAKISTAN:  BAJAUR, CHITRAL",34.872,71.62,50,4.9,,15,1,,,,,,1,,,,1,15,1,,,,,,1,,,,1
,1997,4,11,5,34,42.7,,,"CHINA:  S. XINJIANG, BACHU, SHULE, YINGJISHA",39.527,76.941,15,6.2,,9,1,,,89,2,,4,2000,4,,,9,1,,,89,2,,4,2000,4,,
,1997,5,10,7,57,29.7,,,"IRAN: BIRJAND, GHAEN;  AFGHANISTAN",33.825,59.809,10,7.2,10,1728,4,,,2300,4,100,4,10533,4,5474,4,1728,4,,,2300,4,100,4,10533,4,5474,4
,1997,5,13,14,13,45.7,,,"AFGHANISTAN:  HINDU-KUSH, MALAKAND-PESHAWAR",36.411,70.945,196,6.4,,1,1,,,11,1,,2,,,,2,1,1,,,11,1,,2,,,,2
,1997,5,21,22,51,28.7,,,INDIA:  SOUTHERN:  JABALPUR,23.083,80.041,36,5.8,8,56,2,,,1000,4,143,4,8546,4,8546,4,56,2,,,1000,4,143,4,8546,4,52690,4
,1997,5,21,23,50,43.5,,,SPAIN: GALICIA; PORTUGAL,42.881,-7.193,19,5.4,7,2,1,,,,,,1,,,,,2,1,,,,,,1,,,,
,1997,7,9,19,24,13.1,2274,,VENEZUELA:  CARIACO-CUMANA,10.598,-63.486,20,7,5,81,2,,,522,3,81,4,,,,,81,2,,,522,3,81,4,,,,
,1997,9,26,9,40,26.3,,,"ITALY:  CENTRAL:  MARCHE, UMBRIA",43.084,12.812,10,6,10,14,1,,,100,2,4524.9,4,80000,4,,,14,1,,,100,2,4524.9,4,80000,4,,
,1997,9,28,1,38,28.6,,,"INDONESIA:  SULAWESI, PAREPARE",-3.776,119.727,33,5.9,,20,1,,,300,3,1.1,2,650,3,,,20,1,,,300,3,1.1,2,650,3,,
,1997,10,15,1,3,33.4,,,"CHILE:  PUEBLO NUEVO, COQUIMBO, LA CHIMBA",-30.933,-71.22,58,7.1,,8,1,,,300,3,48,4,5000,4,15700,4,8,1,,,300,3,48,4,5000,4,15700,4
,1997,11,21,11,23,6.3,,,"INDIA-BANGLADESH:  CHITTAGONG, BANGLADESH",22.212,92.702,54,6.1,,23,1,,,200,3,,1,1,1,,1,23,1,,,200,3,,1,1,1,,1
,1998,1,10,3,50,41.5,,,"CHINA:  NORTHEASTERN: SHANGYI-ZHANGBEI, HEBEI",41.083,114.5,30,5.7,8,70,2,,,11500,4,285.5,4,70000,4,,,70,2,,,11500,4,285.5,4,70000,4,,
,1998,2,4,14,33,21.2,,,AFGHANISTAN:  ROSTAQ; TAJIKISTAN:  DUSHANBE,37.075,70.089,33,5.9,,2323,4,,,818,3,,4,8094,4,,,2323,4,,,818,3,,4,8094,4,,
,1998,2,20,12,18,6.2,,,"AFGHANISTAN-TAJIKISTAN:  YAR HUSAIN, ASTOR",36.479,71.086,236,6.4,,1,1,,,11,1,,2,35,1,,,1,1,,,11,1,,2,35,1,,
,1998,3,14,19,40,27,,,"IRAN:  GOLBAF, BAFT, KERMAN",30.154,57.605,9,6.6,,5,1,,,50,1,,3,2000,4,,,5,1,,,50,1,,3,2000,4,,
,1998,4,10,15,0,53.1,,,"IRAN:  BIRJAND, GONABAD",32.457,59.976,33,5.8,7,12,1,,,30,1,,2,600,3,,,12,1,,,30,1,,2,600,3,,
,1998,4,12,10,55,32.5,,,"AUSTRIA:  ARNOLDSTEIN; SLOVENIA:  BOVEC, KOBARID",46.245,13.652,10,5.7,8,1,1,,,,,,2,,,,,1,1,,,,,,2,,,,
,1998,5,22,4,48,50.4,,,"BOLIVIA:  CENTRAL:  AIQUILE, TOTORA",-17.731,-65.431,24,6.6,,105,3,,,150,3,,3,,3,,,105,3,,,150,3,,3,,3,,
,1998,5,30,6,22,28.9,,,"AFGHANISTAN:  BADAKHSHAN, TAKHAR",37.106,70.11,33,6.6,,4700,4,,,,4,10,3,,4,,,4700,4,,,,4,10,3,,4,,
,1998,6,27,13,55,52,,,"TURKEY:  ADANA, CEYHAN",36.878,35.307,33,6.3,8,145,3,,,1500,4,550,4,1700,4,,,145,3,,,1500,4,550,4,1700,4,,
,1998,7,9,5,19,7.3,,,"AZORES:  FAIAL, PICO, TERCEIRA",38.65,-28.626,10,6.2,,10,1,,,100,2,72,4,1500,4,,3,10,1,,,100,2,72,4,1500,4,,3
,1998,7,17,4,51,14.7,,,"TAIWAN:  CHIA-I, TAINAN, HUALIEN, KAO-HSIUNG",23.407,120.736,13,5.7,5,5,1,,,27,1,,1,,,,,5,1,,,27,1,,1,,,,
,1998,8,4,18,59,20.1,,,"ECUADOR:  BAHIA DE CARAQUEZ, CANOA",-0.593,-80.393,33,7.2,,3,1,,,40,1,,2,,,,3,3,1,,,40,1,,2,,,,2
,1998,8,27,9,3,36.6,,,CHINA:  SOUTHERN XINJIANG:  JIASHI,39.66,77.343,33,6.4,,3,1,,,7,1,,3,3600,4,18771,4,3,1,,,7,1,,3,3600,4,18771,4
,1998,9,28,13,34,30.4,,,"INDONESIA:  JAWA, MALANG, BLITAR, BANTUR",-8.194,112.413,152,6.6,,1,1,,,,,,1,38,1,62,2,1,1,,,,,,1,38,1,62,2
,1998,9,29,22,14,49.5,,,"BALKANS NW:  SERBIA:  BELGRADE, LJIG, VALJEVO",44.209,20.08,10,5.5,8,1,1,,,17,1,,2,,3,,,1,1,,,17,1,,2,,3,,
,1998,11,13,13,1,10.5,,,IRAN:  SOUTHERN:  BIGHERD-KHONJ,27.791,53.608,33,5.4,,5,1,,,105,3,,2,,,850,3,5,1,,,105,3,,,,2,850,3
,1998,11,19,11,38,14.8,,,"CHINA:  SICHUAN PROVINCE: HUAPING, LIJIANG, NINGLAG",27.308,101.029,33,5.6,,5,1,,,1543,4,70,4,12000,4,12000,4,5,1,,,1543,4,70,4,12000,4,,
,1998,11,29,14,10,31.9,2588,,"INDONESIA:  MANGOLE, MANADO, TALIABU",-2.071,124.891,33,7.7,7,41,1,,,107,3,200,4,1000,3,,,41,1,,,107,3,200,4,1000,3,,
,1999,1,25,18,19,16.8,,,"COLOMBIA:  ARMENIA, CALARCA, PEREIRA, CALDAS, HUILA",4.461,-75.724,17,6.2,,1185,4,700,3,4750,4,1857.366,4,,4,,,1185,4,700,3,4750,4,1857.366,4,,4,,
,1999,2,11,14,8,51.6,,,"AFGHANISTAN:  LOWGAR, VARDAK, KABUL",34.259,69.364,33,6,,70,2,,,500,3,,3,7000,4,7000,4,70,2,,,500,3,,3,7000,4,,
,1999,3,4,5,38,26.5,,,IRAN:  SOUTHERN:  KERMAN,28.343,57.193,33,6.6,,1,1,,,,,,2,,,517,3,1,1,,,,,,2,,,517,3
,1999,3,28,19,5,11,,,"INDIA:  CHAMOLI, RUDRAPRAYAG, TEHRI GARHWAL",30.512,79.403,15,6.6,8,100,2,,,394,3,70,4,21100,4,21100,4,100,2,,,394,3,,4,21100,4,,
,1999,4,3,6,17,18.3,,,"PERU:  CAMANA, AREQUIPA",-16.66,-72.662,87,6.8,6,1,1,,,50,1,,2,,,300,2,1,1,,,50,1,,2,,,300,3
,1999,5,6,23,0,53.1,,,IRAN:  SOUTHERN:  FARS PROVINCE,29.501,51.88,33,6.2,8,26,1,,,100,2,,2,800,3,,,26,1,,,100,2,,2,800,3,,
,1999,6,4,9,12,50,,,"AZERBAIJAN:  AGDAS, UCAR, AGALI",40.802,47.448,33,5.4,5,1,1,,,18,1,5,2,,,50,1,1,1,,,18,1,5,2,,,50,1
,1999,6,15,20,42,5.9,,,"MEXICO:  PUEBLA, VERACRUZ, OAXACA, MORELOS, GUERRERO",18.386,-97.436,70,7,,20,1,,,200,3,226.8,4,,,2000,4,20,1,,,200,3,226.8,4,,,2000,4
,1999,7,11,14,14,16.5,,,GUATEMALA:  IZABAL-PUERTO BARRIOS; HONDURAS:  W,15.782,-88.33,10,6.7,,2,1,,,40,1,,2,7,1,7,1,2,1,,,40,1,,2,7,1,4,1
,1999,7,22,10,42,11.7,,,"BANGLADESH:  MAHESHKHALI ISLAND, COX'S BAZAAR",21.544,91.895,10,4.2,,6,1,,,200,3,,3,700,3,,,6,1,,,200,3,,3,700,3,,
,1999,8,17,0,1,39.1,2326,,"TURKEY:  ISTANBUL, KOCAELI, SAKARYA",40.76,29.97,13,7.6,10,17118,4,,,50000,4,20000,4,,,73342,4,17118,4,,,50000,4,20000,4,,,73342,4
,1999,8,31,8,10,49.5,,,TURKEY:  IZMIT,40.711,29.949,10,5.2,,1,1,,,166,3,,1,,,,,1,1,,,166,3,,1,,,,
,1999,9,7,11,56,49.3,,,GREECE:  ATHENS,38.119,23.605,10,6,9,143,3,,,1600,4,4200,4,53000,4,,,143,3,,,1600,4,4200,4,53000,4,,
,1999,9,13,11,55,28.1,,,TURKEY:  ADAPAZARI-GOLUCK-KOCAELI,40.709,30.045,13,5.8,,7,1,,,422,3,,1,,,,,7,1,,,422,3,,1,,,,
,1999,9,20,17,47,18.4,,,"TAIWAN:  NANTOU, TAICHUNG, TAIZHONG",23.834,120.813,25,7.6,10,2297,4,,,8700,4,14000,4,8200,,82000,4,2297,4,,,8700,4,14000,4,,,82000,4
,1999,9,25,23,52,48.6,,,TAIWAN:  CENTRAL,23.738,121.158,17,6.5,,,1,,,,,,1,,,,,,1,,,,,,1,,,,
,1999,9,30,16,31,15.6,,,MEXICO:  OAXACA,16.059,-96.931,61,7.5,8,35,1,,,215,3,164.8,4,,,2000,4,35,1,,,215,3,164.8,4,,,2000,4
,1999,10,22,2,18,58.5,,,TAIWAN:  CHIA-I,23.445,120.506,33,5.9,6,1,1,,,254,3,0.786,1,15,1,,,1,1,,,254,3,0.786,1,15,1,,
,1999,11,12,16,57,19.5,,,"TURKEY:  BOLU-DUZCE-KAYNASLI, ADAPAZARI, ZONGULDAK",40.758,31.161,10,7.2,9,894,3,,,4948,4,1000,4,,,,,894,3,,,4948,4,1000,4,,,,
,1999,11,24,16,40,21.2,,,CHINA:  YUNNAN PROVINCE:  CHENGJIANG,24.589,102.872,33,4.6,,1,1,,,5,1,,1,90,2,90,2,1,1,,,5,1,,1,90,2,,
,1999,11,26,13,21,15.5,2339,,VANUATU ISLANDS:  PENTECOST,-16.423,168.214,33,7.5,,5,1,,,100,2,,2,,,,,10,1,,,100,2,,3,,3,,
,1999,12,3,17,6,54.7,,,"TURKEY:  GORESKEN, ERZURUM PROVINCE",40.358,42.346,19,5.7,,1,1,,,6,1,,2,,,340,3,1,1,,,6,1,,2,,,340,3
,1999,12,11,18,3,36.4,,,"PHILIPPINES:  S LUZON:  MANILA, SANTA CRUZ",15.766,119.74,33,7.3,7,5,1,,,40,1,1.794,2,,,,,5,1,,,40,1,1.794,2,,,,
,1999,12,21,14,14,57.6,,,"INDONESIA:  PANDEGLANG, W JAWA, SE SUMATERA",-6.845,105.555,56,6.5,,5,1,,,220,3,3.9,2,,,2800,4,5,1,,,220,3,3.9,2,,,2800,4
,1999,12,22,17,36,56.2,,,ALGERIA:  NORTHERN:  AIN TEMOUCHENT,35.321,-1.281,10,5.6,7,24,1,,,175,3,60.929,4,,3,,3,24,1,,,175,3,60.929,4,3000,4,,
,2000,1,14,23,37,7.8,,,CHINA:  YUNNAN PROVINCE:  YAOAN COUNTY,25.607,101.063,33,5.9,,5,1,,,2528,4,73.5,4,41000,4,,,7,1,,,2528,4,73.5,4,41000,4,,
,2000,2,2,22,58,1.5,,,"IRAN:  BARDASKAN, KASHMAR",35.288,58.218,33,5.3,,1,1,,,15,1,,2,100,2,100,2,1,1,,,15,1,,2,100,2,300,3
,2000,5,4,4,21,16.2,2338,,"INDONESIA:  SULAWESI:  LUWUK, BANGGAI, PELENG,",-1.105,123.573,26,7.6,,54,2,,,264,3,30,4,23000,4,,,54,2,,,264,3,30,4,23000,4,,
,2000,5,17,3,25,48.7,,,TAIWAN:  TAI-CHUNG COUNTY,24.223,121.058,10,5.4,,3,1,,,13,1,,1,,,,,3,1,,,13,1,,1,,,,
,2000,6,4,16,28,26.1,,,"INDONESIA:  SUMATRA:  BENGKULU, ENGGANO",-4.721,102.087,33,7.9,6,103,3,,,2174,4,6,3,,,,,103,3,,,2174,4,6,3,,,,
,2000,6,6,2,41,49.8,,,"TURKEY:  CERKES, CUBUK, ORTA",40.693,32.992,10,6,7,2,1,,,80,2,,3,,,,,2,1,,,80,2,,3,,,4600,4
,2000,6,7,23,45,26.6,,,INDONESIA:  SOUTHERN SUMATERA:  LAHAT,-4.612,101.905,33,6.7,,1,1,,,,,,2,,,600,3,1,1,,,,,,2,,,600,3
,2000,6,10,18,23,29.3,,,TAIWAN:  NAN-TOU,23.843,121.225,33,6.4,,2,1,,,36,1,,1,,,,,2,1,,,36,1,,1,,,,
,2000,7,1,7,1,55.5,2340,5104,JAPAN:  NEAR S COAST HONSHU:  KOZU-SHIMA,34.221,139.131,10,6.1,,1,1,,,,3,,1,,,,,1,1,,,,3,,1,,,,
,2000,7,6,19,30,20.3,,,NICARAGUA:  MASAYA,11.884,-85.988,33,5.4,,7,1,,,42,1,,3,357,3,1130,4,7,1,,,42,1,,3,357,3,1130,4
,2000,8,21,13,25,44.5,,,CHINA:  YUNNAN PROVINCE:  WUDING,25.826,102.194,33,4.2,,1,1,,,406,3,43,4,,,,,1,1,,,406,3,43,4,,,,
,2000,11,16,4,54,55.9,2352,,"PAPUA NEW GUINEA:  NEW IRELAND, DUKE OF YORK",-4.001,152.327,17,8,,2,1,,,,,,2,,3,,,2,1,,,,,,2,,3,,
,2000,11,25,18,9,11.4,,,AZERBAIJAN:  BAKU,40.245,49.946,50,6.8,,31,1,,,430,3,,1,,,,,31,1,,,430,3,,1,,,,
,2000,12,6,17,11,6.4,,,TURKMENISTAN:  NEBITDAG-TURKMENBASHI,39.566,54.799,30,7,,11,1,,,,2,,1,,,,,11,1,,,,2,,1,,,,
,2000,12,15,16,44,47.6,,,TURKEY:  AFYON-BOLVADIN,38.457,31.351,10,6,7,6,1,,,41,1,,1,,,,,6,1,,,41,1,,1,,,,2
,2001,1,13,17,33,32.3,5444,,EL SALVADOR; GUATEMALA,13.049,-88.66,60,7.7,8,844,3,,,4723,4,753,4,108226,4,169632,4,844,3,,,4723,4,753,4,108226,4,169632,4
,2001,1,26,3,16,42.8,,,"INDIA:  GUJARAT:  BHUJ, AHMADABAD, RAJOKOT; PAKISTAN",23.388,70.326,17,7.6,10,20005,4,,,166836,4,2623,4,339000,4,339000,4,20005,4,,,166836,4,2623,4,339000,4,,
,2001,2,13,14,22,5.8,,,EL SALVADOR: SAN JUAN TEPEZONTES-SAN VICENTE-COJUTEP,13.671,-88.938,10,6.6,6,315,3,,,3399,4,348.5,4,41302,4,15706,4,315,3,,,3399,4,348.5,4,41302,4,15706,4
,2001,2,23,0,9,23.6,,,"CHINA:  SICHUAN PROVINCE:  KANGDING, YAJIANG",29.513,101.129,33,5.6,,3,1,,,109,3,,3,60000,4,60000,4,3,1,,,109,3,,3,60000,4,,
,2001,2,28,18,54,32.8,,,"WASHINGTON:  OLYMPIA, SEATTLE, TACOMA",47.149,-122.727,52,6.8,8,1,1,,,400,3,2000,4,,,,,1,1,,,400,3,2000,4,,,,
,2001,3,24,6,27,53.5,,,"JAPAN:  HIROSHIMA, OKAYAMA, HONSHU, KAGAMA",34.083,132.526,50,6.8,9,2,1,,,161,3,500,4,,,3700,4,2,1,,,161,3,500,4,,,3700,4
,2001,5,8,18,2,16.9,,,EL SALVADOR:  CONCHAGUA,13.605,-88.795,10,5.7,,1,1,,,,,,2,84,2,70,2,1,1,,,,,,2,84,2,70,2
,2001,5,23,21,10,43.9,,,CHINA:  YUNNAN:  NINGLANG; SICHUAN:  YANYUAN,27.689,101.003,33,5.5,,2,1,,,605,3,36,4,,,,,2,1,,,605,3,36,4,,,,
,2001,6,1,14,0,43.6,,,AFGHANISTAN:  HINDU KUSH:  PARVAN,35.169,69.389,62,5,,4,1,,,20,1,,1,,2,,2,4,1,,,20,1,,,,2,,
,2001,6,23,20,33,14.1,2373,,"PERU:  AREQUIPA, MOQUEGUA, TACNA, AYACUCHO",-16.265,-73.641,33,8.4,8,77,2,68,2,2713,4,,4,22399,4,,,103,3,138,3,2713,4,200,4,25399,4,,
,2001,7,7,9,38,43.5,,,"PERU:  AREQUIPA, ARICA",-17.543,-72.077,33,7.6,,1,1,,,30,1,,2,200,3,,,1,1,,,30,1,,2,200,3,,
,2001,8,9,2,6,59.9,,,PERU:  ANTABAMA,-14.258,-72.683,33,5.8,,4,1,,,15,1,,2,,3,,,4,1,,,15,1,,2,,3,,
,2001,10,27,5,35,39.7,,,CHINA:  YUNNAN PROVINCE:  YONGSHENG,26.316,100.648,10,5.6,,1,1,,,220,3,,2,3400,4,3400,4,1,1,,,220,3,,2,3400,4,,
,2002,1,9,6,45,57.5,,,TAJIKISTAN:  ROGHUN,38.673,69.902,33,5.3,,3,1,,,50,1,,2,,,209,3,3,1,,,50,1,,2,,,209,3
,2002,1,10,11,14,56.9,,,PAPUA NEW GUINEA:  AITAPE,-3.212,142.427,11,6.7,,1,1,,,,,,2,200,3,,,1,1,,,,,,2,200,3,,
,2002,1,17,20,1,29.2,,,RWANDA:  GISENYI,-1.684,29.077,15,4.7,,,1,,,,,,2,307,,,,1001,2,,,400,3,,3,307,3,,
,2002,2,3,7,11,28.4,,,TURKEY:  AFYON,38.573,31.271,5,6.5,,44,1,,,318,3,,2,,,,,44,1,,,318,3,,2,,,622,3
,2002,2,17,13,3,52.7,,,IRAN:  BAGHAN,28.093,51.755,33,5.4,,1,1,,,30,1,,2,,,,,1,1,,,30,1,,2,,,,3
,2002,3,3,12,8,19.7,,,"AFGHANISTAN:  HINDU KUSH:  SAMANGHAN, KABUL, RUSTAQ",36.502,70.482,226,7.4,,166,3,,,,2,,3,300,3,300,3,166,3,,,,2,,3,300,3,400,3
,2002,3,5,21,16,9.1,2394,,PHILIPPINES:  MINDANAO,6.033,124.249,31,7.5,,15,1,,,100,2,1.714,2,,,800,3,15,1,,,100,2,1.714,2,,,800,3
,2002,3,25,14,56,33.8,,,"AFGHANISTAN:  HINDU KUSH:  BAGHLAN, NAHRIN",36.062,69.315,8,6.1,,1000,3,,,200,3,,4,1500,4,1500,4,1000,3,,,200,3,,4,1500,4,,
,2002,3,31,6,52,50.4,2396,,TAIWAN:  TAIPEI,24.279,122.179,33,7.1,,5,1,,,200,3,,2,100,2,,,5,1,,,200,3,,2,100,2,,
,2002,4,12,4,0,23.7,,,TAJIKISTAN; AFGHANISTAN: DO ABI-NAHRIN,39.959,69.417,10,5.9,,50,1,,,150,3,,2,160,3,160,3,50,1,,,150,3,,,160,3,250,3
,2002,4,24,10,51,50.9,,,BALKANS NW:  KOSOVO; MACEDONIA:  N,42.436,21.466,10,5.7,,1,1,,,60,2,,1,,,,,1,1,,,60,2,,1,,,,
,2002,4,24,19,48,7.1,,,IRAN:  WESTERN:  KERMANSHAH,34.642,47.4,33,5.4,,2,1,,,56,2,,4,,4,,4,2,1,,,56,2,,4,,4,,
,2002,4,25,17,41,21.5,,,GEORGIA:  TBILISI,41.765,44.96,10,4.3,,5,1,,,52,2,,3,,,2400,4,5,1,,,52,2,,3,,,2400,4
,2002,5,18,15,15,8.8,,,TANZANIA:  BUNDA,-2.907,33.733,10,5.5,,2,1,,,,,,2,690,3,700,3,2,1,,,,,,2,690,3,700,3
,2002,6,22,2,58,21.3,,,IRAN:  AB GARM-ABHAR-AVAJ-SHIRIN SU,35.626,49.047,10,6.5,8,261,3,,,1300,4,300,4,,4,,4,261,3,,,1300,4,300,4,,4,,4
,2002,8,15,5,30,26.2,,,INDONESIA:   SULAWESI:  TOJO,-1.196,121.333,10,6.2,,48,1,,,,,,2,,,200,3,48,1,,,,,,2,,,200,3
,2002,9,6,1,21,28.6,,,ITALY:  SICILY:  PALERMO,38.381,13.701,5,6,,2,1,,,20,1,500,4,,,,2,2,1,,,20,1,500,4,,,,2
,2002,9,8,18,44,25.5,2398,,"PAPUA NEW GUINEA:  KAIRIRU IS, MUSCHU IS, WEWAK",-3.26,142.94,13,7.6,,4,1,,,70,2,,3,,1,873,3,4,1,,,70,2,,3,,1,873,3
,2002,9,13,22,28,29.4,2399,,"INDIA:  ANDAMAN ISLANDS:  RONGAT, DIGLIPUR,ARIEL BAY",13.036,93.068,21,6.5,,2,1,,,,,,1,40,1,,1,2,1,,,,,,2,40,1,,1
,2002,10,10,10,50,20.5,2400,,"INDONESIA: NEW GUINEA: MANOKWARI, ORANSBARI, RANSIKI",-1.757,134.297,10,7.6,,8,1,,,632,3,,3,1000,3,900,3,8,1,,,632,3,,3,1000,3,900,3
,2002,10,24,6,8,37.9,,,"CONGO: GOMA, LWIRO, BUKAVU; RWANDA:  MUGERA, KIGALI",-1.884,29.004,11,6.2,,2,1,,,,,,1,,2,,,2,1,,,,,,1,,2,,
,2002,10,31,10,32,58.7,,,"ITALY:  SAN GUILIANO DI PUGLIA, CAMPOBASSO",41.789,14.872,10,5.7,7,30,1,,,135,3,796,4,,,,4,30,1,,,135,3,796,4,,,,4
,2002,11,1,22,9,29.2,,,PAKISTAN:  GILGIT,35.517,74.654,33,5.4,,11,1,,,40,1,,3,,3,,3,11,1,,,40,1,,3,,,1000,4
,2002,11,2,1,26,10.7,,,INDONESIA:  SUMATERA:  SIMEULUE,2.824,96.085,30,7.3,,3,1,,,65,2,,3,,,994,3,3,1,,,65,2,,3,,,994,3
,2002,11,20,21,32,30.8,,,"PAKISTAN:  DASHKIN, DOIAN, MUSHKIN",35.414,74.515,33,6.3,,19,1,,,40,1,,3,100,2,100,2,19,1,,,40,1,,3,100,2,1256,4
,2002,12,14,13,27,29.1,,,CHINA:  GANSU PROVINCE:  YUMNE,39.736,97.443,22,5.5,,2,1,,,,,,3,13380,4,,,2,1,,,,,,3,13380,4,,
,2003,1,22,2,6,34.6,2402,,"MEXICO:  VILLA DE ALVAREZ, COLIMA, TECOMAN, JALISCO",18.77,-104.104,24,7.5,8,29,1,,,1073,4,116.3,4,2005,4,6615,4,29,1,,,1073,4,116.3,4,2005,4,6615,4
,2003,1,27,5,26,23,,,"TURKEY:  SAGLAMTAS, PULUMUR",39.5,39.878,10,6.1,,1,1,,,,2,,1,,,,,1,1,,,,2,,1,,,,2
,2003,2,24,2,3,41.4,,,CHINA:  S. XINJIANG:  BACHU,39.61,77.23,11,6.3,,261,3,,,4000,4,,4,71000,4,,,261,3,,,4000,4,,4,71000,4,,
,2003,2,25,3,52,41,,,CHINA:  S. XINJIANG:  BACHU,39.483,77.393,10,5.4,,5,1,,,,,,1,,,,,5,1,,,,,,1,,,,
,2003,3,25,2,53,25,,,INDONESIA:  FLORES:  REO,-8.294,120.743,33,6.5,,4,1,,,20,1,,1,,,,2,4,1,,,20,1,,1,,,,2
,2003,5,1,0,27,4.7,,,TURKEY:  BINGOL,39.007,40.464,10,6.4,,177,3,,,521,3,,3,718,3,718,3,177,3,,,521,3,,3,718,3,2593,4
,2003,5,4,15,44,35.5,,,CHINA:  S. XINJIANG:  YOPURGA,39.43,77.219,10,5.8,,1,1,,,3,1,,3,1600,4,,,1,1,,,3,1,,3,1600,4,,
,2003,5,21,18,44,20.1,2403,,"ALGERIA:  ALGIERS, BOUMERDES, REGHIA, THENIA",36.964,3.634,12,6.8,10,2287,4,800,3,11000,4,5000,4,19000,4,163000,4,2287,4,800,3,11000,4,5000,4,19000,4,163000,4
,2003,5,26,19,23,27.9,,,"INDONESIA:  MOROTAI, BEREBERE, DARUBA",2.354,128.855,31,7,,1,1,,,7,1,,1,28,1,20,1,1,1,,,7,1,,1,28,1,20,1
,2003,5,27,17,11,28.8,3618,,"ALGERIA:  ALGIERS, BOUMERDES, REGHAIA",36.939,3.578,8,5.7,,9,1,,,200,3,,2,,3,,,9,1,,,200,3,,2,,3,,
,2003,7,10,17,6,37.6,,,IRAN:  SOUTHERN: GAJJIABAD,28.355,54.169,10,5.8,7,1,1,,,25,1,21.6,3,3500,4,,,1,1,,,25,1,21.6,3,3500,4,,
,2003,7,21,15,16,31.9,,,CHINA:  YUNNAN PROVINCE,25.975,101.29,10,5.9,,16,1,,,584,3,75,4,264878,4,264878,4,16,1,,,584,3,75,4,264878,4,,
,2003,7,26,23,18,17.9,,,BANGLADESH:  RANGAMATI,22.854,92.306,10,5.7,,2,1,,,25,1,,2,500,3,,,2,1,,,25,1,,2,500,3,,
,2003,8,16,10,58,42.7,,,"CHINA:  NEI MONGOL:  LINDONG, TIANSHAN",43.77,119.643,24,5.4,,4,1,,,1000,3,,3,7900,3,,,4,1,,,1000,3,,3,7900,4,,
,2003,9,21,18,16,13.4,,,MYANMAR (BURMA):  TAUNGDWINGYI; THAILAND:  BANGKOK,19.917,95.672,10,6.6,,7,1,,,43,1,,1,,,180,3,7,1,,,43,1,,1,,,180,3
,2003,9,22,4,45,36.2,,,"DOMINICAN REPUBLIC:  PUERTO PLATA, SANTIAGO",19.777,-70.673,10,6.4,10,3,1,,,15,1,,3,,3,,,3,1,,,15,1,,3,,3,,
,2003,9,27,11,33,25,,,"RUSSIA:  KOSH-AGACH, UST'-ULAGAN, ONGUDAI, SHEBALINO",50.038,87.813,16,7.3,10,3,1,,,5,1,10.6,3,300,3,,,3,1,,,5,1,10.6,3,300,3,,
,2003,10,16,12,28,9,,,CHINA:  YUNNAN PROVINCE:  DAYAO,25.954,101.254,33,5.6,,3,1,,,32,1,,3,12000,4,12000,4,3,1,,,32,1,,3,12000,4,,
,2003,10,25,12,41,35.2,,,"CHINA:  GANSU PROVINCE:  MINLE, SHANDAN",38.4,100.951,10,5.8,,9,1,,,43,1,40,4,10000,4,,,9,1,,,43,1,40,4,10000,4,,
,2003,11,13,2,35,10.3,,,"CHINA:  GANSU PROVINCE:  JONE, LINTAN, MINXIAN",34.712,103.834,10,5.1,,1,1,,,30,1,,1,10,1,,,1,1,,,30,1,,1,10,1,,
,2003,11,14,18,49,46.5,,,"CHINA:  YUNNAN PROVINCE:  LUDIAN, ZHAOTONG",27.372,103.971,33,5.6,,4,1,,,65,1,,2,600,3,600,3,4,1,,,65,1,,2,600,3,,
,2003,11,18,17,14,22.6,,,PHILIPPINES:  SAMAR:  CAN-AVID,12.025,125.416,35,6.5,7,1,1,,,21,1,,2,1,1,,3,1,1,,,21,1,,2,1,1,,3
,2003,12,1,1,38,31.9,,,CHINA:  XINJIANG:  ZHAOSU,42.905,80.515,10,6,,11,1,,,47,1,,3,769,3,,,11,1,,,47,1,,3,769,3,,
,2003,12,22,19,15,56,,,"CALIFORNIA:  PASO ROBLES,TEMPLETON,ATASCADERO",35.706,-121.102,8,6.6,8,2,1,,,47,1,263,4,40,1,,,2,1,,,47,1,263,4,40,1,,
,2003,12,25,7,11,11.5,,,PANAMA-COSTA RICA:  PUERTO ARMUELLES,8.416,-82.824,33,6.5,,2,1,,,75,2,,2,,,,3,2,1,,,75,2,,2,,,,3
,2003,12,26,1,56,52.4,,,"IRAN:  SOUTHEASTERN:  BAM, BARAVAT",28.995,58.311,10,6.6,9,31000,4,,,30000,4,500,4,,4,,4,31000,4,,,30000,4,500,4,,4,,
,2004,1,1,20,59,31.9,,,"INDONESIA:  BALI, LOMBOK",-8.31,115.788,45,5.8,6,1,1,,,29,1,12,3,6000,4,,,1,1,,,29,1,12,3,6000,4,,
,2004,2,5,21,5,2.8,,,INDONESIA:  NABIRE,-3.615,135.538,17,7,,37,1,,,682,3,1,2,2678,4,,,37,1,,,682,3,1,2,2678,4,,
,2004,2,14,10,30,22.1,,,"PAKISTAN:  BALAKOT, BATGRAM, MANSEHRA",34.774,73.216,11,5.4,,24,1,,,40,1,,3,1420,4,1420,4,24,1,,,40,1,,3,1420,4,5379,4
,2004,2,16,14,44,39.9,,,INDONESIA:  SUMATRA:  PADANGPANJANG,-0.466,100.655,56,5.1,,5,1,,,7,1,,1,,,,,5,1,,,7,1,,,,,100,2
,2004,2,24,2,14,34,,,BURUNDI:  RUYAGA,-3.393,29.558,10,4.7,,3,1,,,,,,1,24,1,,,3,1,,,,,,1,24,1,,
,2004,2,24,2,27,46.2,,,"MOROCCO:  AL HOCEIMA, IMZOURENE, BENI ABDALLAH",35.142,-3.997,0,6.4,9,628,3,,,926,3,400,4,2539,4,,,628,3,,,926,3,400,4,2539,4,,
,2004,3,25,19,30,49,,,TURKEY:  ERZURUM,39.93,40.812,,5.6,,10,1,,,46,1,,1,45,1,45,1,10,1,,,46,1,,1,45,1,,
,2004,5,1,7,56,13.6,,,TAIWAN:  HUALIEN: TAROKO GORGE NATIONAL PARK,24.081,121.611,45,5.2,,2,1,,,1,1,,1,,,,,2,1,,,1,1,,1,,,,
,2004,5,8,20,11,44.2,,,PAKISTAN:  QUETTA,30.126,67.121,10,4.5,,1,1,,,30,1,,1,,,,,1,1,,,30,1,,1,,,,1
,2004,5,28,12,38,44.4,,,"IRAN:  MAZANDARAN, QAZVIN, TEHRAN",36.29,51.61,17,6.3,8,35,1,,,400,3,165,4,3880,4,,3,35,1,,,400,3,165,4,3880,4,,3
,2004,7,12,13,4,7.1,,,"SLOVENIA: BOVEC, KOBARID",46.296,13.641,8,5.2,,1,1,,,5,1,,1,,1,,1,1,1,,,5,1,,1,,1,,1
,2004,7,18,4,22,22.6,,,"NEW ZEALAND:  NORTH ISLAND:  ROTORUA, TAURANGA",-38,176.51,5,5.4,,1,1,,,2,1,,2,,,5,1,1,1,,,2,1,,2,,,5,1
,2004,7,18,8,31,45.8,,,AFGHANISTAN: PAKTIA PROVINCE,33.426,69.524,10,5.2,,2,1,,,40,1,,3,,3,,3,2,1,,,40,1,,3,,3,,
,2004,7,30,7,14,7.8,,,TURKEY:  DOGUBEYAZIT,39.634,43.966,5,4,,1,1,,,5,1,,1,,,,,1,1,,,5,1,,1,,,,2
,2004,8,10,10,26,14.7,,,CHINA:  YUNNAN PROVINCE:  LUDIAN,27.266,103.873,6,5.4,,4,1,,,600,3,50,4,18556,4,65601,4,4,1,,,600,3,50,4,18556,,65601,4
,2004,8,11,15,48,26.8,,,"TURKEY:  ELAZIG, SIVRICE",38.377,39.261,7,5.7,,1,1,,,11,1,,1,,,,,1,1,,,11,1,,1,,,,
,2004,9,7,11,53,6.1,,,ARGENTINA: CATAMARCA,-28.573,-65.84,22,6.1,,1,1,,,,2,,1,,2,,2,1,1,,,,2,,1,,2,,
,2004,10,23,8,56,0.8,,,JAPAN:  HONSHU:  NIIGATA PREFECTURE,37.226,138.779,16,6.6,,40,1,,,3183,4,28000,4,6000,4,,,40,1,,,3183,4,28000,4,6000,4,,
,2004,11,11,21,26,41.1,3013,,INDONESIA:  KEPULAUAN ALOR,-8.152,124.868,10,7.5,,34,1,,,400,3,,3,781,3,16712,4,34,1,,,400,3,,3,781,3,16712,4
,2004,11,20,8,7,22,,,"COSTA RICA:  SAN JOSE, PARRITA, QUEPOS",9.602,-84.172,16,6.4,,8,1,,,,2,,3,526,3,,,8,1,,,,2,,3,526,3,,
,2004,11,21,11,41,7.7,2693,,"GUADELOUPE:  BASSE-TERRE, LES SAINTES",15.679,-61.706,14,6.3,,1,1,,,12,1,155,4,,3,,,1,1,,,12,1,155,4,,3,,
,2004,11,26,2,25,3.3,,,INDONESIA:  NABIRE,-3.609,135.404,10,7.1,8,32,1,,,130,3,55,4,328,3,,,32,1,,,130,3,55,4,328,3,,
,2004,12,26,0,58,53.5,2439,,INDONESIA:  SUMATRA:  ACEH:  OFF WEST COAST,3.295,95.982,30,9.1,,1001,4,,,,3,10000,4,,3,,3,227899,4,,,,3,10000,4,,4,,4
,2005,1,23,20,10,12.1,,,INDONESIA:  SULAWESI:  PALU,-1.198,119.933,11,6.3,,1,1,,,4,1,,2,,,,,1,1,,,4,1,,2,,,,
,2005,1,25,16,44,16.1,,,TURKEY:  HAKKARI,37.622,43.703,41,5.9,,2,1,,,22,1,,1,,,,,2,1,,,22,1,,1,,,,
,2005,2,2,5,55,18.2,,,INDONESIA:  JAVA:  GARUT,-7.037,107.819,15,4.8,,1,1,,,,2,,2,,2,,2,1,1,,,,2,,2,,2,,
,2005,2,22,2,25,22.9,,,IRAN:  KERMAN PROVINCE:  ZARAND,30.754,56.816,14,6.4,,612,3,,,1411,4,,4,8000,4,8000,4,612,3,,,1411,4,,4,8000,4,,
,2005,3,9,10,15,31.8,,,"SOUTH AFRICA:  KLERKSDORP, STILFONTEIN",-26.913,26.789,5,4.3,,2,1,,,58,2,,2,,,,,2,1,,,58,2,,2,,,,
,2005,3,20,1,53,41.8,,,"JAPAN:  KYUSHU:  FUKUOKA, GENKAI",33.807,130.131,10,6.6,,1,1,,,500,3,,2,65,2,,,1,1,,,500,3,,2,65,2,,
,2005,3,28,16,9,36.5,2487,,INDONESIA:  SUMATERA:  SW,2.085,97.108,30,8.6,,1303,4,,,340,3,37.36,4,300,3,300,3,1319,4,,,340,3,37.36,4,300,3,,
,2005,6,13,22,44,33.9,,,CHILE:  TARAPACA,-19.987,-69.197,116,7.7,,11,1,,,200,3,5.05,3,544,3,,,11,1,,,200,3,5.05,3,544,3,,
,2005,9,26,1,55,37.6,,,"PERU:  LAMAS, CHACHAPOYAS, MOYOBAMBA, TARAPOTA",-5.678,-76.398,115,7.5,,5,1,,,60,2,,2,,3,,,5,1,,,60,2,,2,,3,,
,2005,10,8,3,50,39.1,,,"PAKISTAN:  MUZAFFARABAD, URI, ANANTNAG, BARAMULA",34.451,73.649,15,7.6,8,76213,4,,,146599,4,6680,4,,3,,3,76213,4,,,146599,4,6680,4,,3,,
,2005,10,20,21,40,4,,,TURKEY:  IZMIR,38.152,26.751,10,5.9,,1,1,,,15,1,,1,,2,,2,1,1,,,15,1,,1,,2,,
,2005,10,27,11,18,57.3,,,CHINA:  GUANGXI PROVINCE,23.604,107.798,10,4.2,,1,1,,,1,1,,1,,1,,,1,1,,,1,1,,1,,1,,
,2005,11,26,0,49,37.6,,,"CHINA:  JIANGXI:  JIUJIANG, RUICHANG",29.695,115.689,10,5.2,,16,1,,,8000,4,,3,150000,4,,,16,1,,,8000,4,,3,150000,4,,
,2005,11,27,10,22,19.1,,,"IRAN:  QESHM, ZIRANG",26.774,55.858,10,6,,13,1,,,100,2,,2,,,,,13,1,,,100,2,,2,,,,
,2005,12,5,12,19,56.6,,,CONGO:  KALEMIE,-6.224,29.83,22,6.8,4,6,1,,,,,,1,300,3,,,6,1,,,,,,1,300,3,,
,2005,12,12,21,47,46,,,"AFGHANISTAN:  TILI, JALALABAD, BADAKHSHAN",36.357,71.093,225,6.5,,5,1,,,1,1,,1,100,2,100,2,5,1,,,1,1,,1,100,2,,
,2005,12,14,7,9,54.1,,,"INDIA:  JAUSARI, CHAMOLI, NANDPRAYAG",30.476,79.255,44,5.3,,1,1,,,4,1,,2,1,1,1,1,1,1,,,4,1,,2,1,1,,
,2006,2,14,0,55,25,,,INDIA:  SIKKIM,27.382,88.388,30,5.3,,2,1,,,2,1,,1,,,,,2,1,,,2,1,,1,,,,
,2006,2,22,22,19,7.8,,,MOZAMBIQUE,-21.324,33.583,11,7,5,4,1,,,36,1,,2,294,3,,,4,1,,,36,1,,2,294,3,,
,2006,3,25,7,28,57.6,,,IRAN:  SOUTHERN,27.574,55.685,18,5.9,,1,1,,,1,1,,1,,,,,1,1,,,1,1,,1,,,,
,2006,3,31,1,17,0.9,,,"IRAN:  WESTERN:  BORUJERD, DORUD",33.5,48.78,7,6.1,,70,2,,,1300,4,,3,,3,,3,70,2,,,1300,4,,3,,3,,
,2006,5,26,22,53,58.9,,,"INDONESIA:   JAVA:  BANTUL, YOGYAKARTA",-7.961,110.446,13,6.3,,5749,4,,,38568,4,3100,4,127000,4,127000,4,5749,4,,,38568,4,3100,4,127000,4,,
,2006,6,3,7,15,35.6,,,IRAN:  SOUTHERN:  QESHM,26.759,55.843,5,5.1,,2,1,,,4,1,,1,,2,,2,2,1,,,4,1,,1,,2,,
,2006,8,25,5,51,44.3,,,CHINA:  SICHUAN PROVINCE,28.012,104.151,22,4.6,,1,1,,,31,1,,2,,,,,1,1,,,31,1,,2,,,,
,2006,12,1,14,1,47.5,,,INDONESIA:  SUMABAWA:  BIMA,-8.251,118.777,43,6.3,,1,1,,,14,1,,1,20,1,,,1,1,,,14,1,,1,20,1,,
,2006,12,17,21,39,17.4,,,"INDONESIA:  SUMATERA:  NORTHERN, MUARASIPONGI",0.626,99.859,30,5.8,,7,1,,,100,2,,3,680,3,,,7,1,,,100,2,,3,680,2,,
,2006,12,26,12,26,21.1,3622,,TAIWAN:  PINGTUNG,21.799,120.547,10,7,,2,1,,,40,1,,1,,2,,,2,1,,,40,1,,1,,2,,
,2007,1,21,11,27,45,,,INDONESIA:  MOLUCCA ISLANDS:  N,1.065,126.282,22,7.5,,4,1,,,4,1,,1,,,,,4,1,,,4,1,,1,,,,
,2007,3,6,3,49,38.9,,,INDONESIA:  SUMATRA:  SOUTHERN,-0.493,100.498,19,6.4,8,67,2,,,826,3,,3,43719,4,,4,67,2,,,826,3,,3,43719,4,,4
,2007,3,25,0,41,57.8,3035,,JAPAN:  HONSHU:  W COAST,37.336,136.588,8,6.7,5,1,1,,,359,3,,3,13556,4,,,1,1,,,359,3,,3,13556,4,,
,2007,4,1,20,39,56.3,3037,,SOLOMON ISLANDS,-8.466,157.043,24,8.1,,2,1,,,,,,3,300,3,500,3,52,2,,,,,,3,2500,4,500,3
,2007,4,21,17,53,46.3,3044,,CHILE:  SOUTHERN,-45.243,-72.648,37,6.2,7,2,1,,,,,,1,,,2,1,10,1,,,,,,1,,,2,1
,2007,6,2,21,34,57.7,,,CHINA:  YUNNAN PROVINCE:  NING'ER,23.028,101.052,5,6.1,,3,1,,,329,3,310,4,,,,,3,1,,,329,3,310,4,,,,
,2007,7,16,1,13,22,3104,,JAPAN:  HONSHU:  W COAST,37.57,138.478,10,6.6,,9,1,,,1088,4,12500,4,,,875,3,9,1,,,1088,4,12500,4,,,875,3
,2007,8,2,2,37,42.3,3155,,RUSSIA:  TATAR STRAIT,47.116,141.798,5,6.2,,2,1,,,14,1,347.7,4,11,1,20,1,2,1,,,14,1,347.7,4,11,2,20,1
,2007,8,15,23,40,57.8,3168,,"PERU:  ICA, PISCO, LIMA",-13.386,-76.603,39,8,8,596,3,,,1292,4,600,4,93708,4,45813,4,596,3,,,1292,4,600,4,93708,4,45813,4
,2007,9,12,11,10,26.8,3228,,INDONESIA:  SUMATRA,-4.438,101.367,34,8.4,,25,1,,,161,3,,3,56425,4,,4,25,1,,,161,3,,3,56425,4,,4
,2007,11,6,9,38,5.7,,,INDIA:  GUJARAT,21.181,70.724,10,5.1,,1,1,,,5,1,,1,,2,,2,1,1,,,5,1,,1,,2,,
,2007,11,14,15,40,50.5,3293,,"CHILE:  TOCOPILLA, MARIA ELENA",-22.247,-69.89,40,7.7,8,2,1,,,65,2,,3,,4,,,2,1,,,65,2,,3,,4,,
,2007,11,25,16,2,17.9,,,INDONESIA:  SUMBAWA ISLAND,-8.277,118.339,35,6.5,,3,1,,,,3,,2,,3,,,3,1,,,,3,,2,,3,,
,2007,11,29,19,0,20.4,5441,,MARTINIQUE,14.944,-61.274,156,7.4,,1,1,,,102,3,103,4,,,,,1,1,,,102,3,103,4,,,,
,2007,12,9,2,3,29.4,,,BRAZIL:  MINAS GERAIS,-15.048,-44.231,10,4.6,,1,1,,,6,1,,2,76,2,,,1,1,,,6,1,,2,76,2,,
,2007,12,20,7,55,15.8,,,NEW ZEALAND:  OFF COAST NORTH ISLAND,-39.011,178.291,20,6.6,7,1,1,,,,,,1,3,1,,,1,1,,,,,,1,3,1,,
,2008,1,9,22,24,3.8,,,ALGERIA:  ORAN,35.616,-0.57,10,4.6,,1,1,,,,,,2,,,,,1,1,,,,,,2,,,,2
,2008,1,22,17,14,57.9,,,INDONESIA:  SUMATRA:  NIAS ISLAND:  GUNUNGSITOLI,1.011,97.442,20,6.1,,1,1,,,5,1,,1,,,,,1,1,,,5,1,,1,,,,2
,2008,2,3,7,34,12.1,,,CONGO:  BUKAVU,-2.296,28.9,10,5.9,,47,1,,,643,3,7,3,99,2,815,3,47,1,,,643,3,7,3,99,2,815,3
,2008,2,6,6,9,40.4,,,INDIA:  WEST BENGAL,23.433,87.111,10,4.3,,1,1,,,50,1,,2,,,,,1,1,,,50,1,,2,,,,3
,2008,2,14,2,7,46.7,,,RWANDA:  GISENYI,-2.404,28.918,10,4.9,,1,1,,,109,3,100,4,,,5,1,1,1,,,109,3,100,4,,,5,1
,2008,5,12,6,28,0.5,3586,,CHINA:  SICHUAN PROVINCE,30.98,103.396,10,7.9,9,87652,4,,,374171,4,86000,4,5360000,4,5360000,4,87652,4,,,374171,4,86000,4,5360000,4,21000000,4
,2008,5,24,19,20,42.4,,,"COLOMBIA:  META, QUETAME",4.33,-73.764,9,5.6,,6,1,,,,,,1,,,,2,6,1,,,,,,1,,,,2
,2008,5,25,8,21,48.7,,,CHINA:  SICHUAN PROVINCE,32.57,105.424,10,6,,8,1,,,927,3,,4,400000,4,400000,4,8,1,,,927,3,,4,400000,4,,
,2008,6,6,20,2,56.8,,,ALGERIA:  ORAN,35.883,-0.658,4,5.5,,1,1,,,30,1,,2,,2,,2,1,1,,,30,1,,2,,2,,
,2008,6,8,12,25,29.7,,,"GREECE:  ACHAIA, ILEIA",37.963,21.525,16,6.3,,2,1,,,240,3,,3,1156,4,,,2,1,,,240,3,,3,1156,4,,
,2008,6,13,23,43,45.3,5888,,JAPAN:  HONSHU:  TOKYO,39.03,140.881,8,6.9,,23,1,,,357,3,,3,,,614,3,23,1,,,357,3,,3,,,614,3
,2008,7,8,9,13,7.4,,,PERU:  AREQUIPA,-15.986,-71.748,123,6.2,,1,1,,,,,,1,,,,2,1,1,,,,,,1,,,,2
,2008,7,23,15,26,19.9,,,JAPAN:  HONSHU:  N,39.802,141.464,108,6.8,,1,1,,,200,3,,2,90,2,90,2,1,1,,,200,3,,2,,,90,2
,2008,7,24,7,9,30,,,CHINA:  SICHUAN PROVINCE,32.747,105.542,10,5.6,,1,1,,,17,1,,3,1200,4,1200,4,1,1,,,17,1,,3,1200,4,,
,2008,8,5,9,49,17.2,,,CHINA:  SICHUAN PROVINCE,32.756,105.494,6,6,,4,1,,,29,1,,1,,,,,4,1,,,29,1,,1,,,,1
,2008,8,21,12,24,32.4,,,CHINA:  YUNNAN PROVINCE,25.09,97.838,14,6,,5,1,,,127,3,,3,,,,,5,1,,,127,3,,3,,,,
,2008,8,30,8,30,54,,,CHINA:  SICHUAN PROVINCE,26.272,101.937,17,5.9,,43,1,,,589,3,,4,392000,4,392000,4,43,1,,,589,3,,4,392000,4,,
,2008,9,9,3,7,27.5,,,INDONESIA:  SUMATRA:  SOUTHERN,-3.935,103.058,25,5.4,,2,1,,,,,,2,,,,,2,1,,,,,,2,,,113,3
,2008,9,10,11,0,34,,,IRAN:  HORMOZGAN PROVINCE,26.743,55.828,12,6.1,,7,1,,,45,1,,3,,3,,3,7,1,,,45,1,,3,,3,,3
,2008,9,16,21,47,14.5,,,INDIA:  MAHARASHTRA,17.438,73.915,10,5,,1,1,,,20,1,,3,,,,,1,1,,,20,1,,3,,,1500,4
,2008,10,5,15,52,49.4,,,KYRGYZSTAN: NURA,39.533,73.824,27,6.6,,74,2,,,140,3,,2,,2,,,74,2,,,140,3,,2,,2,,
,2008,10,6,8,30,45.5,,,CHINA:  TIBET (XIZANG PROVINCE),29.807,90.35,12,6.3,,9,1,,,19,1,,2,,3,,,9,1,,,19,1,,2,,3,,
,2008,10,11,9,6,10.7,,,RUSSIA:  CAUCASUS:  CHECHNYA,43.372,46.254,16,5.7,,13,1,,,100,2,,3,,,1027,4,13,1,,,100,2,,3,,,1027,4
,2008,10,28,23,9,57.6,,,PAKISTAN:  QUETTA,30.639,67.351,15,6.4,6,215,3,,,320,3,,4,3487,4,3487,4,215,3,,,320,3,,4,3487,4,4125,4
,2008,11,16,17,2,32.7,3623,,INDONESIA:  MINAHASSA PENINSULA,1.271,122.091,30,7.3,,6,1,,,77,2,,3,,,1000,3,6,1,,,77,2,,3,,,1000,3
,2008,11,22,22,27,55.1,,,CZECH REPUBLIC:  KARVINA,49.914,18.455,,4.1,,2,1,,,3,1,,1,,,,,2,1,,,3,1,,1,,,,
,2009,1,3,19,43,50.6,3647,,PAPUA NEW GUINEA:  NEAR NORTH COAST,-0.414,132.885,17,7.6,,5,1,,,250,3,,3,,,840,3,5,1,,,250,3,,3,,,840,3
,2009,1,8,19,21,35.6,,,COSTA RICA:  LA PAZ,10.165,-84.197,14,6.1,,23,1,17,1,100,2,502,4,518,3,,,23,1,17,1,100,2,502,4,518,3,,
,2009,4,6,1,32,39,,,ITALY:  L'AQUILA,42.334,13.334,9,6.3,,309,3,,,1500,4,2500,4,15000,4,,,309,3,,,1500,4,2500,4,15000,4,,
,2009,4,7,17,47,37,,,ITALY:  L'AQUILA,42.275,13.464,15,5.5,,1,1,,,,,,1,,,,1,1,1,,,,,,1,,,,1
,2009,4,16,21,27,51.3,,,AFGHANISTAN:  NANGARHAR,34.185,70.076,6,5.4,,19,1,,,51,2,,2,200,3,200,3,19,1,,,51,2,,2,200,3,,
,2009,5,28,8,24,45,4356,,HONDURAS:  NORTHERN; BELIZE,16.72,-86.236,10,7.3,,7,1,,,40,1,100,4,135,3,1000,4,7,1,,,40,1,100,4,135,3,1000,4
,2009,6,13,17,17,38.2,,,KAZAKHSTAN:  TEKELI,44.724,78.864,15,5.4,,1,1,,,,,,1,,,,2,1,1,,,,,,1,,,,2
,2009,8,8,13,26,17.5,,,CHINA:  CHONGQING PROVINCE:  RONGCHANG,29.358,105.438,10,3.4,,2,1,,,1,1,,2,440,3,440,3,2,1,,,1,1,,2,440,3,,
,2009,8,10,20,7,9.1,4418,,JAPAN:  HONSHU:  S COAST,34.743,138.264,40,6.4,,1,1,,,123,3,,3,,,5192,4,1,1,,,123,3,,3,,,5192,4
,2009,9,2,7,55,1,5734,,INDONESIA:  JAVA,-7.782,107.297,46,7,,81,2,,,1297,4,,3,,,54000,4,81,2,,,1297,4,,3,,,54000,4
,2009,9,21,8,53,5.9,,,BHUTAN:  TASHIGANG,27.332,91.437,14,6.1,,11,1,,,,,,3,,3,,3,11,1,,,,3,,3,,3,,
,2009,9,30,10,16,9.2,4441,,INDONESIA:  SUMATRA:  PADANG,-0.72,99.867,81,7.5,,1117,4,,,1214,4,2200,4,,3,181665,4,1117,4,,,1214,4,2200,4,,3,181665,4
,2009,10,1,1,52,27.3,,,INDONESIA:  SUMATRA:  SOUTHERN:  KERINCI,-2.515,101.501,10,6.6,,3,1,,,,,10,3,,3,,3,3,1,,,,,10,3,,3,,
,2009,10,22,19,51,27.5,,,AFGHANISTAN:  HINDU KUSH,36.517,70.95,18,6.1,,5,1,,,,,,1,,,,,5,1,,,,,,1,,,,
,2009,11,8,19,41,43.3,,,INDONESIA:  SUMABAWA:  BIMA,-8.207,118.631,18,6.6,,2,1,,,200,3,2.43,2,,,,,2,1,,,200,3,2.43,2,,,,2
,2009,12,8,3,8,57.2,,,MALAWI:  KARONGA,-9.948,33.878,8,5.9,,1,1,,,15,1,,3,,,,,1,1,,,15,1,,3,,,3000,4
,2009,12,19,23,19,15.5,,,MALAWI:  KARONGA,-10.108,33.818,6,6,,3,1,,,250,3,,3,1111,4,1111,4,3,1,,,250,3,,3,1111,4,3565,4
,2010,1,12,21,53,10,4622,,HAITI:  PORT-AU-PRINCE,18.457,-72.533,13,7,,316000,4,,,30000,4,8000,4,97294,4,188383,4,316000,4,,,300000,4,8000,4,97294,4,188383,4
,2010,1,30,21,36,58,,,CHINA:  SICHUAN PROVINCE: MOXI,30.268,105.668,10,4.7,,1,1,,,15,1,,2,200,3,200,3,1,1,,,15,1,,2,200,3,,
,2010,2,27,6,34,11.5,4682,,"CHILE:  MAULE, CONCEPCION, TALCAHUANO",-36.122,-72.898,22,8.8,9,402,3,,,12000,4,30000,4,,,500000,4,558,3,,,12000,4,30000,4,,,500000,4
,2010,3,8,2,32,34.7,,,"TURKEY:  ELAZIG PROVINCE:  OKCULAR, YUKARI DEMIRCI",38.864,39.986,12,6.1,,51,2,,,100,2,,2,287,3,287,3,51,2,,,100,2,,2,287,3,700,3
,2010,4,4,22,40,43.1,,,MEXICO:  BAJA CALIFORNIA,32.297,-115.278,4,7.2,,2,1,,,233,3,1150,4,,,,3,2,1,,,233,3,1150,4,,,,3
,2010,4,13,23,49,38.3,,,CHINA:  QINGHAI PROVINCE:  YUSHU,33.165,96.548,17,6.9,,2968,4,,,12135,4,500,4,15000,4,,,2968,4,,,12135,4,500,4,15000,4,,
,2010,4,18,20,28,50.2,,,AFGHANISTAN:  SAMANGAN PROVINCE,35.633,67.658,13,5.6,,11,1,,,70,2,,4,2000,4,,,11,1,,,70,2,,4,2000,4,,
,2010,6,16,3,16,27.5,,,INDONESIA: NEW GUINEA:  IRIAN JAYA: JAPEN,-2.174,136.543,18,7,6,17,1,,,,,,3,2556,4,,,17,1,,,,,,3,2556,4,,
,2010,7,20,19,38,9.5,,,IRAN:  FARSINAJ,27.022,53.861,10,5.8,,1,1,,,32,1,,2,,,,3,1,1,,,32,1,,2,,,,3
,2010,8,27,19,23,49.5,,,IRAN:  DAMGHAN-TORUD,35.49,54.47,7,5.7,,3,1,,,200,3,,3,700,3,,,3,1,,,200,3,,3,700,3,,
,2010,9,27,11,22,46,,,IRAN:  SHIRAZ,29.647,51.665,27,5.8,,1,1,,,3,1,,1,,1,,,1,1,,,3,1,,1,,1,,
,2010,10,10,21,44,25.9,,,"PAKISTAN:  KHANPUR, HARIPUR",33.869,72.887,33,5.2,,1,1,,,15,1,,2,,,100,1,1,1,,,15,1,,1,,,100,2
,2010,11,3,0,56,55,,,BALKANS NW: SERBIA:  KRALJEVO,43.76,20.673,1,5.5,6,2,1,,,100,2,,3,1000,3,5000,4,2,1,,,100,2,,3,1000,3,5000,4
,2010,12,20,18,41,59.2,,,IRAN:  KERMAN,28.412,59.18,12,6.5,,7,1,,,25,1,,3,,3,1800,4,7,1,,,25,1,,3,,3,1800,4
,2011,1,18,20,23,23.4,,,"PAKISTAN: GARHI KHAIRO, QUETTA, BALOCHISTAN",28.777,63.951,68,7.2,,3,1,,,,2,,2,200,3,200,3,3,1,,,,2,,2,,,200,3
,2011,2,4,13,53,46.2,,,MYANMAR (BURMA):  MONYWA,24.618,94.68,85,6.3,,1,1,,,,,,1,,2,,,1,1,,,,,,1,,2,,
,2011,2,21,23,51,42.3,5407,,"NEW ZEALAND:  CHRISTCHURCH, LYTTELTON",-43.583,172.68,6,6.1,,185,3,,,1500,4,15000,4,100000,4,,,185,3,,,1500,4,15000,4,100000,4,,
,2011,3,10,4,58,16,,,CHINA:  YUNNAN PROVINCE:  PINGYUAN,24.719,97.969,26,5.5,,25,1,,,250,3,,3,1039,4,12528,,25,1,,,250,3,,3,1039,4,12528,4
,2011,3,11,5,46,24.1,5413,,JAPAN:  HONSHU,38.297,142.373,29,9.1,,1475,4,,,6157,4,4401.709,4,2473,4,5618,4,18428,4,,,6167,4,220136.6,4,123661,4,280920,4
,2011,3,24,13,55,12,,,MYANMAR: TACHILEK; THAILAND,20.687,99.822,8,6.8,6,104,3,,,123,3,3.6,2,,,10104,4,104,3,,,123,3,3.6,2,,,10104,4
,2011,4,7,14,32,43.2,5429,,JAPAN: NEAR E COAST HONSHU,38.276,141.588,42,7.1,,3,1,,,132,3,,1,,,,,3,1,,,132,3,,1,,,,
,2011,4,11,8,16,12.7,,,JAPAN:  HONSHU,37.001,140.401,11,6.6,,7,1,,,,,,1,3,1,,,7,1,,,,,,1,3,1,,
,2011,5,11,16,47,25.7,,,SPAIN:  LORCA,37.699,-1.672,1,5.1,,10,1,,,324,3,260.2,4,,1,,1,10,1,,,324,3,260.2,4,,1,,
,2011,5,19,21,12,51,,,TURKEY:  SIMAV,39.12,29.04,7,4.3,,2,1,,,125,3,,1,,,,2,2,1,,,125,3,,1,,,,2
,2011,6,13,2,20,49.3,,,NEW ZEALAND:  SOUTH ISLAND:  CANTERBURY,-43.564,172.743,6,6,,1,1,,,45,1,3000,4,100,2,,,1,1,,,45,1,3000,4,100,2,,
,2011,7,19,19,35,43.4,,,"UZBEKISTAN:  FARGONA, VIOLYATI",40.081,71.41,20,6.1,,14,1,,,86,2,,1,,2,,,14,1,,,86,2,,1,,2,,
,2011,9,5,17,55,11.2,,,INDONESIA:  SUMATRA,2.965,97.893,91,6.7,,10,1,,,,,,1,,,,2,10,1,,,,,,1,,,,2
,2011,9,18,12,40,51.8,,,INDIA: SIKKIM;  NEPAL;  CHINA;  BHUTAN,27.73,88.155,50,6.9,,127,3,,,441,3,2100,4,,4,40000,4,127,3,,,441,3,2100,4,,4,40000,4
,2011,9,19,18,33,55.8,,,GUATEMALA:  CUILAPA SANTA ROSA,14.186,-90.238,9,5.6,,1,1,,,,,,1,,,,,1,1,,,,,,1,,,,
,2011,10,23,10,41,22.9,,,"TURKEY:  ERCIS, VAN",38.722,43.513,16,7.1,,604,3,,,2608,4,1500,4,5739,4,4882,4,604,3,,,2608,4,1500,4,5739,4,4882,4
,2011,10,28,18,54,34,,,PERU:  SAN VICENTE DE CANETE,-14.438,-75.966,24,6.9,,1,1,,,103,3,,2,134,3,,,1,1,,,103,2,,2,134,3,,
,2011,11,9,19,23,33.2,,,TURKEY:  VAN,38.429,43.229,5,5.7,,40,1,,,,,,1,,1,,,40,1,,,,,,1,,1,,
,2011,12,11,1,47,25.9,,,MEXICO:  GUERRERO,17.844,-99.963,54,6.4,,2,1,,,5,1,,2,,,70,2,2,1,,,5,1,,2,,,70,2
,2012,2,6,3,49,12.5,5993,,PHILIPPINES:  NEGROS ORIENTAL PROVINCE,9.999,123.206,11,6.7,8,51,2,62,2,112,3,9,3,15000,4,,,51,2,62,2,112,3,9,3,15000,4,,
,2012,3,20,18,2,47.4,5447,,"MEXICO:  GUERRERO, OAXACA",16.493,-98.231,20,7.4,8,2,1,,,13,1,600,4,800,3,,,2,1,,,13,1,600,4,800,3,,
,2012,3,25,22,37,6,,,"CHILE:  PARRAL, SANTIAGO",-35.2,-72.217,41,7.2,,1,1,,,14,1,100,4,,,,2,1,1,,,14,1,100,4,,,,2
,2012,4,11,8,38,36.7,5449,,INDONESIA:  N SUMATRA:  OFF WEST COAST,2.327,93.063,20,8.6,,10,1,,,12,1,,1,,,,2,10,1,,,12,1,,1,,,,2
,2012,4,17,3,50,15.6,,,CHILE:  VALPARAISO,-32.625,-71.365,29,6.7,,2,1,,,,,,1,,,,2,2,1,,,,,,1,,,,2
,2012,5,12,23,48,43.5,,,TAJIKISTAN,38.612,70.354,10,5.7,,1,1,,,,,,2,,3,,,1,1,,,,,,2,,3,,
,2012,5,20,2,3,52,,,ITALY:  EMILIA ROMAGNA:  MIRANDOLA,44.89,11.23,6,6.1,,7,1,,,,1,,4,,,,3,7,1,,,50,1,,4,,,,3
,2012,5,29,7,0,3,,,"ITALY:  EMILIA ROMAGNA:  MEDOLLA, MIRANDOLA, CAVEZZO",44.851,11.086,10,5.9,,17,1,,,350,3,15800,4,,,,,17,1,,,350,3,15800,4,,,,
,2012,6,11,5,29,11.5,,,AFGHANISTAN:  HINDU KUSH,36.023,69.351,16,5.8,,75,2,,,13,1,,2,143,3,593,3,75,2,,,13,1,,2,143,3,593,3
,2012,6,24,7,59,34.8,,,CHINA:  YUNNAN AND SICHUAN PROVINCES,27.767,100.781,10,5.5,,4,1,,,394,3,,4,6768,4,,,4,1,,,394,3,,4,6768,4,,
,2012,7,20,12,11,52,,,CHINA:  JIANGSU PROVINCE,32.978,119.593,10,4.9,,1,1,,,2,1,,1,,,,,1,1,,,2,1,,1,,,,
,2012,7,25,0,27,45.2,,,INDONESIA: BANDA ACEH,2.707,96.045,22,6.5,,1,1,,,,,,1,,,20,1,1,1,,,,,,1,,,20,1
,2012,8,11,12,23,18.1,,,"IRAN:  AHAR, HARIS, VARZAGAN",38.329,46.826,11,6.5,,306,3,,,3000,4,599,4,,4,,4,306,3,,,3000,4,599,4,,4,,4
,2012,8,18,9,41,52.4,,,"INDONESIA:  SULAWESI:  SIGI, PARIGI MOUNTONG",-1.315,120.096,10,6.3,,6,1,,,43,1,,4,471,3,1097,4,6,1,,,43,1,,4,471,3,1097,4
,2012,8,31,12,47,33.3,5463,,"PHILIPPINES:  CAGAYAN DE ORO, TACLOBAN",10.811,126.638,28,7.6,,1,1,,,1,1,0.3,1,,1,,,1,1,,,1,1,0.3,1,,1,,
,2012,9,5,14,42,7.8,5464,,COSTA RICA:  NICOYA,10.085,-85.315,35,7.6,,2,1,,,20,1,45,4,,2,,,2,1,,,20,1,45,4,,2,,
,2012,9,7,3,19,42.5,,,CHINA: YUNNAN PROVINCE:  ZHAOTONG:  YILIANG,27.575,103.983,10,5.6,,81,2,,,821,3,1000,4,37000,4,133000,4,81,2,,,821,3,1000,4,37000,4,133000,4
,2012,11,7,16,35,46.9,5468,,"GUATEMALA:  SAN MARCOS, SAN CRISTOBAL COCHU",13.988,-91.895,24,7.3,,48,2,,,155,3,210,4,2769,4,7561,4,48,2,,,155,3,210,4,2769,4,7561,4
,2012,11,11,1,12,38.8,,,MYANMAR (BURMA):  SHWEBO,23.005,95.885,14,6.8,,38,1,,,231,3,1.17,2,251,3,,,38,1,,,231,3,1.17,2,251,3,,
,2012,12,5,17,8,13.5,,,IRAN:  KHORASAN PROVINCE,33.506,59.571,14,5.7,,8,1,,,12,1,,1,,,,1,8,1,,,12,1,,1,,,,1
,2013,1,21,22,22,52.7,,,INDONESIA:  SUMATERA:  N,4.927,95.907,12,6.1,,1,1,,,15,1,,1,,,71,2,1,1,,,15,1,,1,,,71,2
,2013,3,27,2,3,19.8,,,"TAIWAN:  NANTOU COUNTY, TAIPEI",23.828,121.215,19,6,,1,1,,,86,2,1.128,2,,,,3,1,1,,,86,2,1.128,2,,,,3
,2013,4,9,11,52,49.9,,,"IRAN:  BUSHEHR PROVINCE:  SHANBE, KAKI, SENA",28.428,51.593,12,6.3,,37,1,,,850,3,297,4,,3,700,3,37,1,,,850,3,297,4,,3,700,3
,2013,4,16,10,44,20.1,,,IRAN; PAKISTAN:  MASHKAL,28.033,61.996,80,7.7,,40,1,,,300,3,,3,,,1000,3,40,1,,,300,3,,3,,,1000,3
,2013,4,18,0,50,38.5,,,TEXAS:  WEST,31.817,-97.088,0,2.1,,14,1,,,200,3,100,4,50,1,,,14,1,,,200,3,100,4,50,1,,
,2013,4,20,0,2,47.5,,,CHINA:  SICHUAN PROVINCE:  LONGMEN,30.308,102.888,14,6.6,,196,3,21,1,11470,4,6800,4,,3,,3,196,3,21,1,11470,4,6800,4,,3,,3
,2013,4,24,9,25,30,,,AFGHANISTAN:  KAMA,34.526,70.22,64,5.5,,18,1,,,141,3,,2,,,676,3,18,1,,,141,3,,2,,,676,3
,2013,5,1,6,57,13.4,,,"INDIA:  KASHMIR:  DODA, KISHTWAR, RAMBAN",33.061,75.863,15,5.7,,3,1,,,90,2,19.5,3,1136,4,95532,4,3,1,,,90,2,19.5,3,1136,4,95532,4
,2013,5,11,2,8,8.5,,,IRAN:  HORMOZGAN: BASHAGARD,26.56,57.77,15,6.1,,2,1,,,20,1,,2,,,,3,2,1,,,20,1,,2,,,,3
,2013,6,2,5,43,3.4,,,TAIWAN:  JENAI,23.789,121.141,17,6.3,,4,1,,,21,1,1.1,2,,,,,4,1,,,21,1,1.1,2,,,,
,2013,7,2,7,37,2.6,,,INDONESIA:  BANDA ACEH,4.645,96.665,13,6.1,,48,1,,,2532,4,113,4,20401,4,,,48,1,,,2532,4,113,4,20401,4,,
,2013,7,21,23,45,56.6,,,"CHINA:   GANSU:  DINGXI, MIN",34.512,104.262,8,6,,95,2,,,887,3,466,4,123000,4,138000,4,95,2,,,887,3,466,4,123000,4,138000,4
,2013,8,31,0,4,17.8,,,CHINA:  YUNNAN PROVINCE:  BENZILAN,28.243,99.35,8,5.6,,5,1,,,24,1,155,4,600,3,55500,4,5,1,,,24,1,155,4,600,3,55500,4
,2013,9,7,0,13,29.6,,,"GUATEMALA:  COATEPEQUE, QUETZALTENANGO",14.606,-92.121,66,6.4,7,1,1,,,52,2,2,2,3,1,,,1,1,,,52,2,2,2,3,1,,
,2013,9,24,11,29,48,5506,,"PAKISTAN:  AWARAN, KECH",26.951,65.501,15,7.7,4,825,3,,,619,3,100,4,32638,4,14118,4,825,3,,,619,3,100,4,32638,4,14118,4
,2013,10,15,0,12,32.1,,,"PHILIPPINES:  BOHOL, CEBU, SIQUIJOR IS",9.88,124.117,19,7.1,9,222,3,8,1,976,3,51.8,4,,4,,4,222,3,8,1,976,3,51.8,4,,4,,4
,2013,10,22,5,40,39.1,,,INDONESIA:  BANDA ACEH,5.103,95.971,10,5.4,5,1,1,,,2,1,,1,,,160,3,1,1,,,2,1,,1,,,160,3
,2013,11,28,13,51,34,,,IRAN:  BORAZJAN,29.32,51.31,8,5.8,5,8,1,,,200,3,,2,250,3,,1,8,1,,,200,3,,2,250,3,,1
,2014,1,2,3,13,54.6,,,IRAN:  BASTAK,27.15,54.448,8,5.2,,1,1,,,30,1,2,2,,,,3,1,1,,,30,1,2,2,,,,3
,2014,4,1,23,46,47.3,5557,,"CHILE:  NORTHERN:  IQUIQUE, ALTO HOSPICIO",-19.61,-70.769,25,8.2,8,7,1,,,,,100,4,,,2600,4,7,1,,,,,100,4,,,2600,4
,2014,4,10,23,27,45.6,,,"NICARAGUA:  NAGAROTE, MANAGUA",12.403,-86.378,13,6.1,6,2,1,,,250,3,3,2,168,3,2210,4,2,1,,,250,3,3,2,168,3,2210,4
,2014,4,11,7,7,23.1,,,PAPUA NEW GUINEA:  BOUGAINVILLE ISLAND,-6.586,155.049,61,7.1,,1,1,,,,,,1,51,2,,,1,1,,,,,,1,51,2,,
,2014,5,5,11,8,43.4,,,THAILAND:  CHIANG RAI,19.656,99.67,6,6.1,6,1,1,,,32,1,62,4,20,1,,3,1,1,,,32,1,62,4,20,1,,3
,2014,5,8,22,51,15.8,,,PAKISTAN:  NAWABSHAH,26.387,68.358,15,4.5,,2,1,,,70,2,,1,,2,,,2,1,,,70,2,,1,,2,,
,2014,5,24,9,25,2.4,5790,,"GREECE, TURKEY",40.289,25.389,6,6.9,9,3,1,,,310,3,450,4,,1,,2,3,1,,,310,3,4500,4,,1,,2
,2014,7,7,11,23,54.8,,,MEXICO; GUATEMALA:  SAN MARCOS,14.724,-92.461,53,6.9,8,4,1,,,274,3,123,4,,1,50,1,4,1,,,274,3,123,4,,1,50,1
,2014,7,29,10,46,14.7,,,MEXICO:  OAXACA,17.682,-95.653,107,6.3,7,1,1,,,1,1,,2,,,,2,1,1,,,1,1,,2,,,,2
,2014,8,3,8,30,13.6,,,"CHINA:  YUNNAN:  LUDIAN:   LONGTOUSHAN, ZHAOTONG",27.189,103.409,12,6.2,7,615,3,114,3,3143,4,5000,4,25800,4,160400,4,615,3,114,3,3143,4,5000,4,25800,4,160400,4
,2014,8,5,10,22,34,,,SOUTH AFRICA:  ORKNEY,-26.99,26.705,5,5.4,7,1,1,,,17,1,40,4,13,1,1433,4,1,1,,,17,1,40,4,13,1,1433,4
,2014,8,12,19,58,0.1,,,ECUADOR:  QUITO,-0.018,-78.322,12,5.1,5,3,1,,,18,1,,1,,,89,2,3,1,,,18,1,,1,,,89,2
,2014,8,24,10,20,44.1,,,"CALIFORNIA:  NAPA, VALLEJO",38.215,-122.312,11,6,8,1,1,,,257,3,700,4,160,3,1034,4,1,1,,,257,3,700,4,160,3,1034,4
,2014,9,28,2,35,22.2,,,PERU:  PARURO PROVINCE,-13.843,-71.695,10,4.9,7,8,1,,,6,1,,1,106,3,,3,8,1,,,6,1,,1,106,3,,3
,2014,10,7,13,49,39.7,,,CHINA:   YUNNAN PROVINCE:  YONGPING,23.383,100.47,9,6.1,4,1,1,,,323,3,274,4,,1,,,1,1,,,323,3,274,4,,1,,
,2014,10,14,3,51,34.5,5607,,EL SALVADOR:  GULF OF FONSECA,12.526,-88.123,40,7.3,8,1,1,,,,,,1,5,1,41,1,1,1,,,,,,1,5,1,41,1
,2014,11,22,8,55,26.6,,,CHINA:  SICHUAN PROVINCE:  GARZE,30.34,101.737,9,5.9,3,5,1,,,65,2,50,4,30,1,27400,4,5,1,,,65,2,50,4,30,1,27400,4
,2014,12,6,10,20,1.5,,,CHINA:  YUNNAN PROVINCE:  YONGPING,23.358,100.533,10,5.6,3,1,1,,,22,1,,2,434,3,17000,4,1,1,,,22,1,,2,434,3,17000,4
,2015,3,14,6,13,35,,,CHINA:  ANHUI PROVINCE:  FUYANG,33.15,115.8,10,4.6,,2,1,,,13,1,,2,155,3,11079,4,2,1,,,13,1,,2,155,3,11079,4
,2015,4,20,1,42,58.4,,,TAIWAN:  TAIPEI,24.203,122.316,29,6.4,5,1,1,,,1,1,,1,,,19,1,1,1,,,1,1,,1,,,19,1
,2015,4,25,6,11,26,,,NEPAL:   KATHMANDU; INDIA; CHINA; BANGLADESH,28.231,84.731,8,7.8,8,8957,4,3,1,24000,4,6000,4,498852,4,256697,4,8957,4,3,1,24000,4,6000,4,498852,4,256697,4
,2015,5,12,7,5,19.7,,,NEPAL:   DOLAKHA,27.809,86.066,15,7.3,8,117,3,,,2800,4,,2,,2,,,117,3,,,2800,4,,2,,2,,
,2015,6,4,23,15,43.9,,,"MALAYSIA:  SABAH:  LAHAD,DATU,KANAK",5.987,116.541,10,6,7,18,1,,,,2,,1,,,23,1,18,1,,,,2,,1,,,23,1
,2015,7,3,1,7,47.3,,,CHINA:  S. XINJIANG:  HOTAN,37.459,78.154,20,6.4,4,3,1,,,263,3,,3,3000,4,,,3,1,,,263,3,,3,3000,4,,
,2015,7,24,20,59,54.1,,,PAKISTAN:  ABBOTTABAD,33.856,73.193,17,5.1,7,3,1,,,1,1,,1,3,1,,,3,1,,,1,1,,1,3,1,,
,2015,7,27,21,41,21.7,,,INDONESIA:  PAPUA,-2.629,138.528,48,7,7,1,1,,,,,,1,1,1,6,1,1,1,,,,,,1,1,1,6,1
,2015,9,16,22,54,32.9,5590,,CHILE:  CENTRAL,-31.573,-71.674,22,8.3,9,7,1,1,1,14,1,600,4,2305,4,10044,4,15,1,1,1,14,1,600,4,2305,4,10044,4
,2015,10,17,11,33,9,,,ARGENTINA:  GALPON,-25.467,-64.484,17,5.8,7,2,1,,,30,1,,1,15,1,,,2,1,,,30,1,,1,15,1,,
,2015,10,26,9,9,42.6,,,AFGHANISTAN: HINDU KUSH,36.524,70.368,231,7.5,7,399,3,,,1770,4,109,4,29230,4,79893,4,399,3,,,1770,4,109,4,29230,4,79893,4
,2015,11,7,6,58,30.3,,,VENEZUELA:  MERIDA,8.467,-71.396,15,5.3,5,1,1,,,,,,1,33,1,83,2,1,1,,,,,,1,33,1,83,2
,2015,11,17,7,10,7.3,5594,,"GREECE:  LEFKADA, KEFALONIA, ITHACA",38.67,20.6,11,6.5,7,2,1,,,8,1,,2,1,1,,2,2,1,,,8,1,,2,1,1,,2
,2015,11,22,20,38,31.4,,,VENEZUELA:  MERIDA,8.522,-71.387,10,5.1,4,1,1,,,3,1,,1,,,6,1,1,1,,,3,1,,1,,,6,1
,2015,12,7,7,50,6,,,TAJIKISTAN,38.211,72.78,22,7.2,4,2,1,,,,3,5,2,500,3,793,3,2,1,,,,3,5,2,500,3,793,3
,2015,12,25,19,14,47.2,,,AFGHANISTAN; PAKISTAN,36.494,71.126,206,6.3,6,4,1,,,97,2,,1,,1,,1,4,1,,,97,2,,1,,1,,1
,2016,1,3,23,5,22.3,,,INDIA:  IMPAHL,24.804,93.651,55,6.7,8,13,1,,,100,2,75,4,,,,2,13,1,,,100,2,75,4,,,,2
,2016,1,16,23,22,29,,,"INDONESIA: MALUKU:  BURU, AMBALAU ISLAND",-3.873,127.229,4,5.6,3,1,1,,,22,1,,1,,,230,3,1,1,,,22,1,,1,,,230,3
,2016,1,25,4,22,2.7,5792,,MOROCCO:  MELILLA,35.649,-3.682,12,6.3,6,1,1,,,26,1,,1,,1,,1,1,1,,,26,1,,1,,1,,1
,2016,2,5,19,57,27.4,,,TAIWAN:  TAINAN,22.938,120.601,23,6.4,8,117,3,,,525,3,700,4,,1,,1,117,3,,,525,3,700,4,,1,,1
,2016,4,10,10,28,58.7,,,AFGHANISTAN:  KHYBER PAKHTUNKHWA,36.473,71.131,212,6.6,6,6,1,,,5,1,,1,,,20,1,6,1,,,5,1,,1,,,20,1
,2016,4,13,13,55,17.8,,,INDIA: ASSAM; BANGLADESH,23.094,94.865,136,6.9,6,2,1,,,170,3,,2,,,4,1,2,1,,,170,3,,2,,,4,1
,2016,4,15,16,25,6.2,,,"JAPAN:  KUMAMOTO, OITA",32.791,130.754,10,7,9,273,3,,,2809,4,20000,4,43386,4,163500,4,273,3,,,2809,4,20000,4,43386,4,163500,4
,2016,4,16,23,58,37,5599,,"ECUADOR:  NEAR WEST COAST: MANABI, ESMERALDAS",0.382,-79.922,21,7.8,9,663,3,9,1,6274,4,3300,4,6998,4,29672,4,663,3,9,1,6274,4,3300,4,6998,4,29672,4
,2016,5,17,17,5,17.5,,,CHINA: YUNNAN PROVINCE: SHIMEN,26.085,99.575,51,4.8,,2,1,,,,,60,4,,,,,2,1,,,,,60,4,,,,
,2016,5,18,16,46,0.5,,,ECUADOR:  MANABI PROVINCE,0.495,-79.616,30,6.9,8,1,1,,,162,3,,1,,1,32,1,1,1,,,162,3,,1,,1,32,1
,2016,6,1,22,56,0.8,,,INDONESIA:  SUMATRA:  PESISIR SELATAN,-2.097,100.665,50,6.6,5,1,1,,,30,1,,2,,,2663,4,1,1,,,30,1,,2,,,2663,4
,2016,8,15,2,59,0.8,,,PERU:  AREQUIPA,-15.654,-72.009,20,5.5,7,9,1,,,68,2,,2,605,3,671,3,9,1,,,68,2,,2,605,3,671,3
,2016,8,24,1,36,32.9,,,"ITALY:  ACCUMOLI, ARQUATA, AMATRICE",42.723,13.188,4,6.2,9,299,3,15,1,368,3,5000,4,,3,,2,299,3,15,1,368,3,5000,4,,3,,2
,2016,8,24,10,34,54.6,,,MYANMAR (BURMA): CHAUK,20.923,94.569,82,6.8,5,4,1,,,20,1,10,3,,,230,3,4,1,,,20,1,10,3,,,230,2
,2016,9,10,12,27,33.4,,,TANZANIA:  LAKE VICTORIA;  UGANDA: RAKAI,-1.036,31.618,40,5.9,5,23,1,,,252,3,458,4,1172,4,6281,4,23,1,,,252,3,458,4,1172,4,6281,4
,2016,9,12,11,32,55.8,,,SOUTH KOREA:  GYEONGJU,35.781,129.216,13,5.4,8,1,1,,,14,1,21,3,,,106,3,1,1,,,14,1,21,3,,,106,3
,2016,9,23,16,11,56.6,,,RWANDA:  RISUZI; CONGO:  UKAVU,-2.65,29.06,10,4.8,6,8,1,,,,1,,1,22,1,,,8,1,,,,1,,1,22,1,,
,2016,9,28,16,48,55.6,,,NICARAGUA:  LEON,12.442,-86.515,8,5.5,4,1,1,,,5,1,,2,6,1,487,3,1,1,,,5,1,,2,6,1,487,3
,2016,10,1,8,4,34.3,,,"PAKISTAN:  MANSEHRA, NARAN",34.905,73.682,10,5.4,5,1,1,,,,2,,1,,2,,,1,1,,,,2,,1,,2,,
,2016,10,26,19,18,8.4,,,"ITALY:  VISSO, USSITA",42.956,13.067,10,6.1,9,1,1,,,,1,,4,,,1001,4,1,1,,,,1,,4,,,1001,4
,2016,10,30,6,40,18.7,,,ITALY: NORCIA,42.862,13.096,8,6.6,9,2,1,,,20,1,200,4,,1,,4,2,1,,,20,1,200,4,,1,,4
,2016,11,13,11,2,56.3,5613,,NEW ZEALAND:  AMBERLEY,-42.737,173.054,15,7.8,9,2,1,,,,2,3900,4,,,,1,2,1,,,,2,3900,4,,1,,1
,2016,11,25,14,24,30.7,,,CHINA:  XINJIANG PROVINCE:  KASHGAR,39.273,73.978,17,6.6,7,1,1,,,,,5.5,3,,2,,,1,1,,,,,5.5,3,,2,,
,2016,11,27,23,35,21,,,"NEPAL:   MOUNT AMA DABLAM, CHARIKHARKA",27.802,86.532,10,5.4,5,1,1,,,1,1,,1,2,1,,,1,1,,,1,1,,1,2,1,,
,2016,11,29,20,9,39.4,,,POLAND:  RUDNA,51.613,16.157,5,4.2,3,8,1,,,9,1,,1,,,,,8,1,,,9,1,,1,,,,
,2016,12,1,22,40,26.6,,,"PERU:  PUNO, LAMPA",-15.312,-70.827,12,6.2,7,1,1,,,17,1,,1,8,1,40,1,1,1,,,17,1,,1,8,1,40,1
,2016,12,6,22,3,33.4,,,INDONESIA:  SUMATRA:  ACEH:  PIDIE JAYA,5.283,96.168,13,6.5,8,104,3,,,857,3,100,4,245,3,18752,4,104,3,,,857,3,100,4,245,3,18752,4
,2016,12,8,5,15,4.6,,,CHINA:  N. XINJIANG:  URUMQI,43.823,86.345,18,6,7,1,1,,,,,135,4,,,,,1,1,,,,,135,4,,,,
,2016,12,8,17,38,46.3,5630,,SOLOMON ISLANDS,-10.681,161.327,40,7.8,8,1,1,,,,,,1,191,3,126,3,1,1,,,,,,1,191,3,126,3
,2016,12,19,7,11,39.6,,,ECUADOR:  ESMERALDAS,0.875,-79.708,10,5.4,6,3,1,,,47,1,,2,10,1,70,2,3,1,,,47,1,,2,10,1,70,2
,2017,1,3,9,9,2.1,,,INDIA:  AMBASA;  BANGLADESH,24.015,92.018,32,5.7,6,3,1,,,,3,,3,1492,4,5200,4,3,1,,,,3,,3,1492,4,5200,4
,2017,1,6,2,33,29.2,,,IRAN:  KHONJ,28.2,53.107,10,5,,4,1,,,4,1,,1,,,,,4,1,,,4,1,,1,,,,
,2017,1,11,22,6,58.7,,,MADAGASCAR: ANTSIRABE,-20.16,46.647,7,5.5,6,2,1,,,,1,,1,,,,1,2,1,,,,1,,1,,,,1
,2017,1,18,10,14,11,,,ITALY:  FARINDOLA,42.601,13.227,7,5.7,6,34,1,,,11,1,18,3,,1,,,34,1,,,11,1,18,3,,1,,
,2017,1,22,4,30,23,5642,,PAPUA NEW GUINEA:  BOUGAINVILLE ISLAND,-6.246,155.172,135,7.9,9,3,1,,,,,,1,,3,,,3,1,,,,,,1,,3,,
,2017,2,10,14,3,43.9,,,PHILIPPINES: SURIGAO DEL NORTE,9.907,125.452,15,6.5,8,8,1,,,202,3,40,4,215,3,3042,4,8,1,,,202,3,40,4,215,3,3042,4
,2017,3,5,0,8,18,,,PHILIPPINES: SURIGAO DEL NORTE,9.831,125.496,11,5.7,7,1,1,,,45,1,,1,13,1,,,1,1,,,45,1,,1,13,1,,
,2017,3,13,14,19,6.7,,,MYANMAR (BURMA):  THARRAWADDY,17.399,96,10,5.1,5,2,1,,,36,1,,1,,1,,1,2,1,,,36,1,,1,,1,,1
,2017,4,5,6,9,12.2,,,IRAN:  SEFID SANG,35.776,60.436,13,6.1,6,2,1,,,11,1,,1,,,,1,2,1,,,11,1,,1,,,,1
,2017,4,10,23,53,58.6,,,"EL SALVADOR: SAN SALVADOR,SOYAPANGO",13.766,-89.155,10,4.8,7,1,1,,,3,1,,1,,,,2,1,1,,,3,1,,1,,,,2
,2017,5,10,21,58,21.7,,,"CHINA: XINJIANG: QUZGUN, TAXKORGAN TAJIK",37.643,75.31,8,5.4,3,8,1,,,23,1,123,4,3015,4,,,8,1,,,23,1,123,4,3015,4,,
,2017,5,13,18,0,59.5,,,IRAN: KHORASAN,37.769,57.206,8,5.6,7,3,1,,,417,3,2,2,,1,,4,3,1,,,417,3,2,2,,1,,4
,2017,6,12,12,28,39.2,5652,,GREECE: LESBOS,38.93,26.365,12,6.3,9,1,1,,,15,1,,2,10,1,250,3,1,1,,,15,1,,2,10,1,250,3
,2017,6,14,7,29,4.4,,,"GUATEMALA: QUETZALTENANGO, SUCHITEPEQUEZ; MEXICO",14.909,-92.009,93,6.9,8,5,1,,,30,1,,3,,1,,3,5,1,,,30,1,,3,,1,,3
,2017,7,6,8,3,57.6,,,PHILIPPINES: LEYTE,11.127,124.629,9,6.5,9,4,1,,,448,3,5,3,735,3,1029,4,4,1,,,448,3,5,3,735,3,1029,4
,2017,7,20,22,31,11.3,5655,,"TURKEY: BODRUM, DATCA; GREECE: KOS",36.929,27.414,7,6.6,7,2,1,,,500,3,,2,,1,,1,2,1,,,500,3,,2,,1,,1
,2017,8,8,13,19,49.5,,,CHINA:  SICHUAN PROVINCE:  ABA,33.193,103.855,9,6.5,5,29,1,,,525,3,500,4,100,2,72500,4,29,1,,,525,3,500,4,100,2,72500,4
,2017,8,13,16,51,24.1,,,PERU:  JUNIN,-10.721,-74.566,32,5.8,8,1,1,,,2,1,,1,,,,,1,1,,,2,1,,1,,,,
,2017,8,21,18,57,51.1,,,ITALY:  ISCHIA ISLAND,40.783,13.939,3,4.2,5,2,1,,,42,1,,2,,2,,2,2,1,,,42,1,,2,,2,,2
,2017,8,22,22,26,14.6,,,PHILIPPINES: LEYTE: ORMOC,10.954,124.707,17,5,5,2,1,,,,1,,2,,,56,2,2,1,,,,1,,2,,,56,2
,2017,9,8,4,49,19.2,5658,,"MEXICO: OAXACA, CHIAPAS, TABASCO; GUATEMALA",15.022,-93.899,47,8.2,9,98,2,,,251,3,4000,4,47468,4,94027,4,98,2,,,251,3,4000,4,47468,4,94027,4
,2017,9,19,18,14,38.1,,,"MEXICO: MEXICO CITY, MORELOS, PUEBLA",18.55,-98.489,48,7.1,9,369,3,,,6000,4,8000,4,226,3,184000,4,369,3,,,6000,4,8000,4,226,3,184000,4
,2017,9,23,12,53,1.5,,,MEXICO:  OAXACA,16.626,-95.078,10,6.1,7,5,1,,,7,1,,1,11,1,,,5,1,,,7,1,,1,11,1,,
,2017,10,31,11,50,48.4,,,INDONESIA:  MALUKU:  AMBON,-3.745,127.752,6,6.1,5,1,1,,,,,,1,,,14,1,1,1,,,,,,1,,,14,1
,2017,11,12,18,18,17.2,,,IRAN: KERMANSHAH; IRAQ: KURDISTAN,34.911,45.959,19,7.3,8,630,3,,,12900,4,750,4,15500,4,14500,4,630,3,,,12900,4,750,4,15500,4,14500,4
,2017,11,18,16,7,0.3,,,INDONESIA: NORTH MALUKU: MOROTAI,2.465,128.148,8,5.8,,1,1,,,,,,2,,,294,3,1,1,,,,,,2,,,294,3
,2017,12,15,16,47,58.2,,,INDONESIA:  JAVA,-7.492,108.174,90,6.5,7,4,1,,,36,1,,2,,,4825,4,4,1,,,36,1,,2,,,4825,4
,2018,1,14,9,18,45.5,5675,,PERU: YAUCA,-15.768,-74.709,38,7.1,8,2,1,,,139,3,,3,259,3,1577,4,2,1,,,139,3,,3,259,3,1577,4
,2018,1,23,6,34,55,,,INDONESIA:  JAVA:  BANTEN,-7.092,105.963,48,5.9,6,1,1,,,11,1,,2,,,2760,4,1,1,,,11,1,,2,,,2760,4
,2018,2,6,15,50,43.3,,,TAIWAN:  HUALIEN,24.134,121.659,17,6.4,8,17,1,,,291,3,,2,4,1,,1,17,1,,,291,3,,2,4,1,,1
,2018,2,16,23,39,39.3,,,MEXICO:  OAXACA,16.386,-97.979,22,7.2,7,14,1,,,19,1,100,4,,,1000,3,14,1,,,19,1,100,4,,,1000,3
,2018,2,25,17,44,44.1,,,"PAPUA NEW GUINEA: S HIGHLANDS, HELA;  INDONESIA",-6.07,142.754,25,7.5,9,145,3,,,300,3,290,4,,4,,4,145,3,,,300,3,290,4,,4,,4
,2018,4,7,5,48,40,,,PAPUA NEW GUINEA:  HELA,-5.838,142.531,18,6.3,7,4,1,,,,,,1,,1,,1,4,1,,,,,,1,,1,,1
,2018,4,18,6,28,34.8,,,INDONESIA:  JAVA:  BANJARNEGARA,-7.248,109.654,10,4.5,6,3,1,,,21,1,,2,,,316,3,3,1,,,21,1,,2,,,316,3
,2018,5,5,8,58,5,,,POLAND:  SILESIAN:  JASTRZEBIE-ZDROJ,50.124,18.683,1,4.1,,5,1,,,2,1,,1,,,,,5,1,,,2,1,,1,,,,
,2018,6,5,18,40,30,,,AZERBAIJAN: SHAKI-ZAQATALA,41.526,46.786,22,5.3,7,1,1,,,31,1,,1,,,,2,1,1,,,31,1,,1,,,,2
,2018,6,12,9,35,25.5,,,COLOMBIA:  PASTO,1.067,-77.272,12,4.9,7,2,1,,,7,1,,2,1,1,,3,2,1,,,7,1,,2,1,1,,3
,2018,6,17,22,58,34.8,,,JAPAN:  OSAKA,34.825,135.639,10,5.5,8,5,1,,,417,3,7000,4,,,6766,4,5,1,,,417,3,7000,4,,,6766,4
,2018,7,21,7,58,16,,,INDONESIA: SUMATRA: SOLOK,-0.969,100.769,10,5.2,6,1,1,,,2,1,,2,2,1,,3,1,1,,,2,2,,1,2,1,,3
,2018,7,28,22,47,38.7,5778,,INDONESIA:  LOMBOK ISLAND,-8.24,116.508,14,6.4,5,17,1,,,355,3,,3,5448,4,,3,17,1,,,355,3,,3,5448,4,,3
,2018,8,5,11,46,38.6,5685,,INDONESIA:  LOMBOK ISLAND,-8.258,116.438,34,6.9,8,560,3,,,7733,4,509,4,,3,83392,4,560,3,,,7733,4,509,4,,3,83392,4
,2018,8,9,5,25,32.4,,,INDONESIA:  LOMBOK ISLAND,-8.307,116.23,15,5.9,7,6,1,,,24,1,,2,,,,3,6,1,,,24,1,,2,,,,3
,2018,8,19,4,10,22.6,5816,,INDONESIA:  LOMBOK ISLAND,-8.337,116.599,16,6.3,6,2,1,,,1,1,,2,,,1705,4,2,1,,,1,1,,2,,,1705,4
,2018,8,19,14,56,27.5,,,INDONESIA:  LOMBOK ISLAND,-8.319,116.627,21,6.9,6,11,1,,,,1,,2,,,1800,4,11,1,,,,1,,2,,,1800,4
,2018,8,21,21,31,47.6,5687,,VENEZUELA:  SUCRE; TRINIDAD,10.773,-62.902,147,7.3,7,5,1,,,,,,2,,,,3,5,1,,,,,,2,,,,3
,2018,8,25,22,13,25.6,,,IRAN:  KERMANSHAH,34.611,46.242,10,6,6,2,1,,,267,3,,3,,,2600,4,2,1,,,267,3,,3,,,2600,4
,2018,9,5,18,7,59.2,,,JAPAN:  HOKKAIDO,42.686,141.929,35,6.6,8,44,1,,,660,3,2000,4,,3,15000,4,44,1,,,660,3,2000,4,,3,15000,4
,2018,9,7,6,23,38.7,,,IRAN:  KERMAN,28.326,59.32,10,5.6,,1,1,,,2,1,,1,,,,1,1,1,,,2,1,,1,,,,1
,2018,9,28,6,59,59.7,,,INDONESIA:  SULAWESI,-0.401,119.771,5,6.1,,1,1,,,10,1,,1,,1,,1,1,1,,,10,1,,1,,1,,1
,2018,9,28,10,2,45.3,5689,,INDONESIA:  SULAWESI,-0.256,119.846,20,7.5,9,4340,4,667,3,10679,4,1500,4,3673,4,39191,4,4340,4,667,3,10679,4,1500,4,3673,4,39191,4
,2018,10,7,0,11,51.2,,,HAITI: PORT-DEX-PAIX,20.034,-73.013,24,5.9,6,18,1,,,580,3,75,4,2102,4,15932,4,18,1,,,580,3,75,3,2102,4,15932,4
,2018,10,10,18,44,55.3,,,"INDONESIA:  MADURA ISLAND, JAVA",-7.453,114.455,9,6,4,4,1,,,36,1,,1,,,433,3,4,1,,,36,1,,1,,,433,3
,2018,11,14,23,2,24,,,INDONESIA:  SULAWESI:  MAMASA,-2.907,119.392,14,5.5,,7,1,,,,,,2,8,1,,3,7,1,,,,,,2,8,1,,3
,2018,11,25,16,38,23,,,IRAN: KERMANSHAH; IRAQ: KURDISTAN,34.361,45.744,18,6.3,,1,1,,,759,3,,1,,,,1,1,1,,,759,3,,1,,,,1
,2019,1,12,8,59,4,,,POLAND:  RUDNA,51.547,16.111,1,3.7,,1,1,,,6,1,,2,,,,,1,1,,,6,1,,2,,,,
,2019,1,20,1,32,48,,,"CHILE:  COQUIMBO, LA SERENA",-30.04,-71.382,63,6.7,,2,1,,,,,100,4,,,1061,4,2,1,,,,,100,4,,,1061,4
,2019,1,26,12,33,23,,,"COLOMBIA:  CAUCA, HUILA",3.035,-75.738,10,5.6,,1,1,,,,,,1,,,,2,1,1,,,,,,1,,,,2
,2019,2,1,10,23,54,,,INDIA:  MAHARASHTRA:  PALGHAR,19.9,72.8,5,3.6,,1,1,,,,,,1,,,,,1,1,,,,,,1,,,,
,2019,2,22,10,18,17,,,"ECUADOR: AZUAY, MANABI, MORONA SANT.; PERU",-2.186,-77.051,145,7.5,,1,1,,,9,1,,2,5,1,75,1,1,1,,,9,1,,2,5,1,75,1
,2019,2,25,5,16,25,,,CHINA:  SICHUAN PROVINCE: RONGXIAN,29.47,104.609,10,4.9,,2,1,,,12,1,2,2,9,1,10911,4,2,1,,,12,1,2,2,9,1,10911,4
,2019,3,1,8,50,42,,,PERU:  AREQUIPA,-14.713,-70.155,267,7,,1,1,,,2,1,,1,1,1,17,1,1,1,,,2,1,,1,1,1,17,1
,2019,3,17,7,7,25,,,INDONESIA:  LOMBOK ISLAND,-8.418,116.521,10,5.6,,6,1,,,182,3,,2,843,3,3613,4,6,1,,,182,3,,2,843,3,3613,4
,2019,3,21,9,15,40,,,"TANZANIA:  SONGWE, MBEYA",-7.914,32.109,22,5.5,,1,1,,,,,,1,4,1,,1,1,1,,,,,,1,4,1,,1
,2019,4,18,5,1,6,,,TAIWAN:  HUALIEN,23.989,121.693,20,6.1,,1,1,,,16,1,,1,,,,,1,1,,,16,1,,1,,,,
,2019,4,22,9,11,11,,,PHILIPPINES:  PAMPANGA PROVINCE,14.924,120.497,20,6.1,,18,1,3,1,183,3,50,4,1046,4,3329,4,18,1,3,1,183,3,50,4,1046,4,3329,4
,2019,5,26,7,41,14,,,"PERU:  LA LIBERTAD, CAJAMARCA; ECUADOR",-5.796,-75.298,110,8,,2,1,,,30,1,50,4,,3,,3,2,1,,,30,1,50,4,,3,,3
,2019,5,30,9,3,32,,,EL SALVADOR:  SAN SALVADOR,13.199,-89.306,58,6.6,,1,1,,,1,1,,1,,,2,1,1,1,,,1,1,,1,,,2,1
,2019,6,17,14,55,45,,,CHINA:  SICHUAN:  YIBIN,28.405,104.957,10,5.8,,13,1,,,200,3,1300,4,,,12700,4,13,1,,,200,3,1300,4,,,12700,4
,2019,7,4,17,33,49,,,CALIFORNIA:  RIDGECREST;  NEVADA,35.705,-117.506,11,6.4,,1,1,,,,1,50,4,,,,1,1,1,,,,1,50,4,,,,1
,2019,7,8,7,0,31,,,IRAN:  MASJED-E SOLEYMAN,31.775,49.542,10,5.7,,1,1,,,128,3,,1,,,,1,1,1,,,128,3,,1,,,,1
,2019,7,9,12,37,1,,,"PHILIPPINES:  MINDANAO:  MAKILALA, TULUNAN",6.802,125.169,24,5.6,,1,1,,,3,1,,1,,,119,3,1,1,,,3,1,,1,,,119,3
,2019,7,14,9,10,50,,,INDONESIA:  MOLUCCA ISLANDS:  N,-0.529,128.093,10,7.3,,8,1,,,134,3,,2,1176,4,1158,4,8,1,,,134,3,,2,1176,4,1158,4
,2019,7,24,19,33,15,,,INDIA:  MAHARASHTRA:  PALGHAR,20,72.9,10,3.8,,1,1,,,,1,,1,,,,1,1,1,,,,1,,1,,,,1
,2019,7,26,23,37,58,,,PHILIPPINES:  BATANES:  ITBAYAT,20.807,121.986,10,6,,9,1,,,64,2,0.925,1,,,266,3,9,1,,,64,2,0.925,1,,,266,3
,2019,8,2,12,3,27,5870,,INDONESIA:  JAVA:  BANTEN,-7.282,104.791,49,6.9,,8,1,,,8,1,,2,13,1,458,3,8,1,,,8,1,,2,13,1,458,3
,2019,9,7,22,42,14,,,CHINA:  SICHUAN PROVINCE: NEIJIANG,29.573,105.064,10,5.1,,1,1,,,63,2,,2,132,3,5041,4,1,1,,,63,2,,2,132,3,5041,4
,2019,9,24,11,1,55,,,PAKISTAN:  MIRPUR DISTRICT,33.106,73.766,10,5.6,,39,1,,,746,3,17,3,1756,4,5709,4,39,1,,,746,3,17,3,1756,4,5709,4
,2019,9,25,23,46,44,,,INDONESIA:  MALUKU:  AMBON,-3.45,128.347,18,6.5,,31,1,,,179,3,,3,,1,2675,2,31,1,,,179,3,,3,,1,2675,4
,2019,9,26,10,59,26,,,TURKEY:  ISTANBUL,40.89,28.173,10,5.7,,1,1,,,34,1,,2,,,473,3,1,1,,,34,1,,2,,,473,3
,2019,10,10,4,39,48,,,INDONESIA:  PASSO,-3.65,128.216,54,5,7,1,1,,,2,1,,2,,,,1,1,1,,,2,1,,2,,,,1
,2019,10,16,11,37,6,,,"PHILIPPINES:  MINDANAO:  COTABATO, DAVAO",6.712,125.005,14,6.4,7,7,1,,,215,3,,3,506,3,2664,4,7,1,,,215,3,,3,506,3,2664,4
,2019,10,29,1,4,44,,,"PHILIPPINES:  MINDANAO:  COTABATO, DAVAO",6.802,125.04,15,6.6,,12,1,,,417,3,,3,22363,4,12119,4,13,1,,1,562,3,,3,23303,4,15306,4
,2019,10,31,1,11,19,,,"PHILIPPINES:  COTABATO, SULTAN KUDARAT",6.91,125.156,10,6.5,,9,1,,,,1,,2,,3,,3,10,1,,1,,1,,2,,3,,3
,2019,11,7,22,47,5,,,IRAN: MIYANEH,37.808,47.558,10,,,5,1,,,584,3,,2,,1,,1,5,1,,,584,3,,2,,1,,1
,2019,11,12,10,10,44,,,INDONESIA:  MALUKU:  AMBON,-3.61,128.299,50,5,,2,1,,,3,1,,1,,1,,,2,1,,,3,1,,1,,1,,
,2019,11,14,16,17,40,5733,,INDONESIA:  MOLUCCA ISLANDS:  N,1.6,126.416,33,7.1,,1,1,,,3,1,,1,,,36,1,1,1,,,3,1,,1,,,36,1
,2019,11,25,1,18,21,,,CHINA:  GUANGXI PROVINCE,22.96,106.711,10,5,,1,1,,,4,1,,1,,,,1,1,1,,,4,1,,1,,,,1
,2019,11,26,2,54,12,,,"ALBANIA:  DURRES, THUMANE, TIRANA",41.521,19.559,20,6.4,,51,2,,,2000,4,1081,4,11000,4,83000,4,51,2,,,2000,4,1081,4,11000,4,83000,4
,2019,12,15,6,11,52,,,PHILIPPINES:  MINDANAO:  DAVAO,6.708,125.188,22,6.8,,13,1,1,1,210,3,,4,4546,4,21495,4,13,1,1,1,210,3,,4,4546,4,21495,4
,2020,1,7,8,24,26,5736,,"PUERTO RICO:  PONCE,SAN JUAN",17.916,-66.813,10,6.4,8,4,1,,,,1,800,4,300,3,1390,4,4,1,,,,1,800,4,300,3,1390,4
,2020,1,19,13,27,56,,,CHINA:  XINJIANG PROVINCE,39.831,77.106,6,6,,1,1,,,2,1,,3,,,,4,1,1,,,2,1,,3,,,,4
,2020,1,24,17,55,14,,,TURKEY:  ELAZIG AND MALATYA PROVINCES,38.39,39.081,12,6.7,,41,1,,,1600,4,,4,76,2,,4,41,1,,,1600,4,,4,76,2,,4
,2020,2,23,16,0,31,,,TURKEY: VAN;  IRAN,38.482,44.367,10,6,,10,1,,,60,2,,2,255,3,600,3,10,1,,,60,2,,2,255,3,600,3
,2020,3,22,5,24,3,,,BALKANS NW:  CROATIA:  ZAGREB,45.897,15.966,10,5.4,8,1,1,,,27,1,1800,4,6305,4,20000,4,1,1,,,27,1,1800,4,6305,4,20000,4
,2020,5,18,13,48,3,,,CHINA:   YUNNAN PROVINCE:  QIAOJIA,27.296,103.281,10,5.2,,4,1,,,24,1,,2,,1,,,4,1,,,24,1,17,3,,1,,
,2020,6,14,14,24,29,,,TURKEY:  BINGOL,39.421,40.697,10,5.9,,1,1,,,35,1,,2,,,,1,1,1,,,35,1,,2,,,,1
,2020,6,23,15,29,5,5751,,MEXICO: OAXACA,16.029,-95.901,26,7.4,,10,1,,,24,1,75,4,,,8123,4,10,1,,,24,1,75,4,,,8123,4
,2020,7,17,2,50,23,,,"PAPUA NEW GUINEA:  MOROBE, ORO",-7.843,147.766,80,7,,1,1,,,1,1,,1,,,12,1,1,1,,,1,1,,1,,,12,1
,2020,8,18,0,3,48,,,PHILIPPINES:  MASBATE,12.021,124.123,10,6.6,7,2,1,,,50,1,0.57,1,138,3,1167,4,2,1,,,50,1,0.57,1,138,3,1167,4
,2020,10,30,11,51,27,5757,,GREECE:  SAMOS; TURKEY:  IZMIR,37.918,26.79,21,7,8,117,3,,,1054,4,400,4,,4,,4,118,3,,,1054,4,400,4,,4,,4
,2020,12,29,11,19,54,,,BALKANS NW:  CROATIA:  PETRINJA,45.422,16.255,10,6.4,9,8,1,,,36,1,4187,4,1500,4,46000,4,8,1,,,36,1,4187,4,1500,4,46000,4
,2021,1,14,18,28,18,,,"INDONESIA:  SULAWESI:  MAMUJU, MAJENE",-2.976,118.901,18,6.2,9,105,3,3,1,6489,4,58.7,4,1150,4,7863,4,105,3,3,1,6489,4,58.7,4,1150,4,7863,4
,2021,2,13,14,7,50,5823,,JAPAN:  OFF FUKUSHIMA,37.745,141.749,49,7.1,9,1,1,,,186,3,7700,4,798,3,19758,4,1,1,,,186,3,7700,4,798,3,19758,4
,2021,2,17,18,35,35,,,"IRAN: ESFAHAN, KOHGILUYEH, BOYER-AHMAD",30.839,51.365,7,5.4,8,2,1,,,63,2,10,3,,,,,2,1,,,63,2,10,3,,,,
,2021,3,1,22,57,40,,,"COLOMBIA: MEDELLIN, BETULIA",6.239,-76.098,10,5.1,9,2,1,,,,,,1,,1,,1,2,1,,,,,,1,,1,,1
,2021,3,23,21,14,18,,,CHINA: XINGJIANG: AKSU,41.812,81.155,10,5.4,,3,1,,,,,,2,,,65,2,3,1,,,,,,2,,,65,2
,2021,4,10,7,0,17,,,"INDONESIA: JAVA: LUMAJANG, MALANG",-8.562,112.519,82,6,5,10,1,,,39,1,,3,85,2,3024,4,10,1,,,39,1,,3,85,2,3024,4
,2021,4,28,2,21,26,,,INDIA:  ASSAM,26.782,92.436,34,6,9,2,1,,,12,1,,2,,,428,3,2,1,,,12,1,,2,,,428,3
,2021,5,21,13,48,37,,,"CHINA: YUNNAN PROVINCE: YANGBI, YONGPING",25.761,100.011,9,6.1,8,3,1,,,28,1,49,4,,,,,3,3,,,28,1,49,4,,,,
,2021,5,21,18,4,13,,,CHINA: QINGHAI PROVINCE,34.598,98.251,10,7.3,9,20,1,,,300,3,,1,,,,,20,1,,,300,3,,1,,,,
,2021,6,10,8,54,17,,,CONGO: SOUTH KIVU,-3.086,28.259,10,5,5,2,1,,,,1,,2,,,500,3,2,1,,,,1,,2,,,500,3
,2021,6,23,2,54,18,,,PERU: CANETE: MALA,-12.687,-76.721,50,5.8,7,1,1,,,20,1,,2,6,1,,1,1,1,,,20,1,,2,6,1,,1
,2021,7,10,2,14,43,,,TAJIKISTAN: RASHT; TOJIKOBOD,38.959,70.572,16,5.8,8,5,1,,,,,,1,,1,,,5,1,,,,,,1,,1,,
,2021,8,14,12,29,8,5803,,HAITI,18.408,-73.475,10,7.2,9,2248,4,329,3,12763,4,1600,4,53815,4,83770,4,2248,4,329,3,12763,4,1600,4,53815,4,83770,4
,2021,8,26,2,14,22,,,INDONESIA: CENTRAL SULAWESI: TOJO UNA-UNA,-0.854,121.523,8,5.5,5,1,1,,,,,,1,,1,,,1,1,,,,,,1,,1,,
,2021,9,8,1,47,47,5806,,MEXICO:  GUERRERO,16.982,-99.773,20,7,7,3,1,,,,1,200,4,,,7317,4,3,1,,,,1,200,4,,,7317,4
,2021,9,15,20,33,32,,,CHINA: SICHUAN PROVINCE: LUXIAN (LU),29.182,105.391,10,5.4,7,3,1,,,88,2,250,4,809,3,7290,4,3,1,,,88,2,250,4,809,3,7290,4
,2021,9,27,6,17,22,,,GREECE:  CRETE,35.252,25.26,8,6,8,1,1,,,20,1,,3,772,3,,,1,1,,,20,1,,3,772,3,,
,2021,10,6,22,1,8,,,PAKISTAN: BALOCHISTAN PROVINCE,30.22,68.014,9,5.9,8,42,1,,,229,3,,2,,3,,2,42,1,,,229,3,,2,,3,,2
,2021,10,15,20,18,21,,,"INDONESIA:  BALI: KARANGASEM, BANGLI",-8.356,115.458,10,5.1,8,3,1,,,82,2,,3,366,3,524,3,3,1,,,82,2,,3,366,3,524,3
,2021,11,14,12,8,38,,,IRAN:  HORMOZGAN PROVINCE,27.736,56.077,10,6.3,9,2,1,,,,2,165,4,,,,2,2,1,,,,2,165,4,,,,2
,2022,1,17,11,40,8,,,AFGHANISTAN: BADGHIS: QADIS,34.946,63.58,18,5.3,8,28,1,,,4,1,0.4,1,800,3,,,28,1,,,4,1,0.4,1,800,3,,
,2022,1,24,13,16,23,,,HAITI: NIPPES,18.458,-73.337,10,5.3,7,2,1,,,52,2,,3,190,3,590,3,2,1,,,52,2,,3,190,3,590,3
,2022,2,16,7,12,25,,,"GUATEMALA: BAJA VERAPAZ, GUATEMALA, QUEZALTENANGO",14.193,-91.297,83,6.2,8,3,1,,,2,1,,2,2,1,31,1,3,1,,,2,1,,2,2,1,31,1
,2022,2,25,1,39,27,,,"INDONESIA: W SUMATRA: PASAMAN, WEST PASAMAN",0.233,100.106,12,6.2,9,27,1,,,457,3,1,2,103,3,4800,4,27,1,,,457,3,1,1,103,3,4800,4
,2022,3,16,14,36,33,5832,,JAPAN:  OFF FUKUSHIMA,37.702,141.587,63,7.3,9,4,1,,,247,3,8800,4,217,3,56718,4,4,1,,,247,3,8800,4,217,3,56718,4
,2022,3,27,4,28,13,,,ECUADOR:  ESMERALDAS,0.909,-79.589,26,5.8,8,1,1,,,2,1,,3,779,3,3825,3,1,1,,,2,1,,3,779,3,3825,4
,2022,4,22,21,7,48,,,"BALKANS NW: BOSNIA-HERZEGOVINA: MOSTAR, STOLAC",43.061,18.176,10,5.7,7,1,1,,,2,1,,3,,,350,3,1,1,,,2,1,,3,,,350,3
,2022,5,12,21,55,48,,,"PERU: LIMA, CALLAO, CHILCA",-12.36,-76.89,55,5.4,7,2,1,,,11,1,,1,4,1,4,1,2,1,,,11,1,,1,4,1,4,1
,2022,6,1,9,0,8,,,CHINA: SICHUAN PROVINCE,30.416,102.989,10,5.9,7,4,1,,,41,1,,2,,,,2,4,1,,,41,1,,2,,,,2
,2022,6,21,20,54,36,,,AFGHANISTAN: PAKTIKA PROVINCE; PAKISTAN,33.092,69.514,10,5.9,9,1039,4,,,2949,4,120,4,1900,4,4500,4,1039,4,,,2949,4,120,4,1900,4,4500,4
,2022,7,1,21,32,8,,,IRAN:  HORMOZGAN PROVINCE,26.935,55.254,16,6,,5,1,,,84,2,142,4,,,,3,5,1,,,84,2,142,4,,,,3
,2022,7,14,22,30,12,,,ECUADOR: GUAYAS,-2.04,-79.811,73,5.7,5,1,1,,,,,,2,,,7,1,1,1,,,,,,2,,,7,1
,2022,7,27,0,43,24,5855,,PHILIPPINES: LUZON: ABRA,17.56,120.801,10,7,9,11,1,,,609,3,48.48,4,856,3,35924,4,11,1,,,609,3,48.48,4,856,3,35924,4
,2022,9,4,21,57,35,,,"AFGHANISTAN: KUNAR, LAGHMAN, NANGARHAR",34.662,70.702,10,5.1,7,8,1,,,,,,2,,,,,8,1,,,,,,2,,,,
,2022,9,5,4,52,19,,,CHINA:  SICHUAN PROVINCE,29.726,102.279,10,6.6,9,118,3,,,400,3,835,4,,,,,118,3,,,400,3,835,4,,,,
,2022,9,10,23,46,57,,,"PAPUA NEW GUINEA: MOROBE, EASTERN HIGHLANDS",-6.256,146.469,90,7.6,8,21,1,,,30,1,15,3,1076,4,,,21,1,,,30,1,15,3,1076,4,,
,2022,9,18,6,44,14,,,TAIWAN:  HUALIEN,23.159,121.316,10,6.9,9,1,1,,,140,3,3.7,2,,,,2,1,1,,,140,3,3.7,2,,,,2
,2022,9,19,18,5,6,5859,,"MEXICO:  MICHOACAN, COLIMA, JALISCO",18.367,-103.252,15,7.6,9,2,1,,,10,1,25,4,800,,6084,,2,1,,,10,1,25,4,800,,6084,4
,2022,9,22,6,16,9,5861,,"MEXICO: MEXICO CITY, MICHOACAN",18.308,-102.923,24,6.8,8,3,1,,,5,1,,2,,,,,3,2,,,5,1,,2,,,,
,2022,9,30,19,28,40,,,INDONESIA:  SUMATRA,2.109,98.928,21,5.9,7,1,1,,,,1,,2,,,,,1,1,,,,1,,2,,,,
,2022,11,8,20,27,23,,,NEPAL:  SUDURPASHCHIM PROVINCE,29.274,81.149,18,5.7,7,6,1,,,8,1,,1,,,,1,6,1,,,8,1,,1,,,,1
,2022,11,21,6,21,10,,,INDONESIA: W JAVA: CIANJUR,-6.853,107.095,10,5.6,8,635,3,5,1,,,256,4,13633,4,42645,4,635,3,5,1,,,256,4,13633,4,42645,4
,2022,12,20,10,34,24,,,CALIFORNIA:  HUMBOLDT COUNTY,40.525,-124.423,17,6.4,8,2,1,,,17,1,250,4,150,3,,1,2,1,,,17,1,250,4,150,3,,1
,2023,1,9,17,47,35,5871,,INDONESIA:  BANDA SEA,-7.049,130.038,105,7.6,5,1,1,,,11,1,,2,37,1,327,3,1,1,,,11,1,,2,37,1,327,3
,2023,1,24,8,58,32,,,INDIA: UTTAR PRADESH; NEPAL: SUDURPASHCHIM PROVINCE,29.597,81.652,25,5.6,7,4,1,,,,1,,2,,1,42,1,4,1,,,,1,,2,,1,42,1
,2023,1,28,18,14,45,,,IRAN:  KHVOY (KHOY),38.424,44.909,16,5.9,8,3,1,,,1017,4,255,4,370,3,,4,3,1,,,1017,4,255,4,370,3,,4
,2023,2,6,1,17,35,5873,,TURKEY: KAHRAMANMARAS; SYRIA,37.166,37.042,17,7.8,9,56697,4,,,119200,4,42900,4,542461,4,1474182,4,56697,4,,,119200,4,42900,4,542461,4,1474182,4
,2023,2,9,6,28,0,,,INDONESIA: NEW GUINEA: IRIAN JAYA: JAYAPURA,-2.635,140.557,22,5.1,8,4,1,,,,,,1,15,1,28,1,4,1,,,,,,1,15,1,28,1
,2023,3,18,17,12,52,,,"ECUADOR: AZUAY, EL ORO, GUAYAS;  PERU: TUMBES",-2.837,-79.844,65,6.8,9,15,1,,,495,3,,3,291,3,1050,4,15,1,,,495,3,,3,291,3,1050,4
,2023,3,21,16,47,23,,,AFGHANISTAN: LAGHMAN;  PAKISTAN,36.523,70.979,187,6.5,7,19,1,,,181,3,,2,22,1,803,1,19,1,,,181,3,,2,22,1,803,3
,2023,4,2,18,4,11,,,PAPUA NEW GUINEA: EAST SEPIK,-4.326,143.159,70,7,7,8,1,,,11,1,,2,876,3,,3,8,1,,,11,1,,2,876,3,,3
,2023,5,5,5,42,4,5880,,"JAPAN: HONSHU: ISHIKAWA, TOYAMA",37.54,137.305,8,6.2,8,1,1,,,34,1,,2,3,1,351,3,1,1,,,34,1,,2,3,1,351,3
,2023,6,7,9,53,50,,,"MYANMAR (BURMA): MAUBIN, AYEYARWADY",16.873,95.553,19,4.8,6,3,1,,,1,1,,1,,,,1,3,1,,,1,1,,1,,,,1
,2023,6,30,12,57,42,,,INDONESIA: JAVA: YOGYAKARTA,-8.674,110.041,85,5.8,,1,1,,,25,1,,2,3,1,433,3,1,1,,,25,1,,2,3,1,433,3
,2023,8,17,17,4,49,,,"COLOMBIA: BOGOTA, BOYACA, CUNDINAMARCA, META,",4.418,-73.511,10,6.3,,2,1,,,,,30,4,20,1,252,3,2,1,,,,,30,4,20,1,252,3
,2023,9,8,22,11,1,,,"MOROCCO: MARRAKECH, SAFI",31.073,-8.407,18,6.8,,2946,4,,,5674,4,7000,4,19096,4,40578,4,2946,4,,,5674,4,7000,4,19096,4,40578,4
,2023,10,3,9,21,4,,,NEPAL:  DIPAYAL,29.499,81.253,20,5.7,8,1,1,,,23,1,,2,334,3,1185,4,1,1,,,23,1,,2,334,3,1185,4
,2023,10,7,6,41,3,,,AFGHANISTAN: HERAT,34.61,61.924,14,6.3,,1482,4,,,2100,4,50,4,10002,4,220430,4,1482,4,,,2100,4,50,4,10002,4,220430,4
,2023,10,11,0,41,56,,,AFGHANISTAN: HERAT,34.557,62.045,9,6.3,,3,1,,,164,3,,2,,,,,3,1,,,164,3,,2,,,,
,2023,10,15,3,36,0,,,AFGHANISTAN: HERAT,34.609,62.112,6,6.3,,4,1,,,153,3,,2,,2,,,4,1,,,153,3,,2,,2,,
,2023,11,3,18,2,54,,,"NEPAL:  JAJARKOT, RUKUM WEST",28.848,82.187,16,5.7,,154,3,,,366,3,20,3,26557,4,35455,4,154,3,,,366,3,20,3,26557,4,35455,4
,2023,11,17,8,14,13,,,PHILIPPINES:  MINDANAO:  DAVAO,5.587,125.051,78,6.7,7,11,1,,,37,1,29.27,4,602,3,5983,4,11,1,,,37,1,29.27,4,602,3,5983,4
,2023,12,2,14,37,3,5903,,PHILIPPINES:  MINDANAO:  E,8.527,126.449,32,7.6,7,3,1,,,79,2,22.6,3,390,3,8315,4,3,1,,,79,2,22.6,3,390,3,8315,4
,2023,12,18,15,59,30,,,CHINA:  GANSU PROVINCE: JISHISHAN,35.743,102.827,10,5.9,,151,3,,,967,3,2000,4,15000,4,207000,4,151,3,,,967,3,2000,4,15000,4,207000,4
,2024,1,1,7,10,9,5907,,JAPAN: HONSHU: ISHIKAWA,37.487,137.271,10,7.5,9,549,3,2,1,1393,4,17600,4,29966,4,133758,4,549,3,2,1,1393,4,17600,4,29966,4,133758,4
,2024,1,19,11,26,3,,,COLOMBIA: VALLE DEL CAUCA,4.743,-75.848,65,5.6,8,1,1,,,1,1,,2,,,,3,1,1,,,1,1,,2,,,,3
,2024,1,22,18,9,4,,,CHINA: XINJIANG PROVINCE;  KAZAKHSTAN,41.269,78.649,13,7,,3,1,,,74,2,430,4,,,,,3,1,,,74,2,430,4,,,,
,2024,3,23,20,22,4,,,PAPUA NEW GUINEA: EAST SEPIK,-4.139,143.159,40,6.9,,5,1,,,2,1,,3,1000,4,,,5,1,,,2,1,,3,1000,4,,
,2024,4,2,23,58,11,5919,,TAIWAN:  HUA-LIEN,23.819,121.562,34,7.4,,20,1,,,1145,4,2500,4,111,3,297,3,20,1,,,1145,4,2500,4,111,3,297,3
,2024,4,27,16,29,50,,,INDONESIA: JAVA: BANDUNG,-8.005,107.28,59,6.1,8,1,1,,,12,1,,3,14,1,546,3,1,1,,,12,1,,3,14,1,546,3
,2024,6,18,9,54,49,,,IRAN: KASHMAR,35.261,58.458,10,4.9,,4,1,,,120,3,,2,,,,,4,1,,,120,3,,2,,,,
,2024,7,19,1,50,47,,,CHILE:  NORTHERN,-23.047,-67.782,117,7.4,6,1,1,,,,,,2,,,,,1,1,,,,,,2,,,,
,2024,8,12,20,55,59,,,SYRIA; LEBANON,35.121,37.015,7,5.2,,2,1,,,65,2,,2,,,,,2,1,,,65,2,,2,,,,3
,2024,9,7,1,51,40,,,INDONESIA:  BALI,-8.437,115.337,10,4.9,6,1,1,,,3,1,,1,,,10,1,1,1,,,3,1,,1,,,10,1
,2024,9,18,2,41,6,,,INDONESIA: JAVA: BANDUNG,-7.242,107.566,10,5,,2,1,,,139,3,30,4,784,3,5379,4,2,1,,,139,3,30,4,784,3,5379,4
,2024,12,17,1,47,26,5942,,"VANUATU ISLANDS:  EFATE, PORT VILA",-17.686,168.034,57,7.3,,14,1,,,265,3,100,4,,,570,3,14,1,,,265,3,100,4,,,570,3
,2025,1,4,0,52,21,,,"ETHIOPIA: AFAR, OROMIA, AMAHARA",9.459,40.122,8,5.7,,2,1,,,,1,,3,,,360,3,2,1,,,,1,,3,,,360,3
,2025,1,7,1,5,16,,,CHINA:  TIBET (XIZANG PROVINCE),28.639,87.361,10,7.1,,134,3,,,188,3,,4,3612,4,23588,,134,3,,,188,3,,4,3612,4,23588,4
,2025,3,17,22,23,37,,,INDONESIA: N SUMATERA: TAPANULI,1.898,99.135,50,5.4,5,1,1,,,1,1,,1,,,,1,1,1,,,1,1,,1,,,,1
,2025,3,28,6,20,52,,,MYANMAR (BURMA); THAILAND,22.011,95.936,10,7.7,10,3815,4,116,3,5145,4,10970,4,12441,4,44535,4,3815,4,116,3,5145,4,10970,4,12441,4,44535,4
,2025,4,13,4,24,1,,,TAJIKISTAN:  RASHT,39.014,70.663,12,5.8,,1,1,,,16,1,,2,67,2,521,3,1,1,,,16,1,,2,67,2,521,3
,2025,6,15,16,35,30,,,"PERU:  LIMA, CALLAO",-12.147,-77.315,53,5.6,4,1,1,,,135,3,,2,21,1,147,3,1,1,,,135,3,,2,21,1,147,3
,2025,7,8,21,41,30,,,"GUATEMALA: GUATEMALA CITY, ESCUINTLA, SACATEPEQUEZ",14.437,-90.661,10,5.7,,7,1,,,11,1,,3,531,3,1942,4,7,1,,,11,1,,3,531,3,1942,4
,2025,7,29,21,25,23,,,EL SALVADOR-GUATEMALA,14.055,-89.883,10,5.7,,1,1,,,,,,3,,,1200,4,1,1,,,,,,3,,,1200,4
,2025,8,10,16,53,47,,,TURKEY: BALIKESIR,39.312,28.069,10,6.1,,1,1,,,29,1,,2,,1,,,1,1,,,29,1,,2,,1,,
,2025,8,16,22,38,52,6046,,INDONESIA:  SULAWESI:  POSO,-1.282,120.727,8,5.8,,1,1,,,41,1,,2,12,1,33,1,1,1,,,41,1,,2,12,1,33,1
,2025,8,31,19,17,34,,,"AFGHANISTAN: KUNAR, NANGARHAR",34.706,70.793,8,6,8,2205,4,,,3640,4,,4,6782,4,,,2205,4,,,3640,4,,4,6782,4,,
,2025,9,30,13,59,43,,,"PHILIPPINES: CEBU, CENTRAL VISAYAS",11.151,124.138,10,6.9,,69,2,,,150,3,,3,,,,,69,2,,,150,3,,3,,,,